Date,Product,Category,Region,Quantity,Sales($)
01-01-2021,Tablet,Mobile,Central,2,788.78
01-01-2021,Smartwatch,Wearables,East,1,235.63
02-01-2021,Keyboard,Accessories,South,1,64.06
03-01-2021,Webcam,Accessories,West,1,76.48
03-01-2021,Monitor,Computers,Central,1,337.47
03-01-2021,Keyboard,Accessories,Central,4,287.66
04-01-2021,Speaker,Audio,East,3,416.67
04-01-2021,Laptop,Computers,Central,1,535.01
04-01-2021,Webcam,Accessories,North,3,243.15
05-01-2021,Speaker,Audio,West,4,497.4
05-01-2021,Keyboard,Accessories,East,1,53.37
06-01-2021,Keyboard,Accessories,West,3,180.44
07-01-2021,Headphones,Accessories,Central,2,219.26
07-01-2021,Smartphone,Mobile,South,1,423.09
07-01-2021,Keyboard,Accessories,West,1,73.01
07-01-2021,Smartphone,Mobile,South,2,943.47
08-01-2021,Headphones,Accessories,South,2,212.51
09-01-2021,Laptop,Computers,Central,2,1259.87
10-01-2021,Laptop,Computers,West,3,1857.36
10-01-2021,Webcam,Accessories,South,2,169.84
12-01-2021,Speaker,Audio,West,3,393.63
12-01-2021,Speaker,Audio,East,4,524.4
13-01-2021,Tablet,Mobile,South,2,771.98
13-01-2021,Speaker,Audio,West,2,271.36
14-01-2021,Keyboard,Accessories,South,3,173.54
14-01-2021,Smartwatch,Wearables,South,3,709.68
15-01-2021,Monitor,Computers,North,3,832
15-01-2021,Smartphone,Mobile,North,3,1492.2
15-01-2021,Tablet,Mobile,East,3,1129.59
16-01-2021,Speaker,Audio,West,2,204.37
16-01-2021,Tablet,Mobile,West,2,785.58
17-01-2021,Keyboard,Accessories,East,2,150.54
17-01-2021,Tablet,Mobile,West,1,374.93
17-01-2021,Smartphone,Mobile,West,2,954.77
17-01-2021,Smartphone,Mobile,West,4,2032.68
18-01-2021,Headphones,Accessories,East,3,272.43
18-01-2021,Mouse,Accessories,South,3,96.87
18-01-2021,Smartwatch,Wearables,East,2,371.94
19-01-2021,Smartwatch,Wearables,North,1,210.72
19-01-2021,Tablet,Mobile,Central,3,1127.04
19-01-2021,Smartwatch,Wearables,South,2,447.14
19-01-2021,Smartphone,Mobile,West,3,1447.03
20-01-2021,Smartphone,Mobile,Central,2,918.73
20-01-2021,Headphones,Accessories,North,4,352.38
20-01-2021,Tablet,Mobile,West,2,710.3
20-01-2021,Mouse,Accessories,East,2,61.93
21-01-2021,Webcam,Accessories,South,2,163.4
21-01-2021,Keyboard,Accessories,West,4,283.56
21-01-2021,Webcam,Accessories,Central,2,157.78
21-01-2021,Smartphone,Mobile,East,2,1156.68
22-01-2021,Headphones,Accessories,East,3,321.65
22-01-2021,Laptop,Computers,Central,2,1193.47
22-01-2021,Laptop,Computers,North,1,728.71
23-01-2021,Smartwatch,Wearables,South,3,627.37
23-01-2021,Keyboard,Accessories,West,1,61.92
24-01-2021,Tablet,Mobile,Central,3,984.7
24-01-2021,Smartwatch,Wearables,South,1,226.93
24-01-2021,Smartphone,Mobile,Central,2,837.87
25-01-2021,Webcam,Accessories,South,3,199.97
26-01-2021,Keyboard,Accessories,South,3,210.63
27-01-2021,Smartphone,Mobile,West,2,1083.74
27-01-2021,Speaker,Audio,East,3,417.84
27-01-2021,Smartphone,Mobile,North,1,427.65
28-01-2021,Tablet,Mobile,West,3,1193.1
29-01-2021,Keyboard,Accessories,South,1,71.26
29-01-2021,Smartwatch,Wearables,South,3,628.53
29-01-2021,Headphones,Accessories,North,3,273.14
29-01-2021,Speaker,Audio,South,1,110.38
30-01-2021,Tablet,Mobile,East,2,669.44
30-01-2021,Smartphone,Mobile,North,2,894.62
31-01-2021,Monitor,Computers,South,4,1205.76
01-02-2021,Headphones,Accessories,South,2,186.73
01-02-2021,Tablet,Mobile,North,1,364.51
02-02-2021,Tablet,Mobile,East,4,1493.8
02-02-2021,Headphones,Accessories,North,3,348.6
02-02-2021,Webcam,Accessories,Central,2,173.98
03-02-2021,Speaker,Audio,West,3,397.17
03-02-2021,Mouse,Accessories,South,3,109.17
03-02-2021,Monitor,Computers,North,2,643.28
03-02-2021,Laptop,Computers,West,4,2193.63
03-02-2021,Keyboard,Accessories,West,4,299.52
03-02-2021,Webcam,Accessories,Central,3,
03-02-2021,Webcam,Accessories,South,2,168.04
03-02-2021,Speaker,Audio,West,3,418.23
03-02-2021,Laptop,Computers,East,2,1465.86
04-02-2021,Smartphone,Mobile,North,2,920.53
05-02-2021,Mouse,Accessories,East,2,73.16
05-02-2021,Webcam,Accessories,West,2,130.34
05-02-2021,Monitor,Computers,Central,1,299.45
05-02-2021,Mouse,Accessories,North,2,67.89
05-02-2021,Smartphone,Mobile,East,1,574.66
06-02-2021,Laptop,Computers,West,3,2073.51
06-02-2021,Laptop,Computers,West,2,1517.18
07-02-2021,Monitor,Computers,East,1,291.92
08-02-2021,Keyboard,Accessories,West,1,72.42
08-02-2021,Headphones,Accessories,Central,1,87.98
09-02-2021,Mouse,Accessories,Central,2,69.74
10-02-2021,Speaker,Audio,East,3,397.55
10-02-2021,Mouse,Accessories,Central,2,68.48
10-02-2021,Laptop,Computers,North,2,1435.52
10-02-2021,Laptop,Computers,West,1,685.85
10-02-2021,Mouse,Accessories,Central,3,100.32
10-02-2021,Keyboard,Accessories,North,4,267.36
10-02-2021,Webcam,Accessories,West,2,153.04
11-02-2021,Speaker,Audio,South,3,423.9
11-02-2021,Monitor,Computers,East,2,627.62
11-02-2021,Speaker,Audio,North,1,114.66
11-02-2021,Webcam,Accessories,North,3,219.89
12-02-2021,Keyboard,Accessories,East,1,70.56
12-02-2021,Tablet,Mobile,East,3,1229.97
12-02-2021,Mouse,Accessories,Central,2,63
13-02-2021,Mouse,Accessories,North,2,71.06
13-02-2021,Smartwatch,Wearables,North,3,582.88
13-02-2021,Laptop,Computers,North,2,1271.77
14-02-2021,Speaker,Audio,Central,3,382.11
14-02-2021,Keyboard,Accessories,East,2,
15-02-2021,Tablet,Mobile,East,2,652.05
16-02-2021,Smartwatch,Wearables,West,3,539.1
16-02-2021,Smartwatch,Wearables,West,1,195.87
17-02-2021,Webcam,Accessories,Central,3,198.54
17-02-2021,Smartwatch,Wearables,East,1,205.63
18-02-2021,Mouse,Accessories,North,3,113.55
18-02-2021,Mouse,Accessories,West,2,55.31
19-02-2021,Headphones,Accessories,West,2,205.5
19-02-2021,Mouse,Accessories,North,1,31.39
19-02-2021,Smartphone,Mobile,South,2,1015.48
20-02-2021,Keyboard,Accessories,Central,3,162.62
20-02-2021,Keyboard,Accessories,South,1,67.18
21-02-2021,Laptop,Computers,West,3,
22-02-2021,Keyboard,Accessories,North,1,59.37
22-02-2021,Keyboard,Accessories,East,2,142.75
22-02-2021,Smartphone,Mobile,Central,3,1687.56
23-02-2021,Speaker,Audio,Central,4,547.2
23-02-2021,Monitor,Computers,North,2,516.24
23-02-2021,Headphones,Accessories,Central,5,482.27
23-02-2021,Tablet,Mobile,West,2,763.6
23-02-2021,Keyboard,Accessories,Central,1,55.14
24-02-2021,Tablet,Mobile,West,4,1407.89
24-02-2021,Laptop,Computers,South,1,767.18
25-02-2021,Keyboard,Accessories,Central,2,135.32
26-02-2021,Monitor,Computers,Central,3,914.91
26-02-2021,Mouse,Accessories,North,3,111.45
27-02-2021,Laptop,Computers,East,5,2763.24
27-02-2021,Monitor,Computers,Central,3,861.68
27-02-2021,Laptop,Computers,East,2,1460.95
28-02-2021,Mouse,Accessories,Central,2,67.73
28-02-2021,Laptop,Computers,East,2,1428.62
01-03-2021,Smartphone,Mobile,West,3,1503.98
02-03-2021,Monitor,Computers,South,4,1350.16
02-03-2021,Monitor,Computers,West,3,1015.08
03-03-2021,Smartphone,Mobile,South,1,445.38
05-03-2021,Headphones,Accessories,South,5,466.84
06-03-2021,Smartwatch,Wearables,West,4,972.32
07-03-2021,Tablet,Mobile,South,1,461.77
07-03-2021,Speaker,Audio,West,3,456.54
07-03-2021,Monitor,Computers,West,2,687.54
07-03-2021,Speaker,Audio,West,4,549.98
08-03-2021,Keyboard,Accessories,Central,3,244.19
08-03-2021,Tablet,Mobile,Central,2,858.44
08-03-2021,Mouse,Accessories,East,1,40.42
08-03-2021,Webcam,Accessories,East,4,368.87
09-03-2021,Tablet,Mobile,Central,2,777.63
10-03-2021,Speaker,Audio,Central,4,546.8
10-03-2021,Smartwatch,Wearables,West,3,692.33
10-03-2021,Laptop,Computers,Central,1,747.57
11-03-2021,Smartphone,Mobile,North,3,1466.54
11-03-2021,Speaker,Audio,West,5,787.95
11-03-2021,Laptop,Computers,Central,2,1562.84
11-03-2021,Smartphone,Mobile,South,4,2202.25
13-03-2021,Monitor,Computers,East,2,664.06
13-03-2021,Smartphone,Mobile,East,1,627.52
14-03-2021,Speaker,Audio,East,1,124.61
15-03-2021,Tablet,Mobile,South,1,413.6
15-03-2021,Mouse,Accessories,East,2,81.24
15-03-2021,Headphones,Accessories,North,1,104.92
16-03-2021,Headphones,Accessories,East,3,351.12
16-03-2021,Headphones,Accessories,South,6,727.08
17-03-2021,Headphones,Accessories,South,4,508
17-03-2021,Headphones,Accessories,South,1,128.29
17-03-2021,Monitor,Computers,West,4,1179.97
18-03-2021,Smartphone,Mobile,West,2,940.64
19-03-2021,Webcam,Accessories,South,3,242.25
19-03-2021,Laptop,Computers,East,1,841.54
20-03-2021,Webcam,Accessories,South,2,175.7
20-03-2021,Tablet,Mobile,Central,3,1140.91
20-03-2021,Tablet,Mobile,Central,2,747.27
20-03-2021,Smartwatch,Wearables,West,2,396.51
21-03-2021,Webcam,Accessories,Central,6,440.88
21-03-2021,Webcam,Accessories,North,2,137.58
21-03-2021,Mouse,Accessories,South,3,129.42
22-03-2021,Mouse,Accessories,West,2,73.24
22-03-2021,Webcam,Accessories,West,1,83.33
22-03-2021,Tablet,Mobile,West,3,1285.18
23-03-2021,Keyboard,Accessories,East,4,272.92
24-03-2021,Webcam,Accessories,South,4,339
24-03-2021,Headphones,Accessories,Central,1,117.55
24-03-2021,Webcam,Accessories,East,1,82.19
24-03-2021,Headphones,Accessories,West,6,703.5
25-03-2021,Keyboard,Accessories,East,3,251.94
25-03-2021,Smartphone,Mobile,East,2,1202.2
25-03-2021,Keyboard,Accessories,East,3,220.32
26-03-2021,Webcam,Accessories,South,4,309.44
27-03-2021,Headphones,Accessories,West,2,213.39
27-03-2021,Smartphone,Mobile,South,4,2074.28
27-03-2021,Keyboard,Accessories,North,2,138.31
27-03-2021,Headphones,Accessories,North,5,553.4
27-03-2021,Laptop,Computers,Central,3,
28-03-2021,Smartwatch,Wearables,North,1,256.31
28-03-2021,Headphones,Accessories,South,3,347.73
28-03-2021,Smartwatch,Wearables,Central,1,268.46
29-03-2021,Headphones,Accessories,Central,3,279.14
29-03-2021,Mouse,Accessories,West,1,34.65
30-03-2021,Speaker,Audio,South,3,445.86
30-03-2021,Mouse,Accessories,Central,2,80.18
30-03-2021,Smartphone,Mobile,North,2,1203.5
31-03-2021,Smartphone,Mobile,South,1,610.19
31-03-2021,Smartwatch,Wearables,East,2,447.56
31-03-2021,Speaker,Audio,West,4,582.04
31-03-2021,Tablet,Mobile,East,5,1996.25
01-04-2021,Headphones,Accessories,South,2,237.01
01-04-2021,Headphones,Accessories,East,3,337.78
01-04-2021,Laptop,Computers,West,1,646.89
01-04-2021,Laptop,Computers,South,1,
02-04-2021,Keyboard,Accessories,West,5,387.99
02-04-2021,Mouse,Accessories,North,2,79.5
02-04-2021,Smartwatch,Wearables,Central,3,761.22
02-04-2021,Smartwatch,Wearables,South,1,208.73
02-04-2021,Speaker,Audio,South,3,456.45
03-04-2021,Keyboard,Accessories,East,1,67.97
03-04-2021,Keyboard,Accessories,South,2,144.74
03-04-2021,Laptop,Computers,South,2,1302.56
03-04-2021,Laptop,Computers,Central,3,2005.65
03-04-2021,Laptop,Computers,East,3,2282.14
04-04-2021,Laptop,Computers,Central,1,860.15
04-04-2021,Speaker,Audio,East,3,391.3
04-04-2021,Mouse,Accessories,East,3,110.11
04-04-2021,Smartwatch,Wearables,East,1,236.5
05-04-2021,Headphones,Accessories,West,1,115.86
05-04-2021,Keyboard,Accessories,West,2,152.04
06-04-2021,Smartphone,Mobile,East,5,2768.85
06-04-2021,Smartphone,Mobile,East,5,2768.85
07-04-2021,Smartphone,Mobile,South,4,2128.54
07-04-2021,Laptop,Computers,East,3,2226.81
07-04-2021,Keyboard,Accessories,East,3,190.54
07-04-2021,Monitor,Computers,West,4,1084.74
08-04-2021,Tablet,Mobile,North,2,898.62
08-04-2021,Smartphone,Mobile,West,2,1213.34
09-04-2021,Headphones,Accessories,South,3,338.43
10-04-2021,Laptop,Computers,East,1,724.81
10-04-2021,Smartwatch,Wearables,East,2,487.38
10-04-2021,Mouse,Accessories,South,3,92.38
10-04-2021,Mouse,Accessories,East,3,119.25
10-04-2021,Speaker,Audio,North,2,272.03
11-04-2021,Smartphone,Mobile,West,1,556.32
11-04-2021,Webcam,Accessories,South,5,464.9
11-04-2021,Webcam,Accessories,West,2,176.68
12-04-2021,Webcam,Accessories,North,3,256.41
12-04-2021,Headphones,Accessories,North,1,104.66
12-04-2021,Keyboard,Accessories,Central,2,135.9
13-04-2021,Smartwatch,Wearables,West,3,702.36
13-04-2021,Speaker,Audio,East,1,161.66
13-04-2021,Laptop,Computers,East,4,3350.6
14-04-2021,Monitor,Computers,South,2,699.62
14-04-2021,Tablet,Mobile,North,2,829.81
14-04-2021,Webcam,Accessories,South,4,321.06
15-04-2021,Speaker,Audio,Central,2,287.86
15-04-2021,Headphones,Accessories,South,3,345.78
15-04-2021,Keyboard,Accessories,West,2,147.37
16-04-2021,Headphones,Accessories,East,3,325.67
17-04-2021,Tablet,Mobile,West,3,1042.42
17-04-2021,Speaker,Audio,South,1,146.67
17-04-2021,Monitor,Computers,South,3,986.13
18-04-2021,Headphones,Accessories,West,2,242.12
19-04-2021,Mouse,Accessories,East,4,172.36
19-04-2021,Smartphone,Mobile,West,2,1096.09
19-04-2021,Laptop,Computers,South,3,2487.18
19-04-2021,Speaker,Audio,Central,4,612.48
20-04-2021,Keyboard,Accessories,East,1,84.15
20-04-2021,Smartphone,Mobile,East,3,1906.56
20-04-2021,Monitor,Computers,North,4,1238.27
21-04-2021,Smartphone,Mobile,West,4,2261.08
21-04-2021,Smartphone,Mobile,Central,2,1156.74
21-04-2021,Smartphone,Mobile,West,4,2242.04
21-04-2021,Laptop,Computers,East,3,2276.82
22-04-2021,Smartwatch,Wearables,West,1,
22-04-2021,Smartwatch,Wearables,West,4,966.24
22-04-2021,Smartphone,Mobile,North,4,2343.72
22-04-2021,Headphones,Accessories,Central,2,198.45
22-04-2021,Headphones,Accessories,Central,4,499
22-04-2021,Smartphone,Mobile,East,3,1753.14
22-04-2021,Headphones,Accessories,Central,2,198.45
22-04-2021,Headphones,Accessories,West,2,226.19
22-04-2021,Headphones,Accessories,Central,1,112.43
22-04-2021,Monitor,Computers,West,1,374.68
24-04-2021,Mouse,Accessories,South,3,103.11
25-04-2021,Mouse,Accessories,Central,3,105.89
25-04-2021,Headphones,Accessories,West,5,590.05
25-04-2021,Tablet,Mobile,East,4,1775.76
25-04-2021,Tablet,Mobile,West,2,933.36
26-04-2021,Headphones,Accessories,Central,2,226.28
26-04-2021,Webcam,Accessories,South,3,258.84
27-04-2021,Smartphone,Mobile,East,3,1457.04
27-04-2021,Speaker,Audio,South,3,389.53
27-04-2021,Smartphone,Mobile,North,4,2240.88
27-04-2021,Webcam,Accessories,North,2,152.69
27-04-2021,Keyboard,Accessories,South,1,85.54
28-04-2021,Monitor,Computers,Central,3,1094.04
28-04-2021,Speaker,Audio,North,2,221.17
29-04-2021,Laptop,Computers,West,3,2582.79
29-04-2021,Webcam,Accessories,East,2,181.83
29-04-2021,Headphones,Accessories,Central,2,236.56
29-04-2021,Headphones,Accessories,North,3,329.49
29-04-2021,Keyboard,Accessories,West,2,144.74
29-04-2021,Headphones,Accessories,South,4,458.2
30-04-2021,Smartwatch,Wearables,West,2,510.24
30-04-2021,Speaker,Audio,North,1,141.75
01-05-2021,Tablet,Mobile,South,1,481.82
02-05-2021,Smartphone,Mobile,North,2,1002.95
02-05-2021,Keyboard,Accessories,South,2,167.42
02-05-2021,Monitor,Computers,North,3,1075.83
03-05-2021,Webcam,Accessories,North,3,265.59
03-05-2021,Speaker,Audio,Central,2,285.37
04-05-2021,Keyboard,Accessories,Central,3,229.53
04-05-2021,Smartwatch,Wearables,East,2,461.92
05-05-2021,Monitor,Computers,West,1,318.32
07-05-2021,Speaker,Audio,East,3,460.44
07-05-2021,Headphones,Accessories,South,3,366.21
08-05-2021,Keyboard,Accessories,West,1,83
08-05-2021,Webcam,Accessories,West,3,228.68
09-05-2021,Smartphone,Mobile,North,3,1710.51
09-05-2021,Smartwatch,Wearables,East,4,976.6
09-05-2021,Tablet,Mobile,South,1,469.47
10-05-2021,Smartwatch,Wearables,East,1,261.5
10-05-2021,Webcam,Accessories,East,4,317.34
11-05-2021,Webcam,Accessories,North,2,177.94
11-05-2021,Smartwatch,Wearables,West,1,241.21
11-05-2021,Webcam,Accessories,Central,4,313.81
11-05-2021,Webcam,Accessories,South,3,274.51
11-05-2021,Mouse,Accessories,Central,3,125.73
11-05-2021,Monitor,Computers,West,1,323.49
12-05-2021,Monitor,Computers,North,2,602.57
13-05-2021,Tablet,Mobile,North,3,1210.46
13-05-2021,Webcam,Accessories,Central,1,83.84
14-05-2021,Smartphone,Mobile,South,2,1257.96
14-05-2021,Smartphone,Mobile,North,2,1197.72
14-05-2021,Smartphone,Mobile,South,2,1257.96
15-05-2021,Headphones,Accessories,South,3,292.78
15-05-2021,Speaker,Audio,East,2,251.45
15-05-2021,Tablet,Mobile,East,2,813.17
16-05-2021,Smartwatch,Wearables,North,3,593.81
16-05-2021,Headphones,Accessories,Central,2,196.54
17-05-2021,Monitor,Computers,Central,3,1095
17-05-2021,Headphones,Accessories,North,1,112.73
18-05-2021,Mouse,Accessories,Central,3,112.16
18-05-2021,Mouse,Accessories,West,4,141.03
18-05-2021,Smartwatch,Wearables,North,2,536.12
18-05-2021,Smartwatch,Wearables,Central,2,447.28
18-05-2021,Smartphone,Mobile,Central,3,1683.84
18-05-2021,Laptop,Computers,East,1,677.46
18-05-2021,Smartphone,Mobile,Central,3,1893.51
18-05-2021,Smartphone,Mobile,Central,3,1660.92
19-05-2021,Smartwatch,Wearables,East,5,1059.21
19-05-2021,Speaker,Audio,South,3,398.74
19-05-2021,Keyboard,Accessories,South,1,62.9
19-05-2021,Laptop,Computers,East,3,2404.14
19-05-2021,Webcam,Accessories,Central,2,157.73
20-05-2021,Mouse,Accessories,West,3,101.82
20-05-2021,Smartphone,Mobile,Central,4,1879.21
20-05-2021,Tablet,Mobile,South,1,446.83
22-05-2021,Webcam,Accessories,South,3,245.7
22-05-2021,Tablet,Mobile,South,4,1631.77
22-05-2021,Mouse,Accessories,East,3,89.3
22-05-2021,Smartwatch,Wearables,West,3,737.79
23-05-2021,Mouse,Accessories,West,3,116.07
24-05-2021,Smartwatch,Wearables,North,3,623.19
24-05-2021,Keyboard,Accessories,Central,1,76.73
25-05-2021,Speaker,Audio,East,3,382.51
26-05-2021,Mouse,Accessories,South,2,71.91
27-05-2021,Laptop,Computers,South,4,2919.31
27-05-2021,Smartwatch,Wearables,West,2,512.52
27-05-2021,Smartphone,Mobile,South,2,1291.26
28-05-2021,Keyboard,Accessories,South,1,79.29
28-05-2021,Smartwatch,Wearables,South,2,406.42
28-05-2021,Monitor,Computers,South,2,624.29
29-05-2021,Webcam,Accessories,East,3,260.04
29-05-2021,Speaker,Audio,South,3,469.83
30-05-2021,Laptop,Computers,Central,1,823.85
30-05-2021,Keyboard,Accessories,East,1,78.95
30-05-2021,Headphones,Accessories,West,3,294.67
30-05-2021,Laptop,Computers,South,3,2337.88
30-05-2021,Monitor,Computers,Central,2,651.66
31-05-2021,Laptop,Computers,East,5,3992.9
31-05-2021,Laptop,Computers,South,3,2062.85
31-05-2021,Mouse,Accessories,North,1,39.61
02-06-2021,Monitor,Computers,South,1,309.62
02-06-2021,Headphones,Accessories,South,2,241.24
02-06-2021,Webcam,Accessories,East,4,340.4
03-06-2021,Monitor,Computers,South,2,667.01
03-06-2021,Keyboard,Accessories,Central,3,248.37
03-06-2021,Smartwatch,Wearables,East,2,450.79
04-06-2021,Laptop,Computers,North,4,2663.56
04-06-2021,Tablet,Mobile,Central,1,481.71
04-06-2021,Tablet,Mobile,South,4,1350.3
06-06-2021,Smartphone,Mobile,Central,3,1336.94
06-06-2021,Webcam,Accessories,West,1,69.49
07-06-2021,Smartwatch,Wearables,East,2,474.16
07-06-2021,Headphones,Accessories,West,1,99.82
08-06-2021,Mouse,Accessories,West,5,192.55
08-06-2021,Monitor,Computers,West,3,1061.43
09-06-2021,Smartphone,Mobile,West,3,1662.03
09-06-2021,Speaker,Audio,Central,1,151.67
09-06-2021,Laptop,Computers,South,4,2761.09
10-06-2021,Headphones,Accessories,South,2,192.32
10-06-2021,Keyboard,Accessories,West,3,258
10-06-2021,Speaker,Audio,East,2,230.78
11-06-2021,Speaker,Audio,West,3,426.41
11-06-2021,Mouse,Accessories,East,3,125.58
12-06-2021,Smartphone,Mobile,South,2,1278.88
12-06-2021,Laptop,Computers,South,4,3231.8
12-06-2021,Webcam,Accessories,East,1,90.65
14-06-2021,Speaker,Audio,Central,4,472.84
15-06-2021,Monitor,Computers,Central,2,651.36
15-06-2021,Laptop,Computers,North,2,1679.06
16-06-2021,Keyboard,Accessories,East,3,178.73
16-06-2021,Headphones,Accessories,East,2,205.23
16-06-2021,Speaker,Audio,South,2,299.04
16-06-2021,Keyboard,Accessories,West,4,278.57
16-06-2021,Smartphone,Mobile,Central,2,1169
17-06-2021,Keyboard,Accessories,West,3,220.11
17-06-2021,Mouse,Accessories,North,3,109.34
17-06-2021,Webcam,Accessories,North,2,169.44
17-06-2021,Smartwatch,Wearables,West,2,392.26
18-06-2021,Smartphone,Mobile,South,2,924.45
18-06-2021,Monitor,Computers,South,2,648.98
18-06-2021,Smartphone,Mobile,South,2,1133.66
18-06-2021,Smartwatch,Wearables,Central,2,442.96
19-06-2021,Mouse,Accessories,Central,4,143.04
19-06-2021,Keyboard,Accessories,North,1,71.91
20-06-2021,Tablet,Mobile,East,4,1906.84
20-06-2021,Smartwatch,Wearables,West,1,215.87
20-06-2021,Smartphone,Mobile,East,1,508.01
20-06-2021,Headphones,Accessories,Central,2,233.44
21-06-2021,Tablet,Mobile,East,5,2266.61
21-06-2021,Webcam,Accessories,West,2,160.36
22-06-2021,Keyboard,Accessories,West,4,304.4
22-06-2021,Webcam,Accessories,South,4,334.96
22-06-2021,Tablet,Mobile,Central,2,702.72
22-06-2021,Monitor,Computers,West,2,712.82
22-06-2021,Laptop,Computers,Central,2,1675.66
23-06-2021,Smartphone,Mobile,North,5,2597.99
23-06-2021,Laptop,Computers,South,3,2586
23-06-2021,Tablet,Mobile,West,4,1468.96
23-06-2021,Tablet,Mobile,East,1,474.62
23-06-2021,Tablet,Mobile,North,2,847.54
23-06-2021,Webcam,Accessories,South,1,80.22
23-06-2021,Monitor,Computers,East,1,321.45
24-06-2021,Keyboard,Accessories,Central,1,81.26
24-06-2021,Speaker,Audio,Central,4,598.08
25-06-2021,Tablet,Mobile,North,2,859.98
25-06-2021,Monitor,Computers,South,4,1408.05
25-06-2021,Mouse,Accessories,North,3,99.94
25-06-2021,Laptop,Computers,North,3,2227.5
25-06-2021,Smartphone,Mobile,South,2,1227.32
26-06-2021,Smartwatch,Wearables,South,4,809.23
26-06-2021,Keyboard,Accessories,North,4,323.8
27-06-2021,Smartwatch,Wearables,West,3,764.66
27-06-2021,Mouse,Accessories,East,2,75.85
28-06-2021,Smartwatch,Wearables,East,2,503.16
28-06-2021,Tablet,Mobile,West,2,920.66
28-06-2021,Monitor,Computers,West,1,352.32
28-06-2021,Smartphone,Mobile,South,2,1020.6
30-06-2021,Monitor,Computers,East,2,685.5
30-06-2021,Smartphone,Mobile,East,3,1696.41
01-07-2021,Headphones,Accessories,West,4,367.78
01-07-2021,Tablet,Mobile,North,1,342.85
02-07-2021,Speaker,Audio,East,1,128.4
02-07-2021,Smartphone,Mobile,West,2,865.24
03-07-2021,Mouse,Accessories,East,1,35.75
03-07-2021,Keyboard,Accessories,East,1,66.93
04-07-2021,Keyboard,Accessories,Central,2,
04-07-2021,Tablet,Mobile,North,2,701.84
04-07-2021,Monitor,Computers,East,1,301.23
04-07-2021,Headphones,Accessories,East,2,188.02
04-07-2021,Keyboard,Accessories,North,2,142.46
04-07-2021,Keyboard,Accessories,East,2,118.69
05-07-2021,Keyboard,Accessories,North,1,54.23
05-07-2021,Speaker,Audio,West,1,98.24
05-07-2021,Keyboard,Accessories,East,2,
05-07-2021,Webcam,Accessories,East,2,149.36
05-07-2021,Laptop,Computers,West,2,1104.15
06-07-2021,Speaker,Audio,Central,1,134.5
06-07-2021,Smartphone,Mobile,North,2,920.65
06-07-2021,Webcam,Accessories,West,4,231.81
07-07-2021,Laptop,Computers,East,3,1795.96
07-07-2021,Speaker,Audio,South,5,680.35
07-07-2021,Speaker,Audio,South,5,680.35
07-07-2021,Headphones,Accessories,North,3,296.25
07-07-2021,Tablet,Mobile,Central,2,717.84
08-07-2021,Laptop,Computers,West,3,1898.76
08-07-2021,Smartphone,Mobile,South,3,1283.92
10-07-2021,Keyboard,Accessories,East,3,216.66
10-07-2021,Monitor,Computers,West,3,760.72
10-07-2021,Headphones,Accessories,North,1,91
10-07-2021,Mouse,Accessories,North,2,64.66
11-07-2021,Webcam,Accessories,South,1,72.94
11-07-2021,Headphones,Accessories,South,3,263.45
11-07-2021,Headphones,Accessories,South,4,339.05
12-07-2021,Monitor,Computers,East,3,832.14
13-07-2021,Monitor,Computers,North,3,876.93
13-07-2021,Laptop,Computers,West,2,1376.72
13-07-2021,Mouse,Accessories,Central,2,50.75
13-07-2021,Smartphone,Mobile,West,2,1095.48
13-07-2021,Webcam,Accessories,West,2,163.74
14-07-2021,Smartphone,Mobile,South,2,1007.42
14-07-2021,Keyboard,Accessories,East,3,196.23
14-07-2021,Keyboard,Accessories,East,2,116.82
15-07-2021,Webcam,Accessories,North,3,212.55
15-07-2021,Tablet,Mobile,South,1,381
15-07-2021,Webcam,Accessories,South,2,132.84
15-07-2021,Webcam,Accessories,North,2,154.7
15-07-2021,Speaker,Audio,West,2,258.66
15-07-2021,Mouse,Accessories,Central,2,69.34
16-07-2021,Keyboard,Accessories,South,1,71.94
16-07-2021,Monitor,Computers,Central,2,632.04
17-07-2021,Smartphone,Mobile,Central,2,980.66
17-07-2021,Monitor,Computers,South,2,554.54
18-07-2021,Monitor,Computers,North,2,558.81
18-07-2021,Laptop,Computers,Central,3,1704.72
18-07-2021,Laptop,Computers,South,3,1943.13
18-07-2021,Smartphone,Mobile,South,2,880.79
19-07-2021,Smartwatch,Wearables,Central,2,422.77
19-07-2021,Headphones,Accessories,North,2,187.68
20-07-2021,Keyboard,Accessories,South,2,134.75
20-07-2021,Headphones,Accessories,West,3,229.34
20-07-2021,Keyboard,Accessories,Central,1,58.99
21-07-2021,Smartphone,Mobile,North,1,501.92
21-07-2021,Smartphone,Mobile,North,1,501.92
22-07-2021,Monitor,Computers,South,1,286.06
22-07-2021,Tablet,Mobile,North,2,763.6
22-07-2021,Headphones,Accessories,Central,3,244.39
22-07-2021,Mouse,Accessories,Central,3,98.55
23-07-2021,Tablet,Mobile,Central,1,387.41
23-07-2021,Monitor,Computers,East,1,274.77
23-07-2021,Headphones,Accessories,South,4,401.68
23-07-2021,Mouse,Accessories,North,1,33.35
24-07-2021,Keyboard,Accessories,West,3,195.12
24-07-2021,Speaker,Audio,West,2,262.46
25-07-2021,Headphones,Accessories,South,1,98.84
25-07-2021,Webcam,Accessories,East,1,74.6
25-07-2021,Headphones,Accessories,East,4,431.88
25-07-2021,Tablet,Mobile,North,2,711.67
26-07-2021,Tablet,Mobile,North,3,940.06
26-07-2021,Mouse,Accessories,North,2,65.87
27-07-2021,Webcam,Accessories,South,1,81.25
27-07-2021,Smartwatch,Wearables,South,2,353.43
28-07-2021,Tablet,Mobile,North,1,377.05
29-07-2021,Laptop,Computers,Central,3,1806.42
29-07-2021,Smartwatch,Wearables,East,1,204.97
30-07-2021,Keyboard,Accessories,Central,1,58.54
30-07-2021,Webcam,Accessories,East,1,65.47
30-07-2021,Laptop,Computers,Central,3,1731.32
31-07-2021,Laptop,Computers,North,4,2855.68
31-07-2021,Webcam,Accessories,East,2,154.08
31-07-2021,Smartphone,Mobile,West,2,909.25
01-08-2021,Mouse,Accessories,North,5,138.88
01-08-2021,Smartwatch,Wearables,Central,1,181.03
01-08-2021,Tablet,Mobile,East,3,1176.45
02-08-2021,Laptop,Computers,West,3,1752.84
02-08-2021,Laptop,Computers,East,3,2045.7
03-08-2021,Monitor,Computers,South,2,464.91
04-08-2021,Smartphone,Mobile,South,2,883.57
04-08-2021,Monitor,Computers,West,1,307.93
04-08-2021,Headphones,Accessories,South,1,98.28
05-08-2021,Monitor,Computers,Central,3,856.58
05-08-2021,Tablet,Mobile,West,2,669.26
06-08-2021,Monitor,Computers,South,2,581.55
06-08-2021,Smartphone,Mobile,East,2,846.79
06-08-2021,Smartwatch,Wearables,East,1,189.73
07-08-2021,Smartphone,Mobile,South,1,491.74
07-08-2021,Laptop,Computers,West,1,732.06
08-08-2021,Tablet,Mobile,East,1,381.12
08-08-2021,Laptop,Computers,North,2,1127.21
08-08-2021,Tablet,Mobile,West,1,403.26
08-08-2021,Mouse,Accessories,South,3,109.56
09-08-2021,Laptop,Computers,South,1,652.85
09-08-2021,Speaker,Audio,West,3,338.52
09-08-2021,Speaker,Audio,North,2,224.8
09-08-2021,Laptop,Computers,North,3,1646.84
09-08-2021,Mouse,Accessories,South,1,33.55
09-08-2021,Webcam,Accessories,West,2,148.58
09-08-2021,Laptop,Computers,East,4,2151.1
10-08-2021,Monitor,Computers,Central,1,316.19
10-08-2021,Mouse,Accessories,South,3,87.7
10-08-2021,Mouse,Accessories,West,2,68.7
10-08-2021,Laptop,Computers,North,1,558.63
10-08-2021,Speaker,Audio,North,2,239.38
11-08-2021,Smartphone,Mobile,West,2,792.69
12-08-2021,Smartphone,Mobile,Central,3,1441.84
12-08-2021,Smartphone,Mobile,South,2,992.46
12-08-2021,Tablet,Mobile,East,2,820.5
12-08-2021,Webcam,Accessories,West,3,193.9
12-08-2021,Speaker,Audio,Central,1,136.01
12-08-2021,Mouse,Accessories,Central,5,158.2
14-08-2021,Laptop,Computers,North,3,2177.82
15-08-2021,Laptop,Computers,East,3,1963.65
16-08-2021,Mouse,Accessories,Central,3,96.96
16-08-2021,Mouse,Accessories,West,2,63.5
16-08-2021,Smartwatch,Wearables,South,2,414.66
16-08-2021,Smartwatch,Wearables,Central,3,577.18
16-08-2021,Webcam,Accessories,East,1,77.79
17-08-2021,Headphones,Accessories,Central,2,209.78
17-08-2021,Monitor,Computers,Central,2,495.06
17-08-2021,Smartphone,Mobile,West,2,891.29
18-08-2021,Monitor,Computers,East,2,595.82
19-08-2021,Mouse,Accessories,North,1,32.09
19-08-2021,Headphones,Accessories,West,1,90.15
20-08-2021,Monitor,Computers,West,1,280
20-08-2021,Speaker,Audio,North,2,272.82
20-08-2021,Webcam,Accessories,North,3,232.56
20-08-2021,Keyboard,Accessories,West,3,212.31
21-08-2021,Keyboard,Accessories,East,2,122.76
22-08-2021,Mouse,Accessories,East,3,110.04
23-08-2021,Smartphone,Mobile,South,2,833.02
24-08-2021,Smartwatch,Wearables,Central,2,408.64
25-08-2021,Smartwatch,Wearables,South,3,601.13
26-08-2021,Keyboard,Accessories,Central,1,54.26
26-08-2021,Keyboard,Accessories,West,3,200.24
26-08-2021,Smartphone,Mobile,South,1,467.18
26-08-2021,Smartphone,Mobile,North,1,515.31
26-08-2021,Speaker,Audio,East,1,128.63
26-08-2021,Webcam,Accessories,North,2,149.5
26-08-2021,Smartphone,Mobile,South,2,823.89
27-08-2021,Mouse,Accessories,North,2,60.17
27-08-2021,Smartwatch,Wearables,North,1,223.85
28-08-2021,Smartphone,Mobile,West,2,969.44
28-08-2021,Mouse,Accessories,Central,1,26.95
28-08-2021,Webcam,Accessories,East,3,197.26
28-08-2021,Smartwatch,Wearables,East,1,194.95
28-08-2021,Laptop,Computers,East,3,1734.88
29-08-2021,Smartwatch,Wearables,South,1,205.96
29-08-2021,Mouse,Accessories,South,3,90.37
29-08-2021,Smartphone,Mobile,West,1,446.58
29-08-2021,Tablet,Mobile,Central,1,313.97
29-08-2021,Tablet,Mobile,West,1,345.44
29-08-2021,Webcam,Accessories,East,1,64.3
29-08-2021,Webcam,Accessories,North,1,72.83
29-08-2021,Headphones,Accessories,South,2,159.26
30-08-2021,Mouse,Accessories,South,1,36.03
30-08-2021,Mouse,Accessories,North,2,52.38
31-08-2021,Webcam,Accessories,North,3,185.79
31-08-2021,Smartwatch,Wearables,East,4,830.76
01-09-2021,Mouse,Accessories,North,2,75.98
01-09-2021,Speaker,Audio,West,4,644.68
02-09-2021,Webcam,Accessories,South,1,95.92
02-09-2021,Webcam,Accessories,North,2,188.48
02-09-2021,Tablet,Mobile,South,1,436.31
03-09-2021,Laptop,Computers,West,1,630.71
03-09-2021,Tablet,Mobile,East,3,1153.3
03-09-2021,Keyboard,Accessories,Central,1,78.77
03-09-2021,Smartphone,Mobile,North,1,593.26
04-09-2021,Headphones,Accessories,Central,5,610.95
04-09-2021,Mouse,Accessories,South,4,154.76
04-09-2021,Webcam,Accessories,South,2,166.08
04-09-2021,Smartwatch,Wearables,North,1,214.94
05-09-2021,Laptop,Computers,South,3,2306.76
05-09-2021,Speaker,Audio,North,2,280.08
05-09-2021,Keyboard,Accessories,South,1,69.94
05-09-2021,Monitor,Computers,Central,1,373.29
06-09-2021,Webcam,Accessories,North,2,165.65
06-09-2021,Mouse,Accessories,West,2,81.32
07-09-2021,Laptop,Computers,South,3,2195.01
07-09-2021,Smartwatch,Wearables,West,1,235.56
07-09-2021,Laptop,Computers,South,1,782.15
07-09-2021,Speaker,Audio,Central,4,584.48
07-09-2021,Speaker,Audio,South,3,413.15
08-09-2021,Monitor,Computers,East,2,532.46
08-09-2021,Smartphone,Mobile,North,2,1217.08
08-09-2021,Smartwatch,Wearables,West,2,452.78
08-09-2021,Smartwatch,Wearables,West,2,529.46
09-09-2021,Smartphone,Mobile,South,3,1796.73
09-09-2021,Tablet,Mobile,North,3,1235.1
09-09-2021,Tablet,Mobile,Central,3,1295.01
10-09-2021,Monitor,Computers,North,3,979.66
11-09-2021,Webcam,Accessories,East,2,159.03
11-09-2021,Webcam,Accessories,North,4,365.48
12-09-2021,Mouse,Accessories,East,3,96.8
12-09-2021,Mouse,Accessories,Central,2,62.74
12-09-2021,Monitor,Computers,West,2,692.47
12-09-2021,Keyboard,Accessories,Central,3,225.78
13-09-2021,Webcam,Accessories,Central,4,363.62
13-09-2021,Webcam,Accessories,North,3,217.74
13-09-2021,Smartphone,Mobile,South,3,1564.57
14-09-2021,Headphones,Accessories,South,3,355.98
14-09-2021,Headphones,Accessories,West,3,347.03
14-09-2021,Monitor,Computers,North,3,1000.32
14-09-2021,Monitor,Computers,South,2,645.49
16-09-2021,Webcam,Accessories,Central,4,322.09
16-09-2021,Webcam,Accessories,Central,1,95.26
16-09-2021,Smartphone,Mobile,South,2,1093.07
16-09-2021,Smartphone,Mobile,South,3,1331.98
16-09-2021,Mouse,Accessories,North,3,113
16-09-2021,Webcam,Accessories,East,3,262.8
17-09-2021,Keyboard,Accessories,Central,4,328.36
17-09-2021,Smartwatch,Wearables,North,2,426.75
17-09-2021,Webcam,Accessories,Central,3,223.23
17-09-2021,Mouse,Accessories,East,1,39.22
18-09-2021,Webcam,Accessories,East,2,192.56
18-09-2021,Mouse,Accessories,West,1,40.61
18-09-2021,Speaker,Audio,Central,2,287.03
19-09-2021,Smartwatch,Wearables,North,2,391.25
19-09-2021,Mouse,Accessories,East,2,65.99
19-09-2021,Smartwatch,Wearables,North,2,495.18
20-09-2021,Speaker,Audio,North,4,524.45
21-09-2021,Speaker,Audio,South,2,252.28
21-09-2021,Smartphone,Mobile,South,3,1865.91
21-09-2021,Speaker,Audio,Central,2,290.11
23-09-2021,Tablet,Mobile,North,1,434.28
24-09-2021,Speaker,Audio,Central,3,379.37
25-09-2021,Monitor,Computers,South,4,1091.42
25-09-2021,Headphones,Accessories,East,1,111.28
25-09-2021,Monitor,Computers,Central,3,899.56
26-09-2021,Monitor,Computers,Central,2,587.54
26-09-2021,Smartwatch,Wearables,West,2,427.21
26-09-2021,Laptop,Computers,West,3,2457
27-09-2021,Headphones,Accessories,North,5,570.01
27-09-2021,Headphones,Accessories,North,5,570.01
27-09-2021,Headphones,Accessories,South,3,326.4
28-09-2021,Webcam,Accessories,East,2,155.48
28-09-2021,Smartwatch,Wearables,South,5,1047.68
28-09-2021,Mouse,Accessories,North,3,128.97
28-09-2021,Headphones,Accessories,Central,1,90.45
28-09-2021,Keyboard,Accessories,North,5,421.5
29-09-2021,Monitor,Computers,North,2,662.02
29-09-2021,Headphones,Accessories,North,5,601.92
29-09-2021,Webcam,Accessories,Central,3,246.15
30-09-2021,Smartwatch,Wearables,North,5,1124.85
30-09-2021,Speaker,Audio,Central,4,
01-10-2021,Smartphone,Mobile,Central,2,1137.47
01-10-2021,Smartphone,Mobile,North,1,643.05
01-10-2021,Tablet,Mobile,West,1,418.9
01-10-2021,Mouse,Accessories,Central,1,34.12
02-10-2021,Smartwatch,Wearables,West,2,424.48
03-10-2021,Laptop,Computers,North,2,1418
03-10-2021,Headphones,Accessories,West,3,384.18
03-10-2021,Monitor,Computers,South,3,889.78
03-10-2021,Smartphone,Mobile,East,1,556.84
03-10-2021,Mouse,Accessories,North,2,70.51
03-10-2021,Speaker,Audio,North,3,429.48
03-10-2021,Smartphone,Mobile,East,2,1020.03
03-10-2021,Webcam,Accessories,Central,3,239.75
05-10-2021,Keyboard,Accessories,West,3,247.56
05-10-2021,Monitor,Computers,South,2,715.1
06-10-2021,Speaker,Audio,North,2,289.48
06-10-2021,Webcam,Accessories,West,2,169.48
06-10-2021,Smartwatch,Wearables,North,3,784.2
07-10-2021,Headphones,Accessories,West,2,207.76
07-10-2021,Laptop,Computers,East,1,628.33
08-10-2021,Headphones,Accessories,South,1,99.74
08-10-2021,Smartwatch,Wearables,North,3,748.23
08-10-2021,Webcam,Accessories,East,2,165.62
09-10-2021,Smartwatch,Wearables,East,1,250.76
09-10-2021,Mouse,Accessories,North,2,66.48
10-10-2021,Smartphone,Mobile,South,1,589.35
10-10-2021,Smartphone,Mobile,South,2,1115.22
10-10-2021,Speaker,Audio,East,3,388.54
11-10-2021,Webcam,Accessories,West,1,71.96
11-10-2021,Speaker,Audio,Central,4,566.86
11-10-2021,Tablet,Mobile,South,4,1698.56
12-10-2021,Smartwatch,Wearables,East,2,530.96
12-10-2021,Headphones,Accessories,West,3,333.48
12-10-2021,Speaker,Audio,South,3,457.68
13-10-2021,Headphones,Accessories,Central,3,301.94
13-10-2021,Mouse,Accessories,Central,3,107.27
14-10-2021,Webcam,Accessories,West,1,86.27
15-10-2021,Speaker,Audio,East,3,375.67
15-10-2021,Keyboard,Accessories,South,5,385.85
15-10-2021,Mouse,Accessories,North,1,38.2
15-10-2021,Keyboard,Accessories,North,1,66.52
16-10-2021,Monitor,Computers,North,2,736.6
16-10-2021,Smartphone,Mobile,North,1,621.81
18-10-2021,Monitor,Computers,West,2,581
19-10-2021,Monitor,Computers,Central,3,1055.55
19-10-2021,Speaker,Audio,South,4,495.78
20-10-2021,Headphones,Accessories,North,2,195.07
20-10-2021,Smartwatch,Wearables,South,2,403.5
20-10-2021,Tablet,Mobile,Central,2,898.22
20-10-2021,Laptop,Computers,South,3,2388.36
20-10-2021,Mouse,Accessories,Central,4,119.62
21-10-2021,Webcam,Accessories,South,1,83.83
21-10-2021,Webcam,Accessories,East,1,89.65
21-10-2021,Smartphone,Mobile,South,1,555.89
21-10-2021,Monitor,Computers,North,3,950.96
21-10-2021,Headphones,Accessories,West,3,327.47
21-10-2021,Smartwatch,Wearables,Central,2,495.12
22-10-2021,Laptop,Computers,Central,5,3399.52
22-10-2021,Headphones,Accessories,East,3,364.8
23-10-2021,Keyboard,Accessories,South,3,242.76
23-10-2021,Webcam,Accessories,West,2,168.66
23-10-2021,Keyboard,Accessories,North,4,320.96
23-10-2021,Webcam,Accessories,West,1,92.99
23-10-2021,Smartwatch,Wearables,East,2,519.88
24-10-2021,Mouse,Accessories,West,1,39.88
24-10-2021,Tablet,Mobile,North,3,1354.43
25-10-2021,Laptop,Computers,Central,3,1995.91
25-10-2021,Mouse,Accessories,Central,4,158.12
25-10-2021,Webcam,Accessories,West,3,250.98
26-10-2021,Laptop,Computers,Central,1,861.96
26-10-2021,Monitor,Computers,East,2,714.63
26-10-2021,Laptop,Computers,Central,4,3325.64
26-10-2021,Mouse,Accessories,North,3,96.77
27-10-2021,Smartwatch,Wearables,East,3,697.48
27-10-2021,Smartwatch,Wearables,South,1,233.66
27-10-2021,Laptop,Computers,South,2,1628.04
27-10-2021,Monitor,Computers,West,4,1162.77
27-10-2021,Monitor,Computers,South,3,781.18
28-10-2021,Keyboard,Accessories,West,3,230.52
28-10-2021,Monitor,Computers,South,2,732.4
28-10-2021,Mouse,Accessories,North,2,60.7
28-10-2021,Keyboard,Accessories,West,3,209.76
29-10-2021,Monitor,Computers,East,3,1061.04
30-10-2021,Speaker,Audio,North,1,148.85
30-10-2021,Speaker,Audio,South,1,123.4
31-10-2021,Speaker,Audio,East,2,293.16
31-10-2021,Speaker,Audio,West,3,385.48
31-10-2021,Speaker,Audio,West,1,117.61
31-10-2021,Laptop,Computers,East,1,816.04
31-10-2021,Keyboard,Accessories,South,2,147.6
01-11-2021,Laptop,Computers,South,5,5044.55
01-11-2021,Tablet,Mobile,East,5,2873.65
01-11-2021,Headphones,Accessories,South,4,546.77
02-11-2021,Speaker,Audio,Central,4,788.88
02-11-2021,Speaker,Audio,North,1,201.15
02-11-2021,Smartphone,Mobile,East,1,797.77
02-11-2021,Smartwatch,Wearables,South,1,258.38
02-11-2021,Mouse,Accessories,Central,4,203
02-11-2021,Smartwatch,Wearables,West,1,361.1
03-11-2021,Tablet,Mobile,Central,2,1017.58
04-11-2021,Smartwatch,Wearables,Central,3,835.32
04-11-2021,Keyboard,Accessories,Central,2,176.67
04-11-2021,Webcam,Accessories,South,5,603.4
05-11-2021,Smartwatch,Wearables,West,2,632.97
05-11-2021,Speaker,Audio,East,5,899.37
05-11-2021,Keyboard,Accessories,Central,4,385.36
06-11-2021,Smartphone,Mobile,North,5,3512.24
06-11-2021,Laptop,Computers,South,1,951.44
07-11-2021,Mouse,Accessories,North,2,85.85
08-11-2021,Laptop,Computers,Central,2,2090.88
09-11-2021,Webcam,Accessories,South,4,508.76
09-11-2021,Mouse,Accessories,West,4,203.87
09-11-2021,Speaker,Audio,West,1,198.08
09-11-2021,Smartphone,Mobile,South,5,4369.35
10-11-2021,Smartwatch,Wearables,Central,2,656.7
10-11-2021,Smartwatch,Wearables,South,3,958.62
10-11-2021,Tablet,Mobile,South,3,1896.99
10-11-2021,Mouse,Accessories,Central,1,50.45
11-11-2021,Monitor,Computers,Central,2,695.68
11-11-2021,Smartphone,Mobile,East,3,2519.31
11-11-2021,Keyboard,Accessories,North,5,510.62
11-11-2021,Laptop,Computers,South,5,5235.7
12-11-2021,Webcam,Accessories,North,3,385.29
12-11-2021,Mouse,Accessories,West,3,135.46
12-11-2021,Keyboard,Accessories,South,3,280.47
14-11-2021,Smartwatch,Wearables,North,5,1534.91
14-11-2021,Smartphone,Mobile,South,1,751.52
15-11-2021,Smartphone,Mobile,West,2,1665.1
15-11-2021,Mouse,Accessories,Central,5,289.75
16-11-2021,Speaker,Audio,West,3,518.47
16-11-2021,Tablet,Mobile,East,4,2416
16-11-2021,Laptop,Computers,North,1,1003.55
16-11-2021,Smartphone,Mobile,North,3,2375.73
18-11-2021,Smartphone,Mobile,South,4,3087.58
18-11-2021,Monitor,Computers,East,2,811.04
18-11-2021,Smartwatch,Wearables,West,4,1122.78
19-11-2021,Keyboard,Accessories,West,2,183.17
19-11-2021,Smartwatch,Wearables,Central,1,360.81
19-11-2021,Smartwatch,Wearables,North,5,1465.65
19-11-2021,Monitor,Computers,Central,5,2012.93
20-11-2021,Smartwatch,Wearables,Central,4,1359.88
20-11-2021,Keyboard,Accessories,West,3,299.16
20-11-2021,Laptop,Computers,West,3,2761.24
20-11-2021,Speaker,Audio,South,4,850.84
21-11-2021,Speaker,Audio,West,3,457.56
21-11-2021,Mouse,Accessories,North,5,259.85
22-11-2021,Mouse,Accessories,West,2,112.04
22-11-2021,Smartphone,Mobile,South,4,2772.67
22-11-2021,Smartphone,Mobile,East,4,3305.56
23-11-2021,Mouse,Accessories,Central,5,265.76
23-11-2021,Tablet,Mobile,East,2,1209.72
23-11-2021,Monitor,Computers,North,5,2178.4
23-11-2021,Tablet,Mobile,Central,3,1590.33
24-11-2021,Laptop,Computers,North,5,4720.52
24-11-2021,Keyboard,Accessories,Central,1,86.03
24-11-2021,Mouse,Accessories,North,5,261.2
24-11-2021,Keyboard,Accessories,Central,5,503.2
24-11-2021,Speaker,Audio,South,6,1027.46
24-11-2021,Keyboard,Accessories,Central,7,693.99
25-11-2021,Smartwatch,Wearables,Central,5,1562.85
26-11-2021,Webcam,Accessories,East,4,486.28
27-11-2021,Smartphone,Mobile,East,3,2202.2
27-11-2021,Smartphone,Mobile,North,4,3150.32
27-11-2021,Smartwatch,Wearables,Central,2,571.78
27-11-2021,Smartphone,Mobile,Central,1,848.84
27-11-2021,Smartwatch,Wearables,South,3,949.76
27-11-2021,Webcam,Accessories,Central,6,720.54
28-11-2021,Smartphone,Mobile,East,8,4774.66
29-11-2021,Tablet,Mobile,West,1,589.7
29-11-2021,Speaker,Audio,South,4,730.44
30-11-2021,Laptop,Computers,East,2,2053.78
30-11-2021,Smartphone,Mobile,South,5,4082.85
30-11-2021,Speaker,Audio,South,4,
01-12-2021,Keyboard,Accessories,North,3,296.32
02-12-2021,Keyboard,Accessories,South,1,115.08
02-12-2021,Headphones,Accessories,South,3,509.76
03-12-2021,Keyboard,Accessories,South,5,528.25
03-12-2021,Headphones,Accessories,South,4,617.27
03-12-2021,Tablet,Mobile,South,6,3215.55
04-12-2021,Mouse,Accessories,North,4,200.4
04-12-2021,Speaker,Audio,West,4,814.32
04-12-2021,Smartwatch,Wearables,South,9,2840.83
05-12-2021,Speaker,Audio,North,1,216.57
06-12-2021,Tablet,Mobile,East,5,2762.82
06-12-2021,Webcam,Accessories,South,4,475.38
06-12-2021,Smartwatch,Wearables,Central,1,293
08-12-2021,Tablet,Mobile,Central,5,2780.17
08-12-2021,Mouse,Accessories,East,4,203.4
08-12-2021,Keyboard,Accessories,North,3,312.51
09-12-2021,Smartphone,Mobile,South,5,3762.45
09-12-2021,Smartphone,Mobile,West,3,2384.43
09-12-2021,Smartwatch,Wearables,Central,3,1093.44
09-12-2021,Tablet,Mobile,North,3,1833.42
09-12-2021,Smartphone,Mobile,Central,4,3374.48
11-12-2021,Laptop,Computers,South,6,6005.04
11-12-2021,Mouse,Accessories,East,2,106.38
11-12-2021,Monitor,Computers,South,3,1461.09
11-12-2021,Smartwatch,Wearables,South,4,1397.12
11-12-2021,Monitor,Computers,East,3,1322.64
11-12-2021,Mouse,Accessories,Central,1,44.78
12-12-2021,Laptop,Computers,Central,3,3330.3
13-12-2021,Headphones,Accessories,West,2,302.96
14-12-2021,Monitor,Computers,East,3,1308.6
14-12-2021,Smartphone,Mobile,South,3,2583.6
15-12-2021,Tablet,Mobile,Central,4,2250.13
15-12-2021,Laptop,Computers,East,4,4480
15-12-2021,Smartphone,Mobile,South,7,4625.89
16-12-2021,Monitor,Computers,West,5,2525.05
16-12-2021,Laptop,Computers,East,5,4764.01
16-12-2021,Webcam,Accessories,Central,3,293.06
16-12-2021,Speaker,Audio,North,3,503.83
16-12-2021,Speaker,Audio,West,7,1398.81
16-12-2021,Laptop,Computers,Central,3,3095.43
16-12-2021,Webcam,Accessories,South,5,545.32
16-12-2021,Smartphone,Mobile,North,5,3594.37
17-12-2021,Webcam,Accessories,South,1,130.63
17-12-2021,Monitor,Computers,South,4,1850.44
17-12-2021,Smartphone,Mobile,West,2,1335.01
17-12-2021,Headphones,Accessories,East,5,644.94
18-12-2021,Smartphone,Mobile,Central,1,865.52
18-12-2021,Keyboard,Accessories,North,2,206.86
18-12-2021,Monitor,Computers,West,6,2785.3
19-12-2021,Smartphone,Mobile,West,5,3452
20-12-2021,Mouse,Accessories,North,2,90.51
20-12-2021,Tablet,Mobile,Central,2,1195.2
21-12-2021,Mouse,Accessories,Central,3,171.54
21-12-2021,Headphones,Accessories,South,4,553.97
22-12-2021,Webcam,Accessories,North,6,695.52
22-12-2021,Mouse,Accessories,South,4,210.92
22-12-2021,Laptop,Computers,West,4,3881.71
22-12-2021,Headphones,Accessories,South,4,520.06
22-12-2021,Monitor,Computers,North,3,1474.5
22-12-2021,Keyboard,Accessories,Central,2,180.98
23-12-2021,Mouse,Accessories,East,6,261.55
23-12-2021,Speaker,Audio,West,5,1036.95
24-12-2021,Speaker,Audio,South,3,489.85
24-12-2021,Laptop,Computers,East,6,6218.04
24-12-2021,Tablet,Mobile,Central,3,1530.15
24-12-2021,Webcam,Accessories,South,5,635.55
25-12-2021,Laptop,Computers,Central,6,6083.94
25-12-2021,Smartwatch,Wearables,East,2,688.5
26-12-2021,Monitor,Computers,West,4,2037.68
26-12-2021,Tablet,Mobile,South,5,3108.25
26-12-2021,Speaker,Audio,North,5,800.6
26-12-2021,Smartphone,Mobile,Central,3,2293.89
26-12-2021,Mouse,Accessories,North,2,106.8
27-12-2021,Webcam,Accessories,West,4,484
27-12-2021,Webcam,Accessories,East,3,331.13
27-12-2021,Headphones,Accessories,East,5,746.35
28-12-2021,Speaker,Audio,South,4,760.36
28-12-2021,Monitor,Computers,South,1,369.87
29-12-2021,Smartwatch,Wearables,North,1,325.38
29-12-2021,Monitor,Computers,North,4,2026.84
29-12-2021,Mouse,Accessories,Central,3,149.91
30-12-2021,Mouse,Accessories,Central,3,135.76
30-12-2021,Keyboard,Accessories,East,3,313.86
30-12-2021,Mouse,Accessories,Central,5,243.45
30-12-2021,Smartphone,Mobile,South,2,1716.28
31-12-2021,Monitor,Computers,Central,4,1436.58
01-01-2022,Webcam,Accessories,North,3,218.71
01-01-2022,Smartwatch,Wearables,Central,2,497.68
02-01-2022,Mouse,Accessories,East,2,76.4
02-01-2022,Laptop,Computers,Central,1,646.29
02-01-2022,Webcam,Accessories,Central,3,252.42
02-01-2022,Keyboard,Accessories,Central,1,60.13
02-01-2022,Mouse,Accessories,Central,1,34.31
02-01-2022,Smartphone,Mobile,West,2,1048.46
02-01-2022,Smartwatch,Wearables,East,3,683.23
02-01-2022,Speaker,Audio,Central,2,244.38
03-01-2022,Speaker,Audio,West,3,444.34
03-01-2022,Monitor,Computers,West,3,873.46
03-01-2022,Smartphone,Mobile,North,3,1502.87
04-01-2022,Smartwatch,Wearables,South,2,459.14
04-01-2022,Tablet,Mobile,West,3,1264.77
04-01-2022,Mouse,Accessories,Central,3,112.66
04-01-2022,Laptop,Computers,East,3,2046.84
04-01-2022,Laptop,Computers,Central,2,1382.42
04-01-2022,Speaker,Audio,South,3,359.65
04-01-2022,Keyboard,Accessories,South,4,325.2
04-01-2022,Webcam,Accessories,North,3,227.94
05-01-2022,Keyboard,Accessories,South,4,314.84
05-01-2022,Keyboard,Accessories,North,2,114.64
06-01-2022,Monitor,Computers,South,3,983.16
07-01-2022,Smartwatch,Wearables,East,3,674.4
07-01-2022,Smartphone,Mobile,North,3,1572.99
07-01-2022,Headphones,Accessories,Central,2,191.44
07-01-2022,Keyboard,Accessories,South,2,131.63
08-01-2022,Speaker,Audio,East,1,130.4
09-01-2022,Mouse,Accessories,North,1,38.56
09-01-2022,Mouse,Accessories,South,3,96.98
09-01-2022,Smartphone,Mobile,South,1,579.69
09-01-2022,Keyboard,Accessories,North,3,218.52
10-01-2022,Webcam,Accessories,East,3,251.85
10-01-2022,Headphones,Accessories,West,3,301.08
10-01-2022,Mouse,Accessories,North,2,83.74
10-01-2022,Monitor,Computers,North,1,351.81
12-01-2022,Headphones,Accessories,Central,3,296.83
12-01-2022,Headphones,Accessories,Central,2,235.92
12-01-2022,Webcam,Accessories,North,4,292.64
13-01-2022,Keyboard,Accessories,Central,2,146.34
13-01-2022,Headphones,Accessories,Central,3,293.33
13-01-2022,Laptop,Computers,East,2,1297.71
14-01-2022,Webcam,Accessories,North,1,83.93
14-01-2022,Smartwatch,Wearables,East,3,646.42
14-01-2022,Monitor,Computers,West,3,1032.6
16-01-2022,Headphones,Accessories,South,2,195.41
16-01-2022,Headphones,Accessories,South,2,195.41
16-01-2022,Speaker,Audio,West,3,403.86
16-01-2022,Smartphone,Mobile,Central,3,1838.4
17-01-2022,Keyboard,Accessories,West,1,73.8
17-01-2022,Laptop,Computers,East,3,1789.66
17-01-2022,Smartwatch,Wearables,East,3,600.74
17-01-2022,Headphones,Accessories,Central,3,325.98
18-01-2022,Mouse,Accessories,West,4,160.08
18-01-2022,Mouse,Accessories,North,3,125.16
18-01-2022,Headphones,Accessories,North,3,338.88
18-01-2022,Headphones,Accessories,North,2,227.03
19-01-2022,Monitor,Computers,South,5,1646.05
19-01-2022,Monitor,Computers,West,3,985.64
20-01-2022,Monitor,Computers,North,1,349
20-01-2022,Headphones,Accessories,North,2,209.3
20-01-2022,Smartphone,Mobile,South,1,539.22
21-01-2022,Monitor,Computers,Central,2,669.26
21-01-2022,Mouse,Accessories,North,4,145.52
21-01-2022,Headphones,Accessories,West,2,186.45
21-01-2022,Smartphone,Mobile,South,5,2911.15
22-01-2022,Keyboard,Accessories,Central,3,221.25
22-01-2022,Keyboard,Accessories,South,1,62.42
22-01-2022,Laptop,Computers,Central,3,2335.38
23-01-2022,Laptop,Computers,North,2,1302.7
23-01-2022,Smartphone,Mobile,North,4,2002.24
24-01-2022,Speaker,Audio,South,3,424.57
24-01-2022,Smartwatch,Wearables,South,2,460.68
25-01-2022,Speaker,Audio,East,3,395.96
25-01-2022,Mouse,Accessories,Central,2,70.63
25-01-2022,Keyboard,Accessories,Central,3,186.38
26-01-2022,Speaker,Audio,Central,1,128.8
27-01-2022,Smartwatch,Wearables,West,4,1039.32
28-01-2022,Keyboard,Accessories,West,3,185.13
28-01-2022,Headphones,Accessories,Central,2,205.71
29-01-2022,Laptop,Computers,South,2,1244.54
29-01-2022,Smartphone,Mobile,North,2,1020.66
29-01-2022,Smartphone,Mobile,South,5,2942.7
29-01-2022,Tablet,Mobile,West,2,880.08
29-01-2022,Keyboard,Accessories,South,2,132.74
30-01-2022,Smartphone,Mobile,East,4,2449.64
01-02-2022,Smartphone,Mobile,South,2,1048.3
02-02-2022,Monitor,Computers,East,4,1310.84
02-02-2022,Monitor,Computers,East,2,596.36
02-02-2022,Monitor,Computers,Central,2,600.65
02-02-2022,Speaker,Audio,North,2,304.52
03-02-2022,Speaker,Audio,East,2,298.13
03-02-2022,Mouse,Accessories,East,4,129.35
03-02-2022,Headphones,Accessories,Central,1,99.19
04-02-2022,Monitor,Computers,West,4,1082.56
04-02-2022,Webcam,Accessories,East,1,74.16
04-02-2022,Webcam,Accessories,West,2,187.88
04-02-2022,Speaker,Audio,Central,4,570.36
04-02-2022,Laptop,Computers,West,4,2493.76
05-02-2022,Smartwatch,Wearables,West,3,741.63
05-02-2022,Headphones,Accessories,East,3,354.45
05-02-2022,Mouse,Accessories,North,3,115.89
05-02-2022,Mouse,Accessories,North,3,119.7
05-02-2022,Smartwatch,Wearables,West,1,257.52
06-02-2022,Keyboard,Accessories,North,2,116.21
06-02-2022,Laptop,Computers,South,3,1869.14
06-02-2022,Monitor,Computers,South,2,600.68
07-02-2022,Keyboard,Accessories,Central,4,296.64
07-02-2022,Smartphone,Mobile,North,2,864.67
07-02-2022,Monitor,Computers,East,3,963.99
08-02-2022,Tablet,Mobile,East,3,1412.76
09-02-2022,Mouse,Accessories,South,4,145.92
09-02-2022,Smartphone,Mobile,Central,2,1076.71
09-02-2022,Smartphone,Mobile,Central,1,527.2
10-02-2022,Smartwatch,Wearables,South,1,262.02
10-02-2022,Smartwatch,Wearables,West,3,783.21
10-02-2022,Smartwatch,Wearables,West,1,240.25
11-02-2022,Smartphone,Mobile,Central,2,928.17
12-02-2022,Monitor,Computers,South,3,919.27
12-02-2022,Tablet,Mobile,East,2,702.38
13-02-2022,Speaker,Audio,South,2,220.37
13-02-2022,Headphones,Accessories,South,3,295.97
14-02-2022,Smartphone,Mobile,North,3,1536.55
14-02-2022,Keyboard,Accessories,West,4,305.76
14-02-2022,Webcam,Accessories,North,2,164.63
14-02-2022,Smartwatch,Wearables,East,3,612.28
14-02-2022,Keyboard,Accessories,South,3,245.94
14-02-2022,Speaker,Audio,East,2,309.38
15-02-2022,Laptop,Computers,West,2,1480.42
15-02-2022,Smartwatch,Wearables,Central,3,621.43
15-02-2022,Headphones,Accessories,East,4,432.32
15-02-2022,Monitor,Computers,West,3,913.27
17-02-2022,Smartwatch,Wearables,East,3,568.54
17-02-2022,Smartwatch,Wearables,West,3,726.96
17-02-2022,Laptop,Computers,South,3,2496
17-02-2022,Smartphone,Mobile,East,1,555.77
17-02-2022,Smartwatch,Wearables,Central,1,207.73
18-02-2022,Webcam,Accessories,East,3,246.86
18-02-2022,Laptop,Computers,South,2,1543.72
18-02-2022,Headphones,Accessories,East,3,371.76
18-02-2022,Mouse,Accessories,North,2,76.02
19-02-2022,Webcam,Accessories,Central,2,148.9
19-02-2022,Monitor,Computers,North,1,325
19-02-2022,Headphones,Accessories,Central,2,215.64
19-02-2022,Tablet,Mobile,East,5,2348.05
20-02-2022,Laptop,Computers,Central,3,1883.02
20-02-2022,Smartphone,Mobile,East,2,992.14
22-02-2022,Monitor,Computers,Central,2,684.58
22-02-2022,Smartwatch,Wearables,West,3,572.45
23-02-2022,Smartwatch,Wearables,South,4,798.14
25-02-2022,Webcam,Accessories,South,4,343.22
25-02-2022,Webcam,Accessories,Central,2,135.52
26-02-2022,Keyboard,Accessories,Central,2,128.3
26-02-2022,Webcam,Accessories,North,2,141.37
26-02-2022,Smartwatch,Wearables,West,3,572.88
28-02-2022,Laptop,Computers,Central,2,1610.64
28-02-2022,Webcam,Accessories,Central,4,283.78
28-02-2022,Webcam,Accessories,West,4,353.32
28-02-2022,Speaker,Audio,Central,2,287.74
01-03-2022,Webcam,Accessories,East,4,314.7
01-03-2022,Smartphone,Mobile,Central,3,2097.75
01-03-2022,Tablet,Mobile,North,4,1836.04
03-03-2022,Mouse,Accessories,West,1,34.33
04-03-2022,Mouse,Accessories,North,4,175.6
04-03-2022,Speaker,Audio,Central,4,667.76
04-03-2022,Tablet,Mobile,North,2,929.73
04-03-2022,Headphones,Accessories,Central,5,611.23
05-03-2022,Tablet,Mobile,Central,4,1460.7
05-03-2022,Webcam,Accessories,West,7,573.55
05-03-2022,Smartphone,Mobile,West,4,2185.09
06-03-2022,Speaker,Audio,East,3,426.13
06-03-2022,Headphones,Accessories,South,1,101.41
06-03-2022,Smartphone,Mobile,North,2,1236.6
06-03-2022,Monitor,Computers,North,4,1259.94
07-03-2022,Monitor,Computers,North,4,1308.64
07-03-2022,Headphones,Accessories,North,3,417.63
08-03-2022,Speaker,Audio,West,5,680.22
08-03-2022,Headphones,Accessories,North,3,330.1
08-03-2022,Keyboard,Accessories,Central,1,92.33
09-03-2022,Speaker,Audio,West,2,344.82
10-03-2022,Headphones,Accessories,South,3,358.59
10-03-2022,Laptop,Computers,West,1,907.95
10-03-2022,Speaker,Audio,East,2,343.52
10-03-2022,Mouse,Accessories,East,4,183.92
10-03-2022,Webcam,Accessories,West,3,258.09
11-03-2022,Monitor,Computers,East,3,1200.87
11-03-2022,Speaker,Audio,North,3,509.55
12-03-2022,Laptop,Computers,South,3,2355.98
14-03-2022,Mouse,Accessories,North,2,82.04
14-03-2022,Smartphone,Mobile,East,1,641.84
14-03-2022,Headphones,Accessories,North,3,315.22
15-03-2022,Smartwatch,Wearables,West,2,490.64
15-03-2022,Smartphone,Mobile,South,1,567.88
15-03-2022,Monitor,Computers,West,2,697.68
15-03-2022,Smartwatch,Wearables,South,3,631.73
16-03-2022,Tablet,Mobile,East,3,1424.13
16-03-2022,Mouse,Accessories,Central,4,159.24
17-03-2022,Monitor,Computers,North,1,365.43
17-03-2022,Speaker,Audio,West,4,649.8
17-03-2022,Monitor,Computers,South,3,1115.31
19-03-2022,Headphones,Accessories,East,1,107.62
19-03-2022,Monitor,Computers,South,3,1144.95
20-03-2022,Mouse,Accessories,East,3,115.85
20-03-2022,Mouse,Accessories,Central,3,116.65
20-03-2022,Keyboard,Accessories,West,6,520.86
20-03-2022,Speaker,Audio,West,7,854.73
21-03-2022,Monitor,Computers,West,1,370.41
21-03-2022,Speaker,Audio,West,3,474.72
22-03-2022,Smartwatch,Wearables,Central,3,749.46
23-03-2022,Mouse,Accessories,East,3,96.34
23-03-2022,Tablet,Mobile,North,4,1935.16
23-03-2022,Mouse,Accessories,East,3,113.76
24-03-2022,Keyboard,Accessories,North,2,158.19
24-03-2022,Headphones,Accessories,North,2,215.32
25-03-2022,Smartphone,Mobile,East,3,1968.24
25-03-2022,Laptop,Computers,East,1,895.68
25-03-2022,Monitor,Computers,North,2,782.44
25-03-2022,Monitor,Computers,West,3,1087.76
25-03-2022,Tablet,Mobile,West,3,1351.5
26-03-2022,Smartphone,Mobile,North,2,1266.52
26-03-2022,Speaker,Audio,East,2,293.96
26-03-2022,Webcam,Accessories,South,3,224.23
27-03-2022,Tablet,Mobile,West,3,1418.13
28-03-2022,Smartwatch,Wearables,North,3,828.42
28-03-2022,Mouse,Accessories,East,2,83.64
29-03-2022,Speaker,Audio,North,2,311.62
30-03-2022,Headphones,Accessories,North,3,326.73
30-03-2022,Smartphone,Mobile,West,1,547.45
30-03-2022,Headphones,Accessories,East,3,416.46
30-03-2022,Headphones,Accessories,North,3,326.73
31-03-2022,Mouse,Accessories,East,2,92.7
31-03-2022,Speaker,Audio,South,4,660.92
31-03-2022,Keyboard,Accessories,East,1,72.89
01-04-2022,Headphones,Accessories,South,2,277.04
02-04-2022,Webcam,Accessories,West,1,98.93
03-04-2022,Speaker,Audio,East,5,778.95
03-04-2022,Tablet,Mobile,East,3,1146.33
03-04-2022,Webcam,Accessories,North,3,256.39
04-04-2022,Mouse,Accessories,East,2,81.72
04-04-2022,Tablet,Mobile,Central,1,482.25
04-04-2022,Laptop,Computers,North,2,1618.22
04-04-2022,Laptop,Computers,Central,2,1775.36
04-04-2022,Tablet,Mobile,East,3,1263.83
04-04-2022,Smartwatch,Wearables,East,1,251.48
04-04-2022,Mouse,Accessories,East,4,179.48
05-04-2022,Tablet,Mobile,South,4,1673.11
05-04-2022,Headphones,Accessories,South,5,646.35
05-04-2022,Smartphone,Mobile,South,4,2166.43
05-04-2022,Laptop,Computers,East,3,2333.32
06-04-2022,Smartwatch,Wearables,South,5,1283.4
07-04-2022,Monitor,Computers,West,3,1115.28
07-04-2022,Tablet,Mobile,South,3,1527.9
07-04-2022,Tablet,Mobile,East,3,1362.98
07-04-2022,Headphones,Accessories,East,1,116.2
08-04-2022,Tablet,Mobile,West,5,2245.28
08-04-2022,Keyboard,Accessories,North,3,248.97
09-04-2022,Tablet,Mobile,South,3,1431.03
10-04-2022,Headphones,Accessories,West,4,552.52
12-04-2022,Tablet,Mobile,East,1,419.94
12-04-2022,Smartwatch,Wearables,North,2,427.86
12-04-2022,Headphones,Accessories,Central,1,104.26
13-04-2022,Tablet,Mobile,West,1,436.34
13-04-2022,Monitor,Computers,East,2,675.19
14-04-2022,Smartphone,Mobile,West,5,3360.85
14-04-2022,Smartwatch,Wearables,East,3,798.78
14-04-2022,Smartphone,Mobile,East,2,1059.34
15-04-2022,Mouse,Accessories,West,4,180.88
15-04-2022,Headphones,Accessories,East,1,114.5
17-04-2022,Keyboard,Accessories,North,2,145.44
17-04-2022,Smartphone,Mobile,Central,2,1042.61
17-04-2022,Tablet,Mobile,West,1,457.37
18-04-2022,Smartphone,Mobile,South,5,3402.65
18-04-2022,Headphones,Accessories,Central,2,249.82
19-04-2022,Laptop,Computers,Central,2,1643.72
19-04-2022,Mouse,Accessories,East,3,134.94
20-04-2022,Keyboard,Accessories,East,5,446.6
20-04-2022,Smartwatch,Wearables,East,2,460.02
22-04-2022,Laptop,Computers,North,1,855.25
22-04-2022,Smartphone,Mobile,East,2,1145.47
22-04-2022,Smartphone,Mobile,West,3,1799.19
22-04-2022,Keyboard,Accessories,East,1,72.42
23-04-2022,Headphones,Accessories,East,3,404.01
23-04-2022,Headphones,Accessories,East,2,254.62
24-04-2022,Smartwatch,Wearables,Central,5,1214.01
24-04-2022,Smartwatch,Wearables,North,5,1382.45
24-04-2022,Headphones,Accessories,East,4,544.52
24-04-2022,Mouse,Accessories,North,3,112
25-04-2022,Webcam,Accessories,South,4,325.73
26-04-2022,Mouse,Accessories,Central,1,38.27
26-04-2022,Smartwatch,Wearables,Central,1,290.94
26-04-2022,Smartwatch,Wearables,North,2,562.4
27-04-2022,Webcam,Accessories,West,3,251.59
27-04-2022,Monitor,Computers,East,2,756.52
28-04-2022,Webcam,Accessories,West,2,157.98
29-04-2022,Speaker,Audio,Central,2,296.55
29-04-2022,Headphones,Accessories,West,5,607.3
29-04-2022,Laptop,Computers,South,5,4135.01
30-04-2022,Mouse,Accessories,Central,2,65.86
01-05-2022,Smartwatch,Wearables,West,4,986.47
04-05-2022,Webcam,Accessories,North,2,166.26
04-05-2022,Smartwatch,Wearables,North,3,804.57
04-05-2022,Speaker,Audio,South,2,275.87
05-05-2022,Smartwatch,Wearables,West,2,410.32
05-05-2022,Smartwatch,Wearables,West,3,674.27
05-05-2022,Smartwatch,Wearables,West,3,828.45
05-05-2022,Smartwatch,Wearables,East,2,506.29
06-05-2022,Laptop,Computers,Central,2,1738.52
06-05-2022,Mouse,Accessories,South,1,33.24
06-05-2022,Webcam,Accessories,Central,2,151.25
06-05-2022,Smartwatch,Wearables,South,3,785.56
06-05-2022,Speaker,Audio,South,4,663.2
08-05-2022,Speaker,Audio,West,5,713.53
08-05-2022,Speaker,Audio,Central,2,313
08-05-2022,Smartphone,Mobile,Central,2,1007.09
09-05-2022,Headphones,Accessories,Central,4,552.6
09-05-2022,Webcam,Accessories,North,4,341.73
09-05-2022,Smartphone,Mobile,Central,3,1588.91
10-05-2022,Smartwatch,Wearables,West,4,992.02
10-05-2022,Keyboard,Accessories,West,3,238.11
12-05-2022,Monitor,Computers,West,3,1141.65
12-05-2022,Speaker,Audio,Central,6,965.22
12-05-2022,Mouse,Accessories,South,4,164.65
13-05-2022,Mouse,Accessories,West,3,133.8
13-05-2022,Monitor,Computers,South,3,1088.53
13-05-2022,Tablet,Mobile,North,4,2003.6
13-05-2022,Smartphone,Mobile,West,3,2043.27
15-05-2022,Tablet,Mobile,North,4,1434.37
15-05-2022,Mouse,Accessories,South,4,174.64
15-05-2022,Laptop,Computers,South,3,2167.72
17-05-2022,Keyboard,Accessories,East,2,156.79
17-05-2022,Smartphone,Mobile,North,4,2157.84
17-05-2022,Tablet,Mobile,North,3,1471.17
18-05-2022,Monitor,Computers,Central,4,1259.28
18-05-2022,Smartphone,Mobile,South,5,2770.49
19-05-2022,Headphones,Accessories,South,2,223.42
20-05-2022,Smartwatch,Wearables,South,3,860.7
20-05-2022,Keyboard,Accessories,South,3,277.47
20-05-2022,Smartphone,Mobile,North,2,1271.52
21-05-2022,Headphones,Accessories,North,4,520.44
21-05-2022,Webcam,Accessories,East,5,456.84
21-05-2022,Headphones,Accessories,West,3,399.33
21-05-2022,Mouse,Accessories,Central,3,121.39
22-05-2022,Laptop,Computers,East,3,2086.94
22-05-2022,Keyboard,Accessories,South,6,530.67
23-05-2022,Mouse,Accessories,West,2,75.46
23-05-2022,Headphones,Accessories,East,2,191.04
24-05-2022,Monitor,Computers,South,2,689.69
24-05-2022,Smartphone,Mobile,East,1,648.2
24-05-2022,Keyboard,Accessories,East,4,367.28
24-05-2022,Smartphone,Mobile,Central,3,1597.92
24-05-2022,Headphones,Accessories,Central,1,96.06
25-05-2022,Laptop,Computers,North,3,2015.71
25-05-2022,Headphones,Accessories,Central,3,396.66
27-05-2022,Tablet,Mobile,Central,1,399.17
27-05-2022,Smartphone,Mobile,South,2,1208.72
28-05-2022,Keyboard,Accessories,North,3,248.82
28-05-2022,Monitor,Computers,West,1,386.64
28-05-2022,Laptop,Computers,North,2,1638.7
28-05-2022,Laptop,Computers,West,2,1321.31
29-05-2022,Tablet,Mobile,East,2,966.3
29-05-2022,Tablet,Mobile,North,3,1215.61
29-05-2022,Tablet,Mobile,North,1,391.71
29-05-2022,Speaker,Audio,North,3,451.14
30-05-2022,Webcam,Accessories,East,3,277.59
30-05-2022,Laptop,Computers,North,3,2249.43
30-05-2022,Tablet,Mobile,East,1,518.79
30-05-2022,Monitor,Computers,Central,3,842.4
31-05-2022,Smartphone,Mobile,Central,2,1272.26
31-05-2022,Keyboard,Accessories,Central,2,178.36
31-05-2022,Webcam,Accessories,North,4,361.48
01-06-2022,Tablet,Mobile,North,4,1800.4
01-06-2022,Speaker,Audio,South,4,678.96
01-06-2022,Headphones,Accessories,Central,3,401.55
01-06-2022,Laptop,Computers,Central,3,2630.95
02-06-2022,Webcam,Accessories,West,3,289.71
02-06-2022,Tablet,Mobile,West,2,814.93
02-06-2022,Headphones,Accessories,North,2,249.7
03-06-2022,Monitor,Computers,East,1,342.68
03-06-2022,Laptop,Computers,West,2,1711.29
03-06-2022,Tablet,Mobile,East,4,2080.2
04-06-2022,Mouse,Accessories,North,2,82.27
04-06-2022,Webcam,Accessories,Central,3,272.35
04-06-2022,Smartwatch,Wearables,Central,4,1116.08
05-06-2022,Speaker,Audio,South,1,155.01
05-06-2022,Speaker,Audio,North,2,329.46
05-06-2022,Mouse,Accessories,East,2,69.7
06-06-2022,Speaker,Audio,North,3,505.74
06-06-2022,Mouse,Accessories,West,4,158.87
07-06-2022,Tablet,Mobile,South,2,770.93
07-06-2022,Headphones,Accessories,East,3,350.47
07-06-2022,Webcam,Accessories,North,3,281.01
08-06-2022,Smartphone,Mobile,South,3,1926.18
09-06-2022,Headphones,Accessories,South,3,349.65
09-06-2022,Mouse,Accessories,South,4,169.76
09-06-2022,Smartwatch,Wearables,North,4,996.7
11-06-2022,Laptop,Computers,North,4,3057.23
12-06-2022,Mouse,Accessories,North,2,72.47
13-06-2022,Keyboard,Accessories,Central,1,73.59
13-06-2022,Speaker,Audio,East,4,603.4
13-06-2022,Keyboard,Accessories,North,1,91.47
14-06-2022,Headphones,Accessories,Central,5,584.84
14-06-2022,Smartphone,Mobile,East,3,1789.68
15-06-2022,Smartphone,Mobile,North,3,1806.99
15-06-2022,Headphones,Accessories,Central,2,220.24
15-06-2022,Smartphone,Mobile,North,3,1795.5
15-06-2022,Smartwatch,Wearables,North,2,466.79
16-06-2022,Mouse,Accessories,East,3,136.92
16-06-2022,Tablet,Mobile,Central,3,1498.53
16-06-2022,Speaker,Audio,North,5,815.35
16-06-2022,Tablet,Mobile,Central,1,524.54
17-06-2022,Monitor,Computers,East,4,1348.88
17-06-2022,Headphones,Accessories,West,1,130.52
18-06-2022,Tablet,Mobile,Central,2,915.04
18-06-2022,Laptop,Computers,East,4,3561.4
18-06-2022,Webcam,Accessories,Central,1,92.21
18-06-2022,Smartphone,Mobile,East,3,1898.43
19-06-2022,Keyboard,Accessories,South,2,168.32
19-06-2022,Headphones,Accessories,South,3,381.48
19-06-2022,Webcam,Accessories,North,1,104.39
19-06-2022,Webcam,Accessories,Central,1,89.15
20-06-2022,Mouse,Accessories,East,4,183.64
20-06-2022,Monitor,Computers,East,2,756.14
20-06-2022,Monitor,Computers,Central,2,676.27
21-06-2022,Tablet,Mobile,North,2,996.59
21-06-2022,Smartphone,Mobile,North,4,2007.26
21-06-2022,Tablet,Mobile,North,3,1482.09
22-06-2022,Mouse,Accessories,Central,5,174.34
23-06-2022,Laptop,Computers,North,4,3211.88
23-06-2022,Speaker,Audio,West,2,314.32
23-06-2022,Smartphone,Mobile,West,4,2170.36
23-06-2022,Mouse,Accessories,North,3,100.61
23-06-2022,Mouse,Accessories,South,4,168.36
24-06-2022,Webcam,Accessories,West,3,231.41
24-06-2022,Smartphone,Mobile,North,2,1205.6
24-06-2022,Tablet,Mobile,East,1,438.27
25-06-2022,Smartwatch,Wearables,North,2,507.44
25-06-2022,Speaker,Audio,West,1,134.95
26-06-2022,Tablet,Mobile,West,2,884.01
26-06-2022,Tablet,Mobile,South,4,1863.29
26-06-2022,Smartphone,Mobile,North,3,2037.06
27-06-2022,Smartphone,Mobile,Central,3,1819.5
27-06-2022,Mouse,Accessories,East,5,217.1
28-06-2022,Speaker,Audio,Central,4,617.52
28-06-2022,Headphones,Accessories,South,4,559.68
28-06-2022,Laptop,Computers,North,8,6370.06
29-06-2022,Smartphone,Mobile,West,4,
29-06-2022,Laptop,Computers,Central,2,1297.79
29-06-2022,Webcam,Accessories,East,3,250.88
01-07-2022,Smartphone,Mobile,East,1,440.69
01-07-2022,Monitor,Computers,East,1,278.65
01-07-2022,Monitor,Computers,North,2,624.62
01-07-2022,Smartphone,Mobile,South,2,1101.45
02-07-2022,Laptop,Computers,East,4,2425.41
02-07-2022,Webcam,Accessories,West,4,325.36
02-07-2022,Monitor,Computers,Central,2,586.46
03-07-2022,Smartwatch,Wearables,East,1,190.83
03-07-2022,Webcam,Accessories,South,3,207.82
04-07-2022,Speaker,Audio,Central,3,364.26
04-07-2022,Webcam,Accessories,North,2,177
04-07-2022,Smartwatch,Wearables,East,1,202.99
05-07-2022,Headphones,Accessories,Central,3,291.24
06-07-2022,Speaker,Audio,North,2,283.66
06-07-2022,Monitor,Computers,East,2,681.5
07-07-2022,Webcam,Accessories,North,3,258.54
07-07-2022,Smartphone,Mobile,North,2,1100.94
09-07-2022,Laptop,Computers,North,3,2343.42
09-07-2022,Monitor,Computers,South,4,1287.24
10-07-2022,Tablet,Mobile,East,1,383.79
10-07-2022,Speaker,Audio,North,1,137.92
11-07-2022,Headphones,Accessories,West,3,320.05
11-07-2022,Headphones,Accessories,North,1,112.11
11-07-2022,Smartphone,Mobile,Central,1,503.88
11-07-2022,Headphones,Accessories,South,3,352.02
12-07-2022,Smartwatch,Wearables,Central,2,441.76
13-07-2022,Monitor,Computers,North,3,1008.66
13-07-2022,Monitor,Computers,West,3,825.31
14-07-2022,Mouse,Accessories,West,3,103.08
14-07-2022,Smartwatch,Wearables,East,4,983.88
15-07-2022,Mouse,Accessories,East,2,72.78
15-07-2022,Smartphone,Mobile,North,3,1514.19
15-07-2022,Tablet,Mobile,West,3,1318.02
15-07-2022,Smartphone,Mobile,Central,4,2046.24
16-07-2022,Monitor,Computers,East,4,1060.49
16-07-2022,Tablet,Mobile,East,2,794.7
17-07-2022,Monitor,Computers,North,3,973.2
17-07-2022,Headphones,Accessories,Central,2,219.88
17-07-2022,Laptop,Computers,North,2,1276.16
17-07-2022,Keyboard,Accessories,North,2,149.32
18-07-2022,Headphones,Accessories,South,2,168.13
18-07-2022,Headphones,Accessories,South,2,223.8
20-07-2022,Keyboard,Accessories,East,2,119.68
20-07-2022,Headphones,Accessories,North,2,178.83
20-07-2022,Headphones,Accessories,Central,2,207.04
21-07-2022,Smartphone,Mobile,East,2,1152.8
21-07-2022,Mouse,Accessories,North,2,74.12
22-07-2022,Smartwatch,Wearables,West,2,452.8
22-07-2022,Smartwatch,Wearables,East,2,454.06
23-07-2022,Keyboard,Accessories,East,2,139.74
23-07-2022,Speaker,Audio,Central,2,274.4
23-07-2022,Tablet,Mobile,Central,2,741.76
23-07-2022,Smartphone,Mobile,East,1,509.66
24-07-2022,Speaker,Audio,West,1,137.89
24-07-2022,Speaker,Audio,Central,2,277.04
24-07-2022,Keyboard,Accessories,South,1,66.18
24-07-2022,Speaker,Audio,Central,1,114.9
24-07-2022,Headphones,Accessories,West,2,216.36
25-07-2022,Smartphone,Mobile,East,3,1597.83
26-07-2022,Tablet,Mobile,Central,2,804.94
26-07-2022,Monitor,Computers,East,3,818.35
27-07-2022,Laptop,Computers,East,4,3141.76
27-07-2022,Speaker,Audio,East,3,346.44
27-07-2022,Webcam,Accessories,East,3,238.56
28-07-2022,Webcam,Accessories,North,3,225.58
28-07-2022,Speaker,Audio,Central,4,525.73
28-07-2022,Smartphone,Mobile,North,1,540.62
29-07-2022,Laptop,Computers,East,2,1323.22
29-07-2022,Mouse,Accessories,North,3,94.87
29-07-2022,Tablet,Mobile,Central,4,1767.76
29-07-2022,Smartwatch,Wearables,North,5,1208.1
29-07-2022,Laptop,Computers,East,2,1323.22
30-07-2022,Smartphone,Mobile,East,2,867.46
30-07-2022,Headphones,Accessories,South,2,202.76
30-07-2022,Monitor,Computers,South,1,335.17
31-07-2022,Smartwatch,Wearables,South,3,737.43
31-07-2022,Mouse,Accessories,South,3,93.62
01-08-2022,Speaker,Audio,West,4,437.89
01-08-2022,Monitor,Computers,East,1,271.83
01-08-2022,Monitor,Computers,North,1,311.01
01-08-2022,Laptop,Computers,East,3,2160.33
01-08-2022,Headphones,Accessories,North,3,334.53
01-08-2022,Laptop,Computers,South,2,1485.19
02-08-2022,Speaker,Audio,East,3,350.93
02-08-2022,Smartphone,Mobile,West,1,514.79
03-08-2022,Monitor,Computers,West,2,561.82
03-08-2022,Smartwatch,Wearables,North,3,670.53
04-08-2022,Mouse,Accessories,North,3,92.53
05-08-2022,Tablet,Mobile,South,4,1414.6
05-08-2022,Headphones,Accessories,North,3,283.01
05-08-2022,Headphones,Accessories,South,1,116.22
05-08-2022,Smartphone,Mobile,East,4,2038.08
06-08-2022,Monitor,Computers,East,1,288.97
06-08-2022,Monitor,Computers,North,2,669.38
06-08-2022,Mouse,Accessories,South,1,32.05
06-08-2022,Keyboard,Accessories,Central,1,60.89
06-08-2022,Tablet,Mobile,West,1,423.83
07-08-2022,Laptop,Computers,South,3,2083.24
07-08-2022,Mouse,Accessories,South,2,63.14
07-08-2022,Speaker,Audio,North,3,416.04
08-08-2022,Speaker,Audio,West,1,118.78
08-08-2022,Laptop,Computers,North,4,2452.45
10-08-2022,Smartwatch,Wearables,Central,1,222.36
11-08-2022,Monitor,Computers,North,3,953.73
11-08-2022,Smartwatch,Wearables,West,2,411.98
11-08-2022,Monitor,Computers,East,2,617.16
12-08-2022,Smartwatch,Wearables,North,3,714.78
13-08-2022,Speaker,Audio,East,2,246.18
13-08-2022,Speaker,Audio,West,3,383.81
14-08-2022,Laptop,Computers,South,1,694.43
14-08-2022,Laptop,Computers,South,2,1580.66
15-08-2022,Mouse,Accessories,West,1,30.8
16-08-2022,Tablet,Mobile,South,4,1237.44
16-08-2022,Headphones,Accessories,Central,2,235.38
16-08-2022,Smartwatch,Wearables,West,2,477.18
17-08-2022,Smartphone,Mobile,West,4,2028.82
18-08-2022,Smartwatch,Wearables,South,2,402.66
18-08-2022,Headphones,Accessories,North,2,202.74
19-08-2022,Headphones,Accessories,Central,2,198.04
19-08-2022,Smartphone,Mobile,North,3,1585.35
19-08-2022,Headphones,Accessories,North,1,103.63
19-08-2022,Monitor,Computers,Central,4,956.03
20-08-2022,Mouse,Accessories,Central,4,121.89
20-08-2022,Smartphone,Mobile,West,2,862.85
20-08-2022,Smartwatch,Wearables,Central,2,363.38
20-08-2022,Monitor,Computers,North,1,282.54
21-08-2022,Webcam,Accessories,East,4,328.47
21-08-2022,Keyboard,Accessories,West,1,56.16
21-08-2022,Laptop,Computers,South,1,694.71
24-08-2022,Smartphone,Mobile,East,2,925.04
24-08-2022,Smartphone,Mobile,North,2,1029
24-08-2022,Smartphone,Mobile,West,2,1047.14
24-08-2022,Webcam,Accessories,West,3,247.17
25-08-2022,Smartphone,Mobile,West,3,1715.49
26-08-2022,Mouse,Accessories,North,2,56.61
26-08-2022,Headphones,Accessories,West,1,108.58
26-08-2022,Smartwatch,Wearables,Central,1,216.39
27-08-2022,Tablet,Mobile,South,3,1338.12
27-08-2022,Laptop,Computers,West,2,1415.9
27-08-2022,Webcam,Accessories,West,3,239.19
27-08-2022,Mouse,Accessories,Central,1,31.37
27-08-2022,Speaker,Audio,West,1,132.98
27-08-2022,Keyboard,Accessories,West,1,72.59
27-08-2022,Monitor,Computers,North,3,848.16
28-08-2022,Speaker,Audio,South,3,441.33
28-08-2022,Monitor,Computers,Central,3,961.35
28-08-2022,Mouse,Accessories,West,2,67.54
29-08-2022,Smartwatch,Wearables,Central,3,735.78
29-08-2022,Smartphone,Mobile,Central,3,1359.91
31-08-2022,Headphones,Accessories,West,3,274.41
31-08-2022,Smartphone,Mobile,Central,1,461.42
31-08-2022,Headphones,Accessories,East,1,95.41
31-08-2022,Keyboard,Accessories,East,2,127.28
31-08-2022,Headphones,Accessories,North,5,455.84
01-09-2022,Mouse,Accessories,East,3,132.75
03-09-2022,Mouse,Accessories,West,4,155.45
04-09-2022,Laptop,Computers,South,2,1398.33
04-09-2022,Monitor,Computers,North,3,1115.82
04-09-2022,Speaker,Audio,Central,4,649.96
04-09-2022,Headphones,Accessories,East,1,135
06-09-2022,Monitor,Computers,West,4,1576.2
06-09-2022,Smartwatch,Wearables,Central,1,258.33
07-09-2022,Tablet,Mobile,Central,1,470.08
07-09-2022,Mouse,Accessories,North,3,111.38
07-09-2022,Laptop,Computers,North,4,3635.72
07-09-2022,Keyboard,Accessories,South,6,518.64
07-09-2022,Mouse,Accessories,East,3,107.89
07-09-2022,Speaker,Audio,Central,2,304.86
07-09-2022,Keyboard,Accessories,Central,4,327.96
08-09-2022,Laptop,Computers,Central,3,2217.1
08-09-2022,Smartphone,Mobile,West,1,591.85
09-09-2022,Keyboard,Accessories,Central,2,141.28
09-09-2022,Mouse,Accessories,South,3,114.06
10-09-2022,Smartwatch,Wearables,North,2,568.8
10-09-2022,Speaker,Audio,West,3,513.72
11-09-2022,Keyboard,Accessories,North,5,462.9
11-09-2022,Tablet,Mobile,Central,3,1486.83
11-09-2022,Headphones,Accessories,West,3,319.27
12-09-2022,Headphones,Accessories,Central,3,403.02
12-09-2022,Keyboard,Accessories,East,2,182.94
12-09-2022,Smartphone,Mobile,South,1,598.72
12-09-2022,Tablet,Mobile,South,3,1398.9
12-09-2022,Keyboard,Accessories,South,3,259.58
12-09-2022,Tablet,Mobile,North,2,943.26
13-09-2022,Smartwatch,Wearables,Central,3,768.6
13-09-2022,Tablet,Mobile,West,3,1385.79
13-09-2022,Speaker,Audio,Central,4,574.02
14-09-2022,Mouse,Accessories,West,2,69.94
14-09-2022,Headphones,Accessories,South,4,430.52
15-09-2022,Smartphone,Mobile,South,1,626.88
15-09-2022,Speaker,Audio,South,4,652.92
15-09-2022,Smartwatch,Wearables,East,4,
16-09-2022,Smartphone,Mobile,West,2,1245.46
16-09-2022,Laptop,Computers,West,3,2706.66
16-09-2022,Monitor,Computers,West,4,1332.81
17-09-2022,Mouse,Accessories,South,2,79.74
17-09-2022,Smartphone,Mobile,East,2,1158.07
17-09-2022,Webcam,Accessories,North,2,185.88
17-09-2022,Headphones,Accessories,East,5,621.25
17-09-2022,Mouse,Accessories,West,3,102.38
17-09-2022,Tablet,Mobile,West,1,357.71
18-09-2022,Headphones,Accessories,South,3,407.55
18-09-2022,Mouse,Accessories,Central,1,44.62
19-09-2022,Monitor,Computers,Central,4,1226.27
19-09-2022,Keyboard,Accessories,West,2,157.84
19-09-2022,Mouse,Accessories,East,3,106.7
19-09-2022,Tablet,Mobile,North,3,1212.58
19-09-2022,Headphones,Accessories,West,1,120.26
20-09-2022,Headphones,Accessories,East,3,348.27
20-09-2022,Headphones,Accessories,South,4,489.44
20-09-2022,Monitor,Computers,East,3,925.15
21-09-2022,Headphones,Accessories,West,3,387.42
21-09-2022,Smartwatch,Wearables,South,3,765.93
21-09-2022,Webcam,Accessories,North,1,83.25
21-09-2022,Speaker,Audio,East,1,122.52
22-09-2022,Webcam,Accessories,East,3,306.21
22-09-2022,Speaker,Audio,North,3,494.22
23-09-2022,Laptop,Computers,Central,5,4304.73
23-09-2022,Smartwatch,Wearables,West,1,257.11
23-09-2022,Tablet,Mobile,East,1,401.32
24-09-2022,Mouse,Accessories,North,3,113.62
24-09-2022,Monitor,Computers,North,4,1615.6
25-09-2022,Mouse,Accessories,North,1,32.04
25-09-2022,Webcam,Accessories,North,1,96.57
26-09-2022,Headphones,Accessories,North,3,375.14
26-09-2022,Keyboard,Accessories,East,4,329.5
27-09-2022,Speaker,Audio,West,2,301.72
27-09-2022,Laptop,Computers,South,2,1321.98
28-09-2022,Keyboard,Accessories,South,5,396.72
28-09-2022,Mouse,Accessories,West,3,139.92
29-09-2022,Laptop,Computers,West,3,2504.6
29-09-2022,Speaker,Audio,West,2,304.51
29-09-2022,Laptop,Computers,Central,3,2101.99
30-09-2022,Webcam,Accessories,North,5,387.28
30-09-2022,Monitor,Computers,South,1,373.88
30-09-2022,Keyboard,Accessories,West,2,180.08
30-09-2022,Webcam,Accessories,West,2,201.06
01-10-2022,Monitor,Computers,West,6,1688.06
01-10-2022,Monitor,Computers,South,2,635.36
01-10-2022,Smartwatch,Wearables,North,4,1021.48
01-10-2022,Monitor,Computers,Central,1,327.02
02-10-2022,Monitor,Computers,South,2,641.17
02-10-2022,Monitor,Computers,South,2,651.29
03-10-2022,Smartwatch,Wearables,East,1,252.9
03-10-2022,Keyboard,Accessories,North,3,231.01
04-10-2022,Headphones,Accessories,South,4,424.35
04-10-2022,Speaker,Audio,West,5,712.94
04-10-2022,Monitor,Computers,East,1,401.1
04-10-2022,Smartphone,Mobile,South,2,1324.86
04-10-2022,Smartwatch,Wearables,West,5,1138.62
05-10-2022,Laptop,Computers,North,5,3662.51
05-10-2022,Smartphone,Mobile,East,2,1096.79
05-10-2022,Smartphone,Mobile,Central,1,680.74
06-10-2022,Keyboard,Accessories,North,1,71.63
06-10-2022,Monitor,Computers,Central,1,327.03
06-10-2022,Tablet,Mobile,West,2,927.44
06-10-2022,Speaker,Audio,Central,3,481.65
06-10-2022,Smartphone,Mobile,North,3,1862.22
07-10-2022,Smartphone,Mobile,South,2,1301.86
07-10-2022,Headphones,Accessories,West,2,237.61
07-10-2022,Smartphone,Mobile,East,6,3694.56
07-10-2022,Tablet,Mobile,South,4,1931.32
07-10-2022,Laptop,Computers,South,4,2894.72
08-10-2022,Headphones,Accessories,South,3,402.63
09-10-2022,Smartwatch,Wearables,Central,2,496.66
09-10-2022,Webcam,Accessories,North,3,293.88
09-10-2022,Speaker,Audio,West,3,452.61
09-10-2022,Mouse,Accessories,East,5,227.7
10-10-2022,Smartphone,Mobile,North,2,1164.55
10-10-2022,Keyboard,Accessories,South,3,276.66
10-10-2022,Smartwatch,Wearables,South,4,895.87
10-10-2022,Laptop,Computers,West,2,1554.84
10-10-2022,Laptop,Computers,West,4,3292.04
11-10-2022,Webcam,Accessories,East,5,367.68
11-10-2022,Keyboard,Accessories,South,2,169.38
11-10-2022,Smartphone,Mobile,West,4,2556.76
12-10-2022,Webcam,Accessories,West,1,93.68
12-10-2022,Keyboard,Accessories,North,3,260.67
12-10-2022,Tablet,Mobile,Central,3,1145.61
12-10-2022,Monitor,Computers,West,2,802.18
12-10-2022,Smartwatch,Wearables,South,2,442.64
13-10-2022,Mouse,Accessories,West,3,134.64
13-10-2022,Laptop,Computers,Central,3,2186.76
13-10-2022,Smartphone,Mobile,Central,3,1719.68
13-10-2022,Keyboard,Accessories,West,5,341.44
14-10-2022,Mouse,Accessories,West,2,88.41
14-10-2022,Keyboard,Accessories,West,2,152.3
14-10-2022,Tablet,Mobile,West,4,1566.91
15-10-2022,Keyboard,Accessories,West,3,276.9
15-10-2022,Smartphone,Mobile,South,2,1037.57
15-10-2022,Smartwatch,Wearables,North,2,531.52
15-10-2022,Tablet,Mobile,North,4,1596.54
16-10-2022,Smartphone,Mobile,East,4,2126.87
17-10-2022,Smartphone,Mobile,North,4,2524.87
17-10-2022,Tablet,Mobile,North,1,383.51
18-10-2022,Tablet,Mobile,West,2,1023.32
18-10-2022,Headphones,Accessories,South,3,414.6
18-10-2022,Tablet,Mobile,North,2,843.08
18-10-2022,Smartphone,Mobile,South,3,1934.15
19-10-2022,Smartphone,Mobile,Central,2,1113.36
19-10-2022,Speaker,Audio,South,3,485.18
19-10-2022,Tablet,Mobile,West,3,1090.68
19-10-2022,Keyboard,Accessories,North,2,169.66
20-10-2022,Smartphone,Mobile,North,1,604.7
20-10-2022,Headphones,Accessories,West,2,228.13
20-10-2022,Smartphone,Mobile,West,2,1182.39
20-10-2022,Smartphone,Mobile,South,3,2074.92
20-10-2022,Mouse,Accessories,South,2,75.96
21-10-2022,Speaker,Audio,Central,5,714.59
21-10-2022,Headphones,Accessories,North,2,243.86
22-10-2022,Mouse,Accessories,West,2,75.85
22-10-2022,Speaker,Audio,South,2,291.75
22-10-2022,Headphones,Accessories,South,2,225.25
22-10-2022,Monitor,Computers,Central,1,346.32
22-10-2022,Smartphone,Mobile,North,4,2499.7
23-10-2022,Smartphone,Mobile,East,3,1577.02
23-10-2022,Speaker,Audio,North,3,375.6
23-10-2022,Headphones,Accessories,East,3,327.78
23-10-2022,Keyboard,Accessories,South,4,319.68
23-10-2022,Headphones,Accessories,North,1,132.19
24-10-2022,Keyboard,Accessories,West,2,165.68
24-10-2022,Webcam,Accessories,East,4,331.6
24-10-2022,Smartwatch,Wearables,East,4,978.01
24-10-2022,Tablet,Mobile,South,2,747.28
25-10-2022,Keyboard,Accessories,Central,1,77.3
25-10-2022,Mouse,Accessories,East,1,33.96
25-10-2022,Headphones,Accessories,North,1,130.41
26-10-2022,Monitor,Computers,North,4,1522.36
26-10-2022,Smartphone,Mobile,Central,3,1653.88
26-10-2022,Tablet,Mobile,North,1,453.44
27-10-2022,Smartphone,Mobile,Central,3,1829.73
27-10-2022,Laptop,Computers,East,4,3320.32
27-10-2022,Headphones,Accessories,North,3,344.76
27-10-2022,Laptop,Computers,South,3,1972.73
28-10-2022,Keyboard,Accessories,Central,4,293.87
29-10-2022,Monitor,Computers,Central,3,865.34
29-10-2022,Monitor,Computers,Central,3,1098.36
29-10-2022,Tablet,Mobile,North,4,1675.79
30-10-2022,Headphones,Accessories,West,1,127.19
30-10-2022,Laptop,Computers,West,5,3390.56
31-10-2022,Headphones,Accessories,East,2,226
31-10-2022,Speaker,Audio,East,1,160.66
31-10-2022,Webcam,Accessories,West,3,278.31
31-10-2022,Laptop,Computers,Central,2,1502.36
01-11-2022,Monitor,Computers,Central,1,427.76
01-11-2022,Mouse,Accessories,North,5,250.4
01-11-2022,Keyboard,Accessories,Central,5,525.17
01-11-2022,Keyboard,Accessories,East,5,619.95
01-11-2022,Keyboard,Accessories,South,8,976.24
01-11-2022,Smartwatch,Wearables,West,3,1098.15
01-11-2022,Smartwatch,Wearables,West,4,1328.08
02-11-2022,Laptop,Computers,North,5,4995.54
02-11-2022,Tablet,Mobile,East,6,3186.28
03-11-2022,Smartphone,Mobile,West,3,2143.94
03-11-2022,Speaker,Audio,East,2,460.42
03-11-2022,Webcam,Accessories,Central,1,136.72
04-11-2022,Speaker,Audio,South,4,870.88
04-11-2022,Webcam,Accessories,West,5,648.25
05-11-2022,Smartphone,Mobile,East,4,3440.67
05-11-2022,Tablet,Mobile,North,2,1316.91
05-11-2022,Smartphone,Mobile,East,5,4633.85
07-11-2022,Smartphone,Mobile,West,3,2694.99
07-11-2022,Keyboard,Accessories,Central,2,224.66
07-11-2022,Tablet,Mobile,Central,2,1188
08-11-2022,Mouse,Accessories,North,3,156.29
09-11-2022,Smartwatch,Wearables,North,2,697.46
10-11-2022,Keyboard,Accessories,North,4,395.66
10-11-2022,Tablet,Mobile,South,8,5344.32
11-11-2022,Speaker,Audio,South,5,808.36
11-11-2022,Monitor,Computers,North,7,3340.61
12-11-2022,Mouse,Accessories,South,6,361.44
13-11-2022,Tablet,Mobile,East,5,2797.95
13-11-2022,Headphones,Accessories,West,4,724.24
14-11-2022,Laptop,Computers,North,4,4577.48
14-11-2022,Tablet,Mobile,South,4,2169.7
14-11-2022,Tablet,Mobile,North,7,4090.34
14-11-2022,Mouse,Accessories,Central,5,258.12
15-11-2022,Tablet,Mobile,East,6,3931.86
15-11-2022,Smartphone,Mobile,East,4,3224.48
17-11-2022,Smartwatch,Wearables,East,2,778.14
17-11-2022,Monitor,Computers,North,3,1525.17
18-11-2022,Laptop,Computers,Central,7,7307.5
18-11-2022,Smartwatch,Wearables,West,3,912.77
18-11-2022,Smartwatch,Wearables,West,3,926.39
19-11-2022,Monitor,Computers,Central,3,1549.38
19-11-2022,Keyboard,Accessories,Central,3,369.75
19-11-2022,Speaker,Audio,East,5,964.39
19-11-2022,Tablet,Mobile,North,6,3211.62
20-11-2022,Webcam,Accessories,Central,3,366.01
20-11-2022,Smartwatch,Wearables,East,6,1710.43
20-11-2022,Smartwatch,Wearables,East,6,1710.43
21-11-2022,Speaker,Audio,Central,3,556.01
21-11-2022,Smartwatch,Wearables,East,3,1085.46
21-11-2022,Monitor,Computers,East,3,1437.03
21-11-2022,Speaker,Audio,South,3,587.41
22-11-2022,Speaker,Audio,East,3,678.93
23-11-2022,Keyboard,Accessories,South,4,434.88
23-11-2022,Tablet,Mobile,North,3,1847.72
24-11-2022,Headphones,Accessories,East,4,681.68
24-11-2022,Speaker,Audio,Central,3,620.84
24-11-2022,Headphones,Accessories,Central,3,445.61
25-11-2022,Tablet,Mobile,East,4,2784
26-11-2022,Laptop,Computers,East,3,2674.25
26-11-2022,Mouse,Accessories,South,4,240.28
28-11-2022,Speaker,Audio,South,7,1464.4
28-11-2022,Speaker,Audio,South,3,518.72
28-11-2022,Mouse,Accessories,Central,6,370.8
29-11-2022,Headphones,Accessories,Central,8,1408.81
30-11-2022,Smartwatch,Wearables,Central,3,980.34
01-12-2022,Mouse,Accessories,South,4,225
02-12-2022,Tablet,Mobile,West,6,4012.62
02-12-2022,Webcam,Accessories,South,6,792.42
02-12-2022,Tablet,Mobile,East,3,2079.96
03-12-2022,Tablet,Mobile,North,2,1211.02
03-12-2022,Smartwatch,Wearables,Central,6,2340.66
04-12-2022,Monitor,Computers,South,5,2250.69
04-12-2022,Monitor,Computers,West,1,433.37
04-12-2022,Keyboard,Accessories,West,7,721.38
04-12-2022,Smartwatch,Wearables,West,5,1410.56
04-12-2022,Monitor,Computers,East,7,3539.48
05-12-2022,Webcam,Accessories,North,2,231.19
05-12-2022,Tablet,Mobile,North,4,2793.96
05-12-2022,Smartphone,Mobile,West,5,3786.5
06-12-2022,Webcam,Accessories,West,1,112.14
06-12-2022,Mouse,Accessories,South,5,276.66
06-12-2022,Webcam,Accessories,North,3,330.34
06-12-2022,Headphones,Accessories,West,5,645.16
06-12-2022,Headphones,Accessories,South,3,
06-12-2022,Speaker,Audio,East,6,999.31
07-12-2022,Smartphone,Mobile,Central,3,2754.42
08-12-2022,Monitor,Computers,West,5,2620.05
08-12-2022,Laptop,Computers,South,3,3692.76
08-12-2022,Webcam,Accessories,Central,4,463.61
09-12-2022,Mouse,Accessories,Central,6,356.52
09-12-2022,Speaker,Audio,East,4,708.08
09-12-2022,Tablet,Mobile,South,3,1890.78
10-12-2022,Tablet,Mobile,East,7,4567.15
10-12-2022,Mouse,Accessories,South,3,143.44
11-12-2022,Keyboard,Accessories,West,3,262.27
11-12-2022,Laptop,Computers,East,6,6934.98
12-12-2022,Monitor,Computers,South,4,1703.23
12-12-2022,Mouse,Accessories,West,1,59.91
13-12-2022,Smartwatch,Wearables,West,2,653.43
14-12-2022,Monitor,Computers,East,7,3663.24
14-12-2022,Speaker,Audio,Central,2,321.94
15-12-2022,Speaker,Audio,Central,4,936.44
15-12-2022,Headphones,Accessories,East,2,356.24
15-12-2022,Smartphone,Mobile,East,2,1342.86
16-12-2022,Speaker,Audio,East,3,557.36
16-12-2022,Webcam,Accessories,West,1,96.78
16-12-2022,Webcam,Accessories,West,4,490.72
16-12-2022,Webcam,Accessories,East,6,
16-12-2022,Mouse,Accessories,Central,7,367.06
17-12-2022,Smartphone,Mobile,South,4,3002.4
17-12-2022,Keyboard,Accessories,West,1,113.97
18-12-2022,Speaker,Audio,West,3,576.75
18-12-2022,Tablet,Mobile,West,4,2539.64
18-12-2022,Monitor,Computers,South,3,1291.22
19-12-2022,Smartwatch,Wearables,East,3,971.22
19-12-2022,Smartphone,Mobile,South,3,2707.05
19-12-2022,Keyboard,Accessories,West,1,109.66
21-12-2022,Smartwatch,Wearables,West,4,1128.7
21-12-2022,Webcam,Accessories,West,3,383.73
21-12-2022,Keyboard,Accessories,North,5,564.9
21-12-2022,Laptop,Computers,South,3,3302.1
21-12-2022,Laptop,Computers,North,3,3388.77
21-12-2022,Laptop,Computers,East,4,3697.19
22-12-2022,Monitor,Computers,Central,5,2276.25
22-12-2022,Speaker,Audio,West,2,400.01
22-12-2022,Webcam,Accessories,North,4,530.6
22-12-2022,Headphones,Accessories,West,4,649.55
22-12-2022,Smartwatch,Wearables,North,4,1379.56
22-12-2022,Webcam,Accessories,Central,3,369.42
22-12-2022,Mouse,Accessories,Central,1,62.43
22-12-2022,Headphones,Accessories,East,6,983.19
23-12-2022,Tablet,Mobile,Central,7,3477.94
23-12-2022,Webcam,Accessories,West,5,569.16
23-12-2022,Webcam,Accessories,East,8,787.01
23-12-2022,Speaker,Audio,Central,5,936.5
24-12-2022,Monitor,Computers,West,5,2077.32
25-12-2022,Webcam,Accessories,Central,4,486.16
25-12-2022,Laptop,Computers,West,3,3359.52
25-12-2022,Keyboard,Accessories,East,3,323.31
26-12-2022,Headphones,Accessories,Central,4,671.72
26-12-2022,Keyboard,Accessories,South,5,569.33
26-12-2022,Keyboard,Accessories,North,1,122.89
27-12-2022,Smartphone,Mobile,East,3,2460.02
28-12-2022,Tablet,Mobile,West,1,601.26
28-12-2022,Mouse,Accessories,West,4,213.45
28-12-2022,Headphones,Accessories,West,5,868.54
29-12-2022,Smartwatch,Wearables,Central,3,971
29-12-2022,Headphones,Accessories,East,7,1107.49
29-12-2022,Headphones,Accessories,East,5,721.18
29-12-2022,Tablet,Mobile,West,6,3879.84
30-12-2022,Mouse,Accessories,South,5,282.45
30-12-2022,Tablet,Mobile,North,6,4002.24
30-12-2022,Webcam,Accessories,West,6,719.85
31-12-2022,Laptop,Computers,East,3,3333.51
31-12-2022,Speaker,Audio,West,7,1316.07
31-12-2022,Monitor,Computers,North,5,2448.55
01-01-2023,Smartwatch,Wearables,West,2,499.93
02-01-2023,Tablet,Mobile,South,4,1461.7
02-01-2023,Laptop,Computers,Central,3,2213.63
02-01-2023,Tablet,Mobile,South,3,1506.99
03-01-2023,Mouse,Accessories,Central,2,76.96
03-01-2023,Keyboard,Accessories,North,2,144.01
03-01-2023,Webcam,Accessories,Central,2,191.06
04-01-2023,Headphones,Accessories,Central,3,367.56
04-01-2023,Headphones,Accessories,West,2,262.7
04-01-2023,Smartwatch,Wearables,South,3,
05-01-2023,Smartwatch,Wearables,South,2,412.1
07-01-2023,Keyboard,Accessories,West,3,268.62
07-01-2023,Tablet,Mobile,East,3,1400.49
08-01-2023,Smartwatch,Wearables,North,5,1402.8
08-01-2023,Keyboard,Accessories,North,4,290.63
08-01-2023,Laptop,Computers,North,4,3425.72
08-01-2023,Laptop,Computers,East,1,
09-01-2023,Keyboard,Accessories,East,1,79.41
09-01-2023,Laptop,Computers,West,3,2651.34
09-01-2023,Smartwatch,Wearables,North,3,740.16
09-01-2023,Smartwatch,Wearables,North,3,740.16
09-01-2023,Smartwatch,Wearables,North,2,474.07
09-01-2023,Smartwatch,Wearables,South,2,427.07
10-01-2023,Keyboard,Accessories,South,2,144.48
10-01-2023,Keyboard,Accessories,West,3,253.79
10-01-2023,Tablet,Mobile,East,3,1412.29
10-01-2023,Monitor,Computers,South,5,1830.46
10-01-2023,Tablet,Mobile,East,4,2025.72
10-01-2023,Webcam,Accessories,Central,1,90.08
10-01-2023,Mouse,Accessories,South,2,78.78
11-01-2023,Laptop,Computers,North,3,2132.76
11-01-2023,Laptop,Computers,South,3,1910.78
11-01-2023,Webcam,Accessories,North,1,81.76
12-01-2023,Monitor,Computers,South,3,874.47
12-01-2023,Webcam,Accessories,Central,4,391
12-01-2023,Smartphone,Mobile,South,1,553.81
12-01-2023,Mouse,Accessories,South,2,82.86
12-01-2023,Mouse,Accessories,Central,2,89.46
13-01-2023,Webcam,Accessories,East,4,398.12
13-01-2023,Speaker,Audio,East,2,315.42
13-01-2023,Smartphone,Mobile,East,1,607.49
14-01-2023,Laptop,Computers,East,2,1655.91
15-01-2023,Smartphone,Mobile,West,2,1062.82
15-01-2023,Monitor,Computers,North,1,341.19
15-01-2023,Laptop,Computers,South,4,2788.58
15-01-2023,Keyboard,Accessories,South,1,66.62
15-01-2023,Monitor,Computers,East,3,1127.25
15-01-2023,Monitor,Computers,East,3,910.76
16-01-2023,Laptop,Computers,North,2,1572.71
16-01-2023,Smartwatch,Wearables,South,4,952.51
16-01-2023,Smartphone,Mobile,Central,3,1797.69
17-01-2023,Laptop,Computers,South,3,2349.48
17-01-2023,Keyboard,Accessories,South,1,78.16
17-01-2023,Mouse,Accessories,South,3,128.58
18-01-2023,Smartwatch,Wearables,South,1,221.9
18-01-2023,Tablet,Mobile,Central,1,372.03
19-01-2023,Mouse,Accessories,Central,3,132.54
19-01-2023,Monitor,Computers,South,5,1643.9
19-01-2023,Tablet,Mobile,South,1,441.32
19-01-2023,Speaker,Audio,East,1,127.15
19-01-2023,Keyboard,Accessories,North,2,156.8
21-01-2023,Monitor,Computers,Central,4,1521.56
22-01-2023,Webcam,Accessories,West,3,265.9
22-01-2023,Webcam,Accessories,Central,4,363
23-01-2023,Tablet,Mobile,West,1,411.05
23-01-2023,Speaker,Audio,East,3,432.03
23-01-2023,Tablet,Mobile,North,3,1219.87
24-01-2023,Headphones,Accessories,South,3,368.85
25-01-2023,Speaker,Audio,West,3,380.16
25-01-2023,Mouse,Accessories,South,4,157.32
25-01-2023,Mouse,Accessories,Central,2,81
26-01-2023,Tablet,Mobile,South,2,814.93
26-01-2023,Tablet,Mobile,Central,2,852.34
26-01-2023,Smartwatch,Wearables,North,4,954.28
26-01-2023,Headphones,Accessories,South,4,479.22
27-01-2023,Laptop,Computers,Central,4,2967.15
27-01-2023,Webcam,Accessories,West,2,175.1
27-01-2023,Smartwatch,Wearables,South,5,1269.91
28-01-2023,Mouse,Accessories,West,3,115.26
28-01-2023,Mouse,Accessories,Central,3,123.36
28-01-2023,Keyboard,Accessories,South,4,
29-01-2023,Webcam,Accessories,Central,2,177.5
29-01-2023,Laptop,Computers,Central,3,2316.96
29-01-2023,Monitor,Computers,South,3,1070.58
30-01-2023,Smartphone,Mobile,Central,4,2574.2
31-01-2023,Webcam,Accessories,North,3,241.03
31-01-2023,Webcam,Accessories,Central,5,438.8
31-01-2023,Smartwatch,Wearables,East,3,842.82
31-01-2023,Smartphone,Mobile,South,3,1913.82
01-02-2023,Monitor,Computers,South,3,924.77
02-02-2023,Keyboard,Accessories,East,3,213
02-02-2023,Mouse,Accessories,North,2,76.37
02-02-2023,Mouse,Accessories,Central,2,73
02-02-2023,Speaker,Audio,Central,3,411.13
03-02-2023,Smartwatch,Wearables,West,3,758.84
03-02-2023,Tablet,Mobile,North,3,1246.05
03-02-2023,Mouse,Accessories,Central,2,82.08
03-02-2023,Laptop,Computers,East,2,1576.1
04-02-2023,Smartwatch,Wearables,Central,4,1053
04-02-2023,Tablet,Mobile,West,3,1272.04
04-02-2023,Tablet,Mobile,Central,2,890.19
04-02-2023,Laptop,Computers,East,3,1851.7
04-02-2023,Speaker,Audio,East,4,602.53
04-02-2023,Laptop,Computers,East,3,2543.71
04-02-2023,Monitor,Computers,Central,1,329.21
05-02-2023,Keyboard,Accessories,Central,1,90.04
05-02-2023,Smartphone,Mobile,West,4,2240.64
05-02-2023,Headphones,Accessories,West,3,378.9
05-02-2023,Speaker,Audio,North,2,319.44
05-02-2023,Smartphone,Mobile,North,2,1347.62
06-02-2023,Speaker,Audio,North,3,456.33
06-02-2023,Tablet,Mobile,North,2,896.64
07-02-2023,Keyboard,Accessories,South,2,171.9
07-02-2023,Headphones,Accessories,North,2,245.46
07-02-2023,Headphones,Accessories,East,4,469.34
08-02-2023,Webcam,Accessories,Central,2,166.67
08-02-2023,Webcam,Accessories,East,1,95.4
08-02-2023,Laptop,Computers,West,1,678.35
08-02-2023,Headphones,Accessories,East,4,511.71
09-02-2023,Keyboard,Accessories,North,4,356.68
09-02-2023,Headphones,Accessories,North,3,377.61
10-02-2023,Keyboard,Accessories,North,3,233.49
10-02-2023,Headphones,Accessories,Central,3,353.57
10-02-2023,Mouse,Accessories,West,2,83.72
10-02-2023,Smartphone,Mobile,Central,2,1200.88
11-02-2023,Tablet,Mobile,South,1,506.72
11-02-2023,Monitor,Computers,West,1,373.16
11-02-2023,Monitor,Computers,South,4,1289.59
12-02-2023,Smartphone,Mobile,West,2,1074.13
12-02-2023,Speaker,Audio,Central,2,296.84
12-02-2023,Tablet,Mobile,West,4,1630.33
13-02-2023,Speaker,Audio,West,4,615.16
13-02-2023,Monitor,Computers,South,2,678.14
13-02-2023,Keyboard,Accessories,North,2,135.78
13-02-2023,Speaker,Audio,East,1,133.47
13-02-2023,Webcam,Accessories,South,4,371.64
14-02-2023,Monitor,Computers,East,2,697.28
14-02-2023,Mouse,Accessories,South,3,100.73
15-02-2023,Speaker,Audio,East,1,149.07
15-02-2023,Smartphone,Mobile,Central,2,1274.36
16-02-2023,Mouse,Accessories,South,3,104.86
16-02-2023,Monitor,Computers,North,2,703.51
16-02-2023,Headphones,Accessories,South,3,
16-02-2023,Smartphone,Mobile,West,5,2375.16
16-02-2023,Tablet,Mobile,East,3,1468.77
17-02-2023,Monitor,Computers,Central,2,677.58
17-02-2023,Laptop,Computers,North,3,2618.16
18-02-2023,Laptop,Computers,Central,1,636.81
18-02-2023,Keyboard,Accessories,North,2,151.25
18-02-2023,Smartphone,Mobile,East,3,1471.22
18-02-2023,Laptop,Computers,East,1,704.14
18-02-2023,Laptop,Computers,West,5,3087.08
20-02-2023,Laptop,Computers,Central,4,3288.88
20-02-2023,Speaker,Audio,East,3,431.06
20-02-2023,Headphones,Accessories,South,3,298.51
21-02-2023,Tablet,Mobile,West,1,479.73
21-02-2023,Keyboard,Accessories,North,1,71.8
21-02-2023,Smartwatch,Wearables,Central,2,529.17
21-02-2023,Webcam,Accessories,East,5,458.3
22-02-2023,Webcam,Accessories,Central,4,
23-02-2023,Tablet,Mobile,South,3,1393.05
23-02-2023,Laptop,Computers,South,2,1693.53
23-02-2023,Keyboard,Accessories,South,2,155.82
23-02-2023,Laptop,Computers,South,4,3147.58
23-02-2023,Laptop,Computers,West,5,3767.33
24-02-2023,Mouse,Accessories,Central,3,112.75
24-02-2023,Tablet,Mobile,West,4,1946.56
24-02-2023,Smartphone,Mobile,North,4,2472.64
24-02-2023,Headphones,Accessories,West,3,370.44
24-02-2023,Headphones,Accessories,West,3,305.39
25-02-2023,Mouse,Accessories,East,4,134.91
25-02-2023,Smartwatch,Wearables,South,1,212.6
25-02-2023,Keyboard,Accessories,South,5,411.3
25-02-2023,Smartphone,Mobile,South,3,1795.8
25-02-2023,Headphones,Accessories,West,4,414.75
26-02-2023,Tablet,Mobile,North,2,787.63
26-02-2023,Mouse,Accessories,West,2,83.56
26-02-2023,Mouse,Accessories,West,4,150.48
26-02-2023,Monitor,Computers,South,4,1450.44
26-02-2023,Speaker,Audio,West,2,305.48
27-02-2023,Tablet,Mobile,Central,3,1442.7
28-02-2023,Smartwatch,Wearables,Central,2,524.06
28-02-2023,Monitor,Computers,East,5,1649.67
28-02-2023,Keyboard,Accessories,Central,2,167.9
01-03-2023,Tablet,Mobile,North,4,1989.2
01-03-2023,Headphones,Accessories,South,1,124.7
01-03-2023,Mouse,Accessories,West,2,77.98
02-03-2023,Speaker,Audio,Central,3,437.17
02-03-2023,Mouse,Accessories,West,4,179.72
02-03-2023,Smartwatch,Wearables,Central,1,267.13
03-03-2023,Webcam,Accessories,West,4,326.56
03-03-2023,Laptop,Computers,South,4,2882.3
04-03-2023,Monitor,Computers,East,2,691.03
04-03-2023,Webcam,Accessories,North,4,416.36
04-03-2023,Tablet,Mobile,North,4,1974.32
05-03-2023,Headphones,Accessories,Central,3,364.5
05-03-2023,Mouse,Accessories,West,3,146.61
05-03-2023,Keyboard,Accessories,East,3,250.75
05-03-2023,Webcam,Accessories,North,2,198.66
06-03-2023,Mouse,Accessories,West,1,44.77
06-03-2023,Mouse,Accessories,Central,4,177.48
06-03-2023,Keyboard,Accessories,East,1,74.76
07-03-2023,Tablet,Mobile,South,5,1986.16
08-03-2023,Mouse,Accessories,North,3,117.77
08-03-2023,Laptop,Computers,North,4,3103.58
08-03-2023,Mouse,Accessories,Central,4,198.84
09-03-2023,Headphones,Accessories,East,3,363.68
09-03-2023,Monitor,Computers,East,3,1271.52
09-03-2023,Laptop,Computers,Central,3,2646.39
10-03-2023,Tablet,Mobile,Central,2,885.69
10-03-2023,Speaker,Audio,Central,3,525.65
11-03-2023,Tablet,Mobile,West,4,1960.24
11-03-2023,Smartwatch,Wearables,South,5,1313.97
11-03-2023,Mouse,Accessories,West,4,155.9
11-03-2023,Mouse,Accessories,North,3,124.62
12-03-2023,Smartphone,Mobile,Central,3,2136.39
12-03-2023,Speaker,Audio,West,3,541.11
12-03-2023,Webcam,Accessories,East,3,248.88
12-03-2023,Tablet,Mobile,East,1,489.16
12-03-2023,Speaker,Audio,South,6,987.41
13-03-2023,Smartwatch,Wearables,West,3,736.8
13-03-2023,Mouse,Accessories,Central,1,36.3
13-03-2023,Keyboard,Accessories,North,3,254.42
14-03-2023,Smartwatch,Wearables,South,4,1148.44
14-03-2023,Mouse,Accessories,East,3,126.68
14-03-2023,Headphones,Accessories,East,4,598
15-03-2023,Speaker,Audio,North,3,505.2
16-03-2023,Speaker,Audio,East,1,159.53
16-03-2023,Smartphone,Mobile,South,2,1098.78
17-03-2023,Tablet,Mobile,North,1,528.1
17-03-2023,Keyboard,Accessories,West,3,218.82
17-03-2023,Laptop,Computers,South,1,
17-03-2023,Laptop,Computers,South,5,3432.44
18-03-2023,Laptop,Computers,East,4,2930.49
18-03-2023,Monitor,Computers,East,1,351.26
18-03-2023,Monitor,Computers,Central,3,1034.59
18-03-2023,Webcam,Accessories,North,3,335.79
19-03-2023,Tablet,Mobile,South,1,498.72
19-03-2023,Webcam,Accessories,South,6,593.52
19-03-2023,Webcam,Accessories,Central,5,533.5
20-03-2023,Monitor,Computers,South,5,1902.2
20-03-2023,Headphones,Accessories,South,3,354.02
20-03-2023,Speaker,Audio,East,4,579.82
20-03-2023,Keyboard,Accessories,Central,2,173.9
21-03-2023,Speaker,Audio,North,3,530.4
21-03-2023,Laptop,Computers,Central,4,3113.66
21-03-2023,Smartwatch,Wearables,West,2,442.53
21-03-2023,Laptop,Computers,West,5,4408.75
21-03-2023,Keyboard,Accessories,North,4,358
21-03-2023,Keyboard,Accessories,Central,2,197.72
22-03-2023,Headphones,Accessories,North,2,293
22-03-2023,Smartwatch,Wearables,East,3,896.22
22-03-2023,Tablet,Mobile,East,3,1554.33
22-03-2023,Tablet,Mobile,West,3,1547.34
23-03-2023,Headphones,Accessories,South,1,145.36
24-03-2023,Monitor,Computers,North,2,763.88
24-03-2023,Monitor,Computers,Central,3,1156.74
25-03-2023,Headphones,Accessories,West,4,489.13
25-03-2023,Mouse,Accessories,South,5,200.98
26-03-2023,Mouse,Accessories,North,2,87.52
26-03-2023,Keyboard,Accessories,North,2,193.8
26-03-2023,Mouse,Accessories,West,4,169.9
26-03-2023,Webcam,Accessories,South,3,326.28
26-03-2023,Headphones,Accessories,West,6,762.96
27-03-2023,Tablet,Mobile,West,2,860.16
27-03-2023,Mouse,Accessories,Central,1,45.5
27-03-2023,Smartwatch,Wearables,North,1,293.57
27-03-2023,Laptop,Computers,East,2,1696.87
27-03-2023,Webcam,Accessories,North,4,394.82
28-03-2023,Keyboard,Accessories,Central,1,89.95
28-03-2023,Tablet,Mobile,Central,4,2224.32
29-03-2023,Smartphone,Mobile,East,3,2185.62
29-03-2023,Monitor,Computers,South,2,747.76
29-03-2023,Speaker,Audio,North,1,153.52
30-03-2023,Speaker,Audio,South,2,280.3
30-03-2023,Speaker,Audio,West,1,147.55
31-03-2023,Tablet,Mobile,North,2,993.22
31-03-2023,Headphones,Accessories,East,7,1013.25
31-03-2023,Mouse,Accessories,East,4,156.74
31-03-2023,Speaker,Audio,North,4,718.2
01-04-2023,Smartwatch,Wearables,West,7,1951.42
01-04-2023,Smartwatch,Wearables,West,6,1794.9
01-04-2023,Tablet,Mobile,East,3,1190.28
01-04-2023,Speaker,Audio,North,3,548.13
01-04-2023,Webcam,Accessories,North,3,309.37
02-04-2023,Webcam,Accessories,South,5,510.25
02-04-2023,Laptop,Computers,South,1,
02-04-2023,Monitor,Computers,South,4,1215.42
03-04-2023,Speaker,Audio,North,1,177.46
03-04-2023,Headphones,Accessories,South,6,871.98
04-04-2023,Speaker,Audio,South,2,363.94
04-04-2023,Laptop,Computers,South,1,927.73
04-04-2023,Webcam,Accessories,East,4,332.45
05-04-2023,Smartwatch,Wearables,Central,2,509.11
05-04-2023,Monitor,Computers,North,3,1127.76
06-04-2023,Monitor,Computers,North,3,1108.51
06-04-2023,Laptop,Computers,Central,3,2820.99
06-04-2023,Tablet,Mobile,Central,4,1750.79
06-04-2023,Smartwatch,Wearables,Central,4,1020.17
07-04-2023,Keyboard,Accessories,North,4,318.42
07-04-2023,Smartphone,Mobile,North,2,1454
08-04-2023,Smartphone,Mobile,Central,2,1404.28
08-04-2023,Laptop,Computers,East,4,3719.08
08-04-2023,Mouse,Accessories,West,2,89.94
08-04-2023,Headphones,Accessories,South,4,593.8
09-04-2023,Headphones,Accessories,East,6,684.62
09-04-2023,Keyboard,Accessories,North,5,441
09-04-2023,Mouse,Accessories,South,3,129.73
09-04-2023,Keyboard,Accessories,North,5,441
10-04-2023,Laptop,Computers,East,3,2657.01
11-04-2023,Keyboard,Accessories,West,1,82.98
11-04-2023,Headphones,Accessories,South,3,412.68
12-04-2023,Headphones,Accessories,North,5,681.35
12-04-2023,Smartphone,Mobile,Central,3,2119.95
12-04-2023,Mouse,Accessories,Central,3,138.93
12-04-2023,Smartwatch,Wearables,South,6,1454.6
14-04-2023,Headphones,Accessories,North,2,207.62
14-04-2023,Webcam,Accessories,North,3,273.97
14-04-2023,Smartphone,Mobile,West,1,742.41
15-04-2023,Tablet,Mobile,North,2,986.67
15-04-2023,Smartphone,Mobile,East,2,1342.28
15-04-2023,Smartwatch,Wearables,West,5,1446.5
15-04-2023,Webcam,Accessories,North,1,95.29
15-04-2023,Headphones,Accessories,North,3,432.21
16-04-2023,Monitor,Computers,West,3,1311.66
17-04-2023,Laptop,Computers,East,2,1852.71
18-04-2023,Laptop,Computers,East,2,1575.79
18-04-2023,Monitor,Computers,South,2,766.99
18-04-2023,Laptop,Computers,North,4,3332.14
19-04-2023,Smartwatch,Wearables,South,3,743.8
19-04-2023,Mouse,Accessories,Central,4,154.53
19-04-2023,Webcam,Accessories,North,2,162.05
19-04-2023,Smartwatch,Wearables,West,4,1076.4
20-04-2023,Mouse,Accessories,North,5,214.92
20-04-2023,Smartwatch,Wearables,South,3,917.85
20-04-2023,Laptop,Computers,South,4,3550.61
21-04-2023,Smartphone,Mobile,North,5,2868.58
21-04-2023,Monitor,Computers,West,1,374.38
21-04-2023,Headphones,Accessories,South,1,133.91
22-04-2023,Webcam,Accessories,Central,2,193.8
23-04-2023,Webcam,Accessories,North,3,311.52
23-04-2023,Smartphone,Mobile,Central,3,2105.85
23-04-2023,Monitor,Computers,West,2,792.58
24-04-2023,Headphones,Accessories,South,4,536.8
24-04-2023,Webcam,Accessories,West,1,88.6
24-04-2023,Mouse,Accessories,East,3,124.11
25-04-2023,Smartwatch,Wearables,South,3,864.21
25-04-2023,Smartwatch,Wearables,East,5,1135.34
25-04-2023,Webcam,Accessories,East,2,218.7
25-04-2023,Tablet,Mobile,Central,4,2022.34
26-04-2023,Webcam,Accessories,South,2,198.76
26-04-2023,Headphones,Accessories,West,3,376.79
26-04-2023,Monitor,Computers,South,5,2103.2
27-04-2023,Laptop,Computers,South,6,5131.38
27-04-2023,Headphones,Accessories,Central,1,109.99
27-04-2023,Smartwatch,Wearables,East,3,818.19
27-04-2023,Monitor,Computers,West,4,1708.28
28-04-2023,Laptop,Computers,East,3,2885.91
28-04-2023,Headphones,Accessories,South,3,405.75
29-04-2023,Smartwatch,Wearables,South,3,670.85
29-04-2023,Tablet,Mobile,East,2,999.2
30-04-2023,Smartwatch,Wearables,North,2,626.1
30-04-2023,Laptop,Computers,North,4,3834.04
30-04-2023,Laptop,Computers,West,3,2567.83
30-04-2023,Keyboard,Accessories,East,3,269.06
01-05-2023,Tablet,Mobile,North,1,502.56
01-05-2023,Mouse,Accessories,Central,4,173.6
02-05-2023,Laptop,Computers,South,3,2111.71
02-05-2023,Webcam,Accessories,North,4,312.06
02-05-2023,Mouse,Accessories,West,2,92.78
02-05-2023,Keyboard,Accessories,East,4,337.55
03-05-2023,Speaker,Audio,Central,4,722
03-05-2023,Speaker,Audio,West,3,403.49
03-05-2023,Smartwatch,Wearables,East,1,244.58
03-05-2023,Tablet,Mobile,South,3,1398.81
03-05-2023,Speaker,Audio,Central,1,130.59
03-05-2023,Webcam,Accessories,South,2,199.1
04-05-2023,Tablet,Mobile,South,3,1349.65
04-05-2023,Speaker,Audio,North,1,184.82
04-05-2023,Smartwatch,Wearables,South,3,840.93
05-05-2023,Laptop,Computers,West,2,1899.68
05-05-2023,Smartwatch,Wearables,Central,3,918.24
05-05-2023,Tablet,Mobile,East,5,2131.92
05-05-2023,Smartphone,Mobile,Central,3,2208.69
06-05-2023,Laptop,Computers,East,3,2052.17
07-05-2023,Speaker,Audio,South,3,465.05
07-05-2023,Webcam,Accessories,East,5,389.92
07-05-2023,Mouse,Accessories,North,1,43.6
09-05-2023,Keyboard,Accessories,West,1,72.31
09-05-2023,Headphones,Accessories,East,6,829.98
09-05-2023,Speaker,Audio,Central,3,457.7
10-05-2023,Smartphone,Mobile,North,5,3379.01
10-05-2023,Smartphone,Mobile,North,1,686.96
10-05-2023,Tablet,Mobile,Central,3,1639.35
11-05-2023,Keyboard,Accessories,North,2,178.16
11-05-2023,Mouse,Accessories,North,1,47.23
11-05-2023,Mouse,Accessories,North,3,129.81
12-05-2023,Headphones,Accessories,South,6,669.02
12-05-2023,Speaker,Audio,East,2,324.27
12-05-2023,Headphones,Accessories,East,5,735.1
12-05-2023,Speaker,Audio,Central,1,142.66
13-05-2023,Monitor,Computers,North,3,1301.52
13-05-2023,Smartwatch,Wearables,North,5,1308.49
13-05-2023,Mouse,Accessories,West,4,189.92
13-05-2023,Keyboard,Accessories,West,3,243.35
13-05-2023,Mouse,Accessories,Central,7,295.66
13-05-2023,Keyboard,Accessories,East,3,234.68
14-05-2023,Smartwatch,Wearables,South,2,549.74
14-05-2023,Keyboard,Accessories,East,3,233.76
15-05-2023,Speaker,Audio,East,3,435.21
15-05-2023,Monitor,Computers,South,4,1441.95
15-05-2023,Monitor,Computers,South,4,1570.61
15-05-2023,Laptop,Computers,North,4,3630.2
16-05-2023,Smartwatch,Wearables,Central,1,307.91
16-05-2023,Smartphone,Mobile,South,5,3160.04
16-05-2023,Monitor,Computers,East,1,392.44
17-05-2023,Speaker,Audio,East,4,655.84
18-05-2023,Mouse,Accessories,West,2,82.96
18-05-2023,Keyboard,Accessories,West,3,213.86
18-05-2023,Smartphone,Mobile,West,4,2891.12
18-05-2023,Smartwatch,Wearables,North,3,880.71
19-05-2023,Mouse,Accessories,West,2,83.32
19-05-2023,Headphones,Accessories,Central,6,826.86
19-05-2023,Headphones,Accessories,East,3,418.77
19-05-2023,Mouse,Accessories,Central,2,94.01
19-05-2023,Smartwatch,Wearables,West,2,439.02
19-05-2023,Speaker,Audio,Central,4,582.21
19-05-2023,Headphones,Accessories,West,6,
21-05-2023,Smartphone,Mobile,South,3,2016.77
21-05-2023,Smartphone,Mobile,North,4,2799.76
22-05-2023,Monitor,Computers,East,3,998.95
22-05-2023,Speaker,Audio,West,2,258.06
23-05-2023,Mouse,Accessories,North,3,129.87
24-05-2023,Smartwatch,Wearables,East,5,1219.03
24-05-2023,Smartwatch,Wearables,South,3,834.03
25-05-2023,Laptop,Computers,East,3,2644.37
25-05-2023,Smartwatch,Wearables,East,3,815.7
25-05-2023,Laptop,Computers,East,4,3427.12
25-05-2023,Webcam,Accessories,South,4,394.4
26-05-2023,Keyboard,Accessories,North,1,81.31
26-05-2023,Mouse,Accessories,Central,2,90.18
26-05-2023,Webcam,Accessories,North,2,192.9
26-05-2023,Mouse,Accessories,West,3,139.42
26-05-2023,Smartwatch,Wearables,Central,3,890.37
27-05-2023,Headphones,Accessories,South,3,428.49
27-05-2023,Monitor,Computers,East,3,1072
27-05-2023,Mouse,Accessories,North,2,80.97
28-05-2023,Tablet,Mobile,West,3,1548.21
28-05-2023,Webcam,Accessories,East,3,274.59
29-05-2023,Mouse,Accessories,West,5,227.25
30-05-2023,Smartphone,Mobile,South,5,3424.27
30-05-2023,Headphones,Accessories,North,2,223.15
30-05-2023,Speaker,Audio,West,4,589.32
31-05-2023,Mouse,Accessories,South,1,47.52
31-05-2023,Speaker,Audio,Central,3,427.43
01-06-2023,Monitor,Computers,North,3,1244.7
01-06-2023,Speaker,Audio,South,1,186.18
01-06-2023,Smartphone,Mobile,North,2,1475.88
01-06-2023,Smartphone,Mobile,North,1,569.63
01-06-2023,Tablet,Mobile,South,4,1851.21
02-06-2023,Tablet,Mobile,West,4,2032.08
02-06-2023,Tablet,Mobile,East,4,1796.29
02-06-2023,Laptop,Computers,West,1,863.5
02-06-2023,Tablet,Mobile,East,4,2113.98
03-06-2023,Smartphone,Mobile,East,1,635.51
03-06-2023,Laptop,Computers,South,3,2562.63
04-06-2023,Laptop,Computers,Central,5,3493.72
04-06-2023,Tablet,Mobile,West,2,999.36
06-06-2023,Monitor,Computers,North,3,1229.55
07-06-2023,Keyboard,Accessories,West,2,183.2
07-06-2023,Mouse,Accessories,Central,2,78.91
08-06-2023,Tablet,Mobile,West,3,1691.07
08-06-2023,Monitor,Computers,Central,4,1286.24
08-06-2023,Smartwatch,Wearables,North,3,659.76
09-06-2023,Speaker,Audio,South,3,476.96
09-06-2023,Monitor,Computers,East,4,1639.05
10-06-2023,Tablet,Mobile,West,4,2217.36
10-06-2023,Smartwatch,Wearables,West,4,1227.08
11-06-2023,Webcam,Accessories,South,4,359.96
11-06-2023,Monitor,Computers,South,4,1674.72
11-06-2023,Keyboard,Accessories,North,3,246.41
12-06-2023,Monitor,Computers,Central,1,391.32
12-06-2023,Speaker,Audio,East,3,521.37
12-06-2023,Tablet,Mobile,East,3,1319.32
12-06-2023,Keyboard,Accessories,East,5,364.88
12-06-2023,Smartwatch,Wearables,South,3,922.11
13-06-2023,Smartwatch,Wearables,East,2,495.85
14-06-2023,Smartwatch,Wearables,South,3,838.11
15-06-2023,Headphones,Accessories,North,4,535.44
15-06-2023,Headphones,Accessories,North,1,135.85
15-06-2023,Webcam,Accessories,West,5,521.07
16-06-2023,Laptop,Computers,West,3,2832
16-06-2023,Mouse,Accessories,Central,2,85.8
16-06-2023,Smartphone,Mobile,Central,4,2572.16
16-06-2023,Smartphone,Mobile,North,2,1300.93
16-06-2023,Webcam,Accessories,West,1,94.22
17-06-2023,Smartwatch,Wearables,North,1,283.07
18-06-2023,Monitor,Computers,West,4,1543.79
18-06-2023,Headphones,Accessories,Central,3,409.35
18-06-2023,Headphones,Accessories,North,3,340.04
18-06-2023,Headphones,Accessories,South,3,426.63
18-06-2023,Tablet,Mobile,Central,2,901.05
18-06-2023,Tablet,Mobile,East,4,1982.24
20-06-2023,Keyboard,Accessories,East,3,229.75
20-06-2023,Mouse,Accessories,East,3,147.09
21-06-2023,Headphones,Accessories,Central,3,336.48
21-06-2023,Speaker,Audio,East,3,561.72
21-06-2023,Headphones,Accessories,South,6,841.86
22-06-2023,Smartphone,Mobile,South,2,1319.24
22-06-2023,Tablet,Mobile,East,5,2114.96
22-06-2023,Smartphone,Mobile,West,4,2638.96
22-06-2023,Laptop,Computers,Central,5,4858.3
22-06-2023,Monitor,Computers,South,2,808.08
23-06-2023,Monitor,Computers,West,4,1612.24
24-06-2023,Headphones,Accessories,West,1,119.94
24-06-2023,Mouse,Accessories,East,3,149.07
25-06-2023,Smartwatch,Wearables,West,3,921.6
25-06-2023,Keyboard,Accessories,West,2,186.68
25-06-2023,Laptop,Computers,Central,1,746.43
25-06-2023,Laptop,Computers,North,4,3182.85
25-06-2023,Speaker,Audio,Central,2,282.74
25-06-2023,Monitor,Computers,Central,1,375.74
26-06-2023,Keyboard,Accessories,Central,4,370.42
26-06-2023,Smartwatch,Wearables,South,3,738.82
27-06-2023,Monitor,Computers,East,5,1621.38
27-06-2023,Smartwatch,Wearables,South,2,458.03
27-06-2023,Headphones,Accessories,North,4,579.08
28-06-2023,Tablet,Mobile,East,5,2147.64
28-06-2023,Mouse,Accessories,South,2,79.3
28-06-2023,Webcam,Accessories,North,2,
29-06-2023,Smartphone,Mobile,Central,4,2937.6
29-06-2023,Monitor,Computers,West,4,1533.32
29-06-2023,Speaker,Audio,West,4,693.36
29-06-2023,Headphones,Accessories,Central,4,
30-06-2023,Webcam,Accessories,East,4,393.92
30-06-2023,Monitor,Computers,West,4,1367.41
30-06-2023,Speaker,Audio,Central,5,900.7
30-06-2023,Smartphone,Mobile,Central,5,3233.95
01-07-2023,Webcam,Accessories,South,1,69.92
01-07-2023,Laptop,Computers,North,1,664.08
02-07-2023,Smartphone,Mobile,North,4,2210.98
02-07-2023,Speaker,Audio,Central,1,125.28
03-07-2023,Laptop,Computers,West,4,3204.16
03-07-2023,Tablet,Mobile,North,3,
03-07-2023,Smartphone,Mobile,West,4,1936.67
04-07-2023,Webcam,Accessories,East,2,174.96
04-07-2023,Monitor,Computers,South,2,723.06
04-07-2023,Speaker,Audio,North,1,146.73
05-07-2023,Mouse,Accessories,West,2,74.56
05-07-2023,Smartphone,Mobile,Central,2,1017.05
05-07-2023,Monitor,Computers,South,4,1083.31
06-07-2023,Keyboard,Accessories,South,2,135.49
07-07-2023,Smartphone,Mobile,Central,3,1911.51
08-07-2023,Smartphone,Mobile,West,3,1801.05
08-07-2023,Webcam,Accessories,North,1,93.93
09-07-2023,Keyboard,Accessories,Central,1,71.85
09-07-2023,Speaker,Audio,East,3,
09-07-2023,Keyboard,Accessories,South,5,334.62
10-07-2023,Headphones,Accessories,West,2,211.32
11-07-2023,Webcam,Accessories,North,4,369.56
11-07-2023,Smartphone,Mobile,East,4,1861.09
11-07-2023,Keyboard,Accessories,East,2,119.55
11-07-2023,Mouse,Accessories,South,2,65.22
11-07-2023,Smartwatch,Wearables,North,2,409.84
12-07-2023,Smartphone,Mobile,East,2,1037.31
12-07-2023,Mouse,Accessories,East,4,126.62
12-07-2023,Keyboard,Accessories,South,1,73.84
12-07-2023,Mouse,Accessories,Central,2,73.4
13-07-2023,Headphones,Accessories,East,2,203.58
14-07-2023,Tablet,Mobile,East,3,1255.38
14-07-2023,Smartphone,Mobile,South,4,2516.36
14-07-2023,Headphones,Accessories,West,4,437.48
14-07-2023,Mouse,Accessories,North,2,74.46
15-07-2023,Headphones,Accessories,West,4,448.36
15-07-2023,Smartphone,Mobile,North,4,2351.06
16-07-2023,Mouse,Accessories,West,2,78.04
16-07-2023,Smartphone,Mobile,Central,3,1311.98
16-07-2023,Smartwatch,Wearables,Central,1,236.15
16-07-2023,Mouse,Accessories,Central,2,
16-07-2023,Mouse,Accessories,West,3,119.13
17-07-2023,Smartwatch,Wearables,Central,3,688.16
17-07-2023,Tablet,Mobile,Central,3,1259.52
18-07-2023,Monitor,Computers,South,1,367.7
19-07-2023,Smartwatch,Wearables,North,5,1077.72
19-07-2023,Laptop,Computers,Central,5,3679.26
19-07-2023,Smartwatch,Wearables,East,3,716.97
19-07-2023,Monitor,Computers,South,3,1057.41
19-07-2023,Webcam,Accessories,West,2,151.29
20-07-2023,Monitor,Computers,Central,1,282.91
20-07-2023,Mouse,Accessories,South,3,
20-07-2023,Laptop,Computers,Central,4,3032.56
20-07-2023,Mouse,Accessories,North,4,129.44
21-07-2023,Webcam,Accessories,West,4,368.32
21-07-2023,Speaker,Audio,East,4,573.99
21-07-2023,Webcam,Accessories,West,3,201.67
21-07-2023,Monitor,Computers,South,3,1032.87
21-07-2023,Smartphone,Mobile,North,1,574.14
22-07-2023,Tablet,Mobile,East,1,465.35
23-07-2023,Monitor,Computers,North,2,612.65
23-07-2023,Tablet,Mobile,Central,2,897.52
23-07-2023,Speaker,Audio,West,1,123.73
24-07-2023,Mouse,Accessories,Central,4,148.2
25-07-2023,Keyboard,Accessories,South,3,219.09
25-07-2023,Speaker,Audio,West,3,384.86
25-07-2023,Webcam,Accessories,South,3,
25-07-2023,Speaker,Audio,East,1,134.17
26-07-2023,Smartphone,Mobile,North,3,1449
26-07-2023,Tablet,Mobile,South,4,1445.88
27-07-2023,Tablet,Mobile,East,2,730.08
27-07-2023,Smartwatch,Wearables,Central,2,475.98
28-07-2023,Smartwatch,Wearables,South,2,520.2
28-07-2023,Laptop,Computers,North,3,2142.03
28-07-2023,Smartwatch,Wearables,North,2,516.76
29-07-2023,Mouse,Accessories,Central,2,58.94
29-07-2023,Headphones,Accessories,North,3,319.74
29-07-2023,Monitor,Computers,North,3,1116.81
29-07-2023,Laptop,Computers,East,4,2992.88
29-07-2023,Tablet,Mobile,West,1,373.86
29-07-2023,Keyboard,Accessories,East,1,81.42
30-07-2023,Webcam,Accessories,East,2,188.18
30-07-2023,Tablet,Mobile,South,2,853.66
31-07-2023,Smartphone,Mobile,East,1,538.1
31-07-2023,Smartwatch,Wearables,South,4,909.32
31-07-2023,Speaker,Audio,South,3,447.57
31-07-2023,Speaker,Audio,East,2,318.9
02-08-2023,Monitor,Computers,South,4,1132.93
02-08-2023,Smartphone,Mobile,Central,4,1899.44
02-08-2023,Smartphone,Mobile,North,3,1383.86
03-08-2023,Keyboard,Accessories,Central,5,364.99
03-08-2023,Laptop,Computers,South,1,666.87
03-08-2023,Laptop,Computers,Central,2,1564.52
03-08-2023,Mouse,Accessories,Central,3,100.93
03-08-2023,Smartphone,Mobile,North,1,609.76
04-08-2023,Headphones,Accessories,West,3,295.82
04-08-2023,Smartwatch,Wearables,West,4,954
04-08-2023,Mouse,Accessories,North,1,42.12
05-08-2023,Keyboard,Accessories,East,3,209.99
05-08-2023,Smartphone,Mobile,East,4,2268.75
05-08-2023,Speaker,Audio,Central,2,264.62
06-08-2023,Smartwatch,Wearables,North,5,1128.55
06-08-2023,Speaker,Audio,East,2,309.9
06-08-2023,Keyboard,Accessories,North,3,191.3
06-08-2023,Monitor,Computers,South,3,911.91
06-08-2023,Mouse,Accessories,East,3,93.96
06-08-2023,Headphones,Accessories,North,2,212.04
07-08-2023,Monitor,Computers,Central,3,1001.55
07-08-2023,Smartwatch,Wearables,North,2,498.68
07-08-2023,Smartwatch,Wearables,Central,1,250.25
07-08-2023,Smartphone,Mobile,North,4,2515.4
08-08-2023,Tablet,Mobile,West,3,1239
08-08-2023,Smartwatch,Wearables,West,2,515.12
08-08-2023,Keyboard,Accessories,East,2,125.78
09-08-2023,Keyboard,Accessories,West,4,311.48
09-08-2023,Laptop,Computers,North,2,1193.76
09-08-2023,Headphones,Accessories,East,1,124.23
10-08-2023,Keyboard,Accessories,Central,4,313.2
10-08-2023,Mouse,Accessories,South,1,36.94
10-08-2023,Speaker,Audio,Central,3,391.99
10-08-2023,Webcam,Accessories,Central,2,165.28
11-08-2023,Laptop,Computers,North,3,2213.25
11-08-2023,Mouse,Accessories,East,1,30.7
12-08-2023,Speaker,Audio,East,3,447.54
13-08-2023,Webcam,Accessories,East,2,164.22
13-08-2023,Webcam,Accessories,East,2,164.02
13-08-2023,Headphones,Accessories,East,3,280.3
13-08-2023,Smartphone,Mobile,West,3,1525.66
13-08-2023,Speaker,Audio,North,4,497.34
13-08-2023,Smartphone,Mobile,Central,1,632.57
13-08-2023,Keyboard,Accessories,North,3,252
14-08-2023,Tablet,Mobile,North,2,894.34
15-08-2023,Smartphone,Mobile,West,2,1167.88
15-08-2023,Speaker,Audio,East,4,596.64
16-08-2023,Tablet,Mobile,Central,2,782.3
16-08-2023,Webcam,Accessories,South,2,172.17
16-08-2023,Headphones,Accessories,South,4,470.84
16-08-2023,Smartwatch,Wearables,North,1,239.91
16-08-2023,Monitor,Computers,East,3,1031.19
16-08-2023,Keyboard,Accessories,West,1,75.64
17-08-2023,Keyboard,Accessories,North,3,197.66
18-08-2023,Speaker,Audio,South,1,122.45
18-08-2023,Mouse,Accessories,East,3,99.86
18-08-2023,Webcam,Accessories,West,1,85.28
19-08-2023,Webcam,Accessories,North,3,239.39
19-08-2023,Tablet,Mobile,East,3,1121.57
19-08-2023,Smartphone,Mobile,East,4,2429.6
20-08-2023,Laptop,Computers,East,3,2341.05
20-08-2023,Mouse,Accessories,West,4,152.04
20-08-2023,Smartwatch,Wearables,East,3,642.11
20-08-2023,Mouse,Accessories,South,5,197.75
20-08-2023,Headphones,Accessories,South,3,375.09
20-08-2023,Smartwatch,Wearables,Central,3,745.62
20-08-2023,Monitor,Computers,North,3,949.88
20-08-2023,Speaker,Audio,North,2,276.24
21-08-2023,Monitor,Computers,West,2,731.46
21-08-2023,Tablet,Mobile,South,3,1017.26
21-08-2023,Tablet,Mobile,South,1,473.08
21-08-2023,Laptop,Computers,East,2,1394.75
22-08-2023,Smartphone,Mobile,Central,5,2403.08
22-08-2023,Keyboard,Accessories,East,1,77.79
23-08-2023,Mouse,Accessories,West,1,34.84
23-08-2023,Speaker,Audio,West,4,578.64
23-08-2023,Laptop,Computers,East,1,734.54
25-08-2023,Mouse,Accessories,South,2,81
25-08-2023,Smartwatch,Wearables,East,4,1049
25-08-2023,Smartphone,Mobile,East,3,1821.3
25-08-2023,Smartwatch,Wearables,Central,2,524.52
25-08-2023,Monitor,Computers,East,3,922.67
25-08-2023,Monitor,Computers,West,2,701.06
25-08-2023,Laptop,Computers,East,4,3101.79
26-08-2023,Webcam,Accessories,Central,2,166.29
27-08-2023,Laptop,Computers,South,3,2196.09
28-08-2023,Smartphone,Mobile,North,5,2626.23
28-08-2023,Keyboard,Accessories,Central,2,128.42
29-08-2023,Speaker,Audio,North,3,390.76
29-08-2023,Webcam,Accessories,East,3,257.64
30-08-2023,Headphones,Accessories,Central,2,200.63
30-08-2023,Monitor,Computers,East,3,853.39
01-09-2023,Monitor,Computers,East,6,2624.52
01-09-2023,Webcam,Accessories,South,2,219.1
02-09-2023,Laptop,Computers,North,1,824.77
02-09-2023,Webcam,Accessories,South,2,194.66
03-09-2023,Smartphone,Mobile,West,6,3608.35
03-09-2023,Mouse,Accessories,Central,2,93.74
03-09-2023,Headphones,Accessories,West,4,568.68
03-09-2023,Webcam,Accessories,South,2,200.85
03-09-2023,Monitor,Computers,South,3,906.36
03-09-2023,Smartwatch,Wearables,North,4,1077.07
03-09-2023,Smartwatch,Wearables,Central,2,618.16
03-09-2023,Keyboard,Accessories,West,4,381.84
03-09-2023,Laptop,Computers,North,2,1504.92
03-09-2023,Mouse,Accessories,East,4,181.04
04-09-2023,Speaker,Audio,South,3,537.6
04-09-2023,Webcam,Accessories,Central,2,222.98
04-09-2023,Tablet,Mobile,North,3,1387.1
04-09-2023,Speaker,Audio,South,2,369.6
04-09-2023,Speaker,Audio,East,3,514.47
04-09-2023,Laptop,Computers,East,2,1742.62
05-09-2023,Tablet,Mobile,South,3,1291.93
06-09-2023,Smartwatch,Wearables,South,4,1088.36
06-09-2023,Smartphone,Mobile,North,3,2124.76
07-09-2023,Speaker,Audio,South,4,600.64
07-09-2023,Webcam,Accessories,West,2,214.6
08-09-2023,Tablet,Mobile,South,5,2543.95
08-09-2023,Tablet,Mobile,South,2,1047.08
08-09-2023,Tablet,Mobile,South,3,1546.86
09-09-2023,Headphones,Accessories,East,3,439.14
09-09-2023,Speaker,Audio,West,5,797.53
09-09-2023,Smartphone,Mobile,West,4,2584.44
09-09-2023,Laptop,Computers,North,3,2968.08
11-09-2023,Webcam,Accessories,Central,2,215.42
11-09-2023,Speaker,Audio,North,2,267.84
11-09-2023,Smartwatch,Wearables,East,1,232.37
12-09-2023,Monitor,Computers,South,4,1545.24
12-09-2023,Mouse,Accessories,East,4,191.12
12-09-2023,Tablet,Mobile,South,4,2137.96
13-09-2023,Tablet,Mobile,South,4,2030.38
14-09-2023,Webcam,Accessories,South,3,242.81
14-09-2023,Smartphone,Mobile,South,6,3742.23
14-09-2023,Headphones,Accessories,North,4,542.76
15-09-2023,Monitor,Computers,Central,4,1692.16
15-09-2023,Speaker,Audio,North,4,594.25
15-09-2023,Smartwatch,Wearables,Central,2,571.3
15-09-2023,Laptop,Computers,West,5,3740.52
16-09-2023,Keyboard,Accessories,Central,4,307.84
16-09-2023,Webcam,Accessories,South,5,543.15
16-09-2023,Smartphone,Mobile,East,5,3090.73
17-09-2023,Mouse,Accessories,West,3,129.27
17-09-2023,Smartphone,Mobile,South,2,1327.28
17-09-2023,Webcam,Accessories,East,2,183.89
17-09-2023,Speaker,Audio,South,3,420.14
17-09-2023,Smartwatch,Wearables,East,3,862.59
18-09-2023,Speaker,Audio,East,4,651.32
19-09-2023,Smartphone,Mobile,East,2,1469.18
19-09-2023,Headphones,Accessories,South,4,596.4
20-09-2023,Webcam,Accessories,East,3,255.55
20-09-2023,Tablet,Mobile,West,1,543.95
20-09-2023,Smartphone,Mobile,South,2,1219.81
20-09-2023,Smartphone,Mobile,North,2,1134.44
21-09-2023,Monitor,Computers,North,3,1280.76
22-09-2023,Headphones,Accessories,Central,2,271.16
22-09-2023,Mouse,Accessories,South,5,189.56
22-09-2023,Laptop,Computers,West,2,1930.42
23-09-2023,Headphones,Accessories,North,3,406.72
24-09-2023,Smartwatch,Wearables,Central,2,474.32
24-09-2023,Smartphone,Mobile,Central,4,2464.02
25-09-2023,Smartwatch,Wearables,North,4,923.33
26-09-2023,Keyboard,Accessories,West,1,85.96
26-09-2023,Laptop,Computers,North,1,904.12
27-09-2023,Headphones,Accessories,East,3,415.99
27-09-2023,Laptop,Computers,North,4,3079.44
27-09-2023,Speaker,Audio,North,3,493.75
27-09-2023,Monitor,Computers,Central,2,789.94
28-09-2023,Speaker,Audio,North,2,332.42
28-09-2023,Smartwatch,Wearables,Central,2,548.82
28-09-2023,Headphones,Accessories,North,6,891.96
28-09-2023,Smartphone,Mobile,South,3,1819.42
29-09-2023,Smartwatch,Wearables,East,4,1247.76
29-09-2023,Webcam,Accessories,South,4,403.4
30-09-2023,Mouse,Accessories,West,6,265.28
30-09-2023,Smartwatch,Wearables,Central,4,1249.24
30-09-2023,Mouse,Accessories,South,4,147.83
30-09-2023,Monitor,Computers,Central,3,1066.31
01-10-2023,Monitor,Computers,South,1,386.24
01-10-2023,Speaker,Audio,East,2,306.09
01-10-2023,Webcam,Accessories,Central,5,430.36
01-10-2023,Monitor,Computers,Central,3,1208.37
01-10-2023,Smartwatch,Wearables,East,2,426.93
03-10-2023,Keyboard,Accessories,West,1,82.03
03-10-2023,Keyboard,Accessories,East,2,152.06
04-10-2023,Smartphone,Mobile,West,4,2533.35
04-10-2023,Smartphone,Mobile,South,1,670.17
04-10-2023,Tablet,Mobile,Central,3,1268.14
04-10-2023,Laptop,Computers,West,3,2943.93
05-10-2023,Laptop,Computers,South,3,2216.56
05-10-2023,Smartphone,Mobile,Central,2,1173.83
05-10-2023,Keyboard,Accessories,West,3,254.82
05-10-2023,Headphones,Accessories,North,4,550.88
05-10-2023,Smartphone,Mobile,West,5,3141.08
05-10-2023,Mouse,Accessories,East,4,195.68
05-10-2023,Smartphone,Mobile,South,3,1894.4
06-10-2023,Webcam,Accessories,Central,4,323.46
06-10-2023,Tablet,Mobile,West,3,1497.39
06-10-2023,Tablet,Mobile,East,4,1816.24
06-10-2023,Speaker,Audio,East,5,765.51
07-10-2023,Smartphone,Mobile,South,1,655.22
07-10-2023,Tablet,Mobile,North,3,1602.54
08-10-2023,Smartwatch,Wearables,North,2,488.37
08-10-2023,Webcam,Accessories,West,3,290.91
08-10-2023,Smartphone,Mobile,Central,3,1881.17
09-10-2023,Smartphone,Mobile,West,3,1933.23
09-10-2023,Webcam,Accessories,West,2,206.96
09-10-2023,Monitor,Computers,North,2,724.07
09-10-2023,Mouse,Accessories,North,3,128.63
10-10-2023,Monitor,Computers,South,3,1125.01
10-10-2023,Laptop,Computers,North,5,4328.35
10-10-2023,Mouse,Accessories,North,4,193.28
10-10-2023,Keyboard,Accessories,South,5,417.57
11-10-2023,Laptop,Computers,West,4,3433.08
11-10-2023,Tablet,Mobile,South,2,898.13
12-10-2023,Tablet,Mobile,Central,3,1409.18
13-10-2023,Monitor,Computers,East,4,1560.46
14-10-2023,Smartphone,Mobile,South,4,2493.32
14-10-2023,Monitor,Computers,Central,3,1075.22
14-10-2023,Monitor,Computers,West,1,411.99
14-10-2023,Speaker,Audio,Central,3,535.53
15-10-2023,Headphones,Accessories,East,3,384.38
15-10-2023,Webcam,Accessories,South,4,346.97
15-10-2023,Smartphone,Mobile,Central,2,1487.64
15-10-2023,Smartwatch,Wearables,South,3,749.44
16-10-2023,Tablet,Mobile,West,2,1105.78
16-10-2023,Keyboard,Accessories,West,1,89.51
16-10-2023,Webcam,Accessories,South,3,286.9
16-10-2023,Smartwatch,Wearables,East,2,579.4
16-10-2023,Keyboard,Accessories,South,3,258.21
17-10-2023,Mouse,Accessories,Central,3,138.87
17-10-2023,Smartphone,Mobile,East,3,1738.92
17-10-2023,Laptop,Computers,South,4,3138.7
19-10-2023,Webcam,Accessories,West,3,308.55
19-10-2023,Mouse,Accessories,Central,2,72.73
19-10-2023,Smartwatch,Wearables,South,2,545.3
19-10-2023,Smartwatch,Wearables,West,4,1234.36
20-10-2023,Mouse,Accessories,West,1,41.15
20-10-2023,Headphones,Accessories,West,3,395.43
20-10-2023,Keyboard,Accessories,West,5,376.56
20-10-2023,Monitor,Computers,East,3,940.8
20-10-2023,Tablet,Mobile,East,1,500.84
21-10-2023,Smartphone,Mobile,South,1,690.17
21-10-2023,Smartphone,Mobile,East,3,2123.55
21-10-2023,Monitor,Computers,South,1,389.85
21-10-2023,Smartphone,Mobile,Central,1,741.73
22-10-2023,Tablet,Mobile,East,1,546.57
23-10-2023,Smartphone,Mobile,South,2,1067.38
24-10-2023,Monitor,Computers,Central,3,1158.36
24-10-2023,Laptop,Computers,Central,5,4152.15
25-10-2023,Smartwatch,Wearables,South,2,602.64
25-10-2023,Laptop,Computers,Central,3,2554.08
26-10-2023,Monitor,Computers,West,1,376.36
27-10-2023,Monitor,Computers,South,5,1761.39
27-10-2023,Mouse,Accessories,East,2,96.14
27-10-2023,Smartphone,Mobile,West,2,1206.83
28-10-2023,Headphones,Accessories,South,4,420.7
28-10-2023,Mouse,Accessories,East,2,93.46
29-10-2023,Webcam,Accessories,East,3,312.3
30-10-2023,Smartwatch,Wearables,South,4,885.6
30-10-2023,Keyboard,Accessories,West,4,358.24
30-10-2023,Monitor,Computers,Central,6,2255.03
31-10-2023,Smartphone,Mobile,West,2,1366.9
31-10-2023,Monitor,Computers,South,1,347.31
31-10-2023,Monitor,Computers,East,4,1405.7
31-10-2023,Keyboard,Accessories,North,1,94.68
01-11-2023,Tablet,Mobile,West,3,1959.15
01-11-2023,Tablet,Mobile,North,1,672.2
02-11-2023,Mouse,Accessories,West,2,120.42
02-11-2023,Mouse,Accessories,West,4,204.34
03-11-2023,Smartwatch,Wearables,East,7,2394
03-11-2023,Monitor,Computers,North,1,460.42
03-11-2023,Webcam,Accessories,East,5,603.32
03-11-2023,Mouse,Accessories,North,3,192.15
04-11-2023,Tablet,Mobile,Central,4,2951.2
04-11-2023,Keyboard,Accessories,Central,5,595.15
05-11-2023,Webcam,Accessories,East,2,287.7
05-11-2023,Keyboard,Accessories,West,5,594.86
05-11-2023,Webcam,Accessories,North,4,514.86
06-11-2023,Smartwatch,Wearables,North,6,2294.94
07-11-2023,Smartphone,Mobile,West,5,3548.8
07-11-2023,Monitor,Computers,West,6,2822.39
07-11-2023,Keyboard,Accessories,East,6,721.86
07-11-2023,Monitor,Computers,North,7,3361.24
08-11-2023,Smartphone,Mobile,East,5,4700.84
08-11-2023,Tablet,Mobile,West,2,1240.28
08-11-2023,Keyboard,Accessories,East,5,505
08-11-2023,Smartwatch,Wearables,Central,1,312.84
08-11-2023,Keyboard,Accessories,Central,3,368.16
08-11-2023,Mouse,Accessories,West,1,61.61
09-11-2023,Smartphone,Mobile,North,2,1545.95
09-11-2023,Laptop,Computers,North,8,7686.78
09-11-2023,Keyboard,Accessories,Central,6,707.28
10-11-2023,Mouse,Accessories,West,2,127.82
10-11-2023,Mouse,Accessories,North,5,263.2
11-11-2023,Smartwatch,Wearables,West,2,784.12
12-11-2023,Mouse,Accessories,West,5,332.55
12-11-2023,Smartwatch,Wearables,North,7,2558.22
13-11-2023,Monitor,Computers,North,5,2796.28
13-11-2023,Smartwatch,Wearables,North,5,1726.25
14-11-2023,Headphones,Accessories,South,2,345.06
14-11-2023,Headphones,Accessories,South,3,491.48
14-11-2023,Smartwatch,Wearables,South,4,1268.35
15-11-2023,Tablet,Mobile,East,4,2444.62
16-11-2023,Speaker,Audio,North,3,554.9
16-11-2023,Tablet,Mobile,West,3,2140.68
16-11-2023,Smartphone,Mobile,East,2,1800.71
16-11-2023,Laptop,Computers,Central,3,4034.94
18-11-2023,Laptop,Computers,East,3,3665.34
18-11-2023,Headphones,Accessories,East,4,745.72
18-11-2023,Tablet,Mobile,West,3,2245.59
18-11-2023,Tablet,Mobile,South,3,2022.66
19-11-2023,Headphones,Accessories,East,2,300.03
21-11-2023,Webcam,Accessories,North,7,966.98
21-11-2023,Speaker,Audio,West,4,898.32
22-11-2023,Speaker,Audio,East,6,1335.72
22-11-2023,Mouse,Accessories,West,5,283.19
22-11-2023,Smartwatch,Wearables,East,3,1055.92
23-11-2023,Speaker,Audio,Central,2,368.54
24-11-2023,Mouse,Accessories,Central,3,141
24-11-2023,Speaker,Audio,Central,1,173.63
24-11-2023,Tablet,Mobile,Central,5,2879.38
25-11-2023,Speaker,Audio,Central,6,1512.54
25-11-2023,Keyboard,Accessories,Central,8,891.79
25-11-2023,Smartphone,Mobile,Central,2,1575.23
25-11-2023,Tablet,Mobile,West,6,4321.2
26-11-2023,Tablet,Mobile,West,5,3799.85
27-11-2023,Speaker,Audio,Central,3,753.96
27-11-2023,Speaker,Audio,Central,6,1319.34
27-11-2023,Webcam,Accessories,South,4,574.72
27-11-2023,Laptop,Computers,North,2,2508.44
28-11-2023,Laptop,Computers,West,4,5123.2
29-11-2023,Keyboard,Accessories,North,3,314.33
29-11-2023,Webcam,Accessories,West,5,576.77
29-11-2023,Smartwatch,Wearables,South,5,1764.34
29-11-2023,Webcam,Accessories,Central,3,364.75
30-11-2023,Smartwatch,Wearables,North,3,938.38
01-12-2023,Smartphone,Mobile,South,7,6297.76
01-12-2023,Smartphone,Mobile,East,3,2348.49
02-12-2023,Monitor,Computers,Central,5,2549
02-12-2023,Tablet,Mobile,North,3,1880.17
02-12-2023,Smartwatch,Wearables,West,6,2265.98
03-12-2023,Speaker,Audio,West,6,1363.07
03-12-2023,Headphones,Accessories,East,5,813.71
03-12-2023,Laptop,Computers,West,4,3897.95
04-12-2023,Smartwatch,Wearables,Central,3,1006.13
04-12-2023,Smartwatch,Wearables,West,5,1482.56
04-12-2023,Tablet,Mobile,West,1,717.43
05-12-2023,Smartwatch,Wearables,North,6,2412.66
06-12-2023,Monitor,Computers,Central,2,1046.08
07-12-2023,Keyboard,Accessories,North,4,469
07-12-2023,Speaker,Audio,South,7,1596.63
07-12-2023,Smartphone,Mobile,Central,4,3985.32
07-12-2023,Smartwatch,Wearables,North,4,1498.92
07-12-2023,Smartphone,Mobile,North,1,875.69
07-12-2023,Tablet,Mobile,South,3,1969.05
07-12-2023,Smartphone,Mobile,North,3,2430.89
08-12-2023,Monitor,Computers,North,4,2311.84
08-12-2023,Speaker,Audio,North,6,1283.3
08-12-2023,Keyboard,Accessories,South,1,120.15
08-12-2023,Headphones,Accessories,East,2,296.46
09-12-2023,Smartphone,Mobile,East,3,2553.44
09-12-2023,Keyboard,Accessories,Central,6,716.15
10-12-2023,Laptop,Computers,East,1,1185.89
11-12-2023,Monitor,Computers,West,3,1459.03
11-12-2023,Smartwatch,Wearables,Central,5,1889.46
12-12-2023,Mouse,Accessories,South,1,62.41
12-12-2023,Tablet,Mobile,South,5,3718.85
12-12-2023,Laptop,Computers,Central,4,5256.08
13-12-2023,Keyboard,Accessories,West,5,571.05
13-12-2023,Keyboard,Accessories,West,6,575.09
14-12-2023,Speaker,Audio,South,3,659.95
14-12-2023,Mouse,Accessories,North,6,328.08
15-12-2023,Mouse,Accessories,East,1,58.69
15-12-2023,Tablet,Mobile,North,1,625.05
15-12-2023,Smartwatch,Wearables,East,5,1972.5
16-12-2023,Smartwatch,Wearables,North,5,1804.35
16-12-2023,Webcam,Accessories,North,5,660.3
16-12-2023,Keyboard,Accessories,Central,5,632.8
17-12-2023,Keyboard,Accessories,North,4,465.08
17-12-2023,Speaker,Audio,West,6,1477.86
17-12-2023,Smartwatch,Wearables,West,4,1474.06
17-12-2023,Keyboard,Accessories,South,7,
18-12-2023,Monitor,Computers,West,4,2176.76
19-12-2023,Headphones,Accessories,North,7,1271.53
19-12-2023,Laptop,Computers,Central,2,2540.4
19-12-2023,Smartwatch,Wearables,Central,6,2264.28
20-12-2023,Laptop,Computers,North,5,4730.96
20-12-2023,Smartwatch,Wearables,Central,4,1277.5
20-12-2023,Mouse,Accessories,West,4,217.94
21-12-2023,Monitor,Computers,West,5,2578.8
21-12-2023,Keyboard,Accessories,South,6,688.5
21-12-2023,Smartwatch,Wearables,East,5,1854.88
21-12-2023,Smartwatch,Wearables,Central,1,376.45
21-12-2023,Smartphone,Mobile,Central,6,5621.88
22-12-2023,Tablet,Mobile,West,4,2764.96
23-12-2023,Speaker,Audio,North,6,1312.96
23-12-2023,Webcam,Accessories,North,7,851.82
23-12-2023,Headphones,Accessories,West,4,659.53
24-12-2023,Keyboard,Accessories,West,6,597.31
24-12-2023,Monitor,Computers,West,1,472.12
24-12-2023,Headphones,Accessories,North,4,707.26
24-12-2023,Keyboard,Accessories,Central,5,530.02
25-12-2023,Monitor,Computers,West,5,2662.38
26-12-2023,Webcam,Accessories,East,3,381.56
26-12-2023,Webcam,Accessories,North,7,977.68
26-12-2023,Smartphone,Mobile,East,9,8664.48
27-12-2023,Monitor,Computers,West,5,2328.75
27-12-2023,Mouse,Accessories,East,5,296
27-12-2023,Monitor,Computers,West,3,1340
27-12-2023,Tablet,Mobile,South,3,1920.53
27-12-2023,Smartwatch,Wearables,Central,5,1774.04
27-12-2023,Headphones,Accessories,Central,3,515.75
27-12-2023,Webcam,Accessories,North,6,902.22
27-12-2023,Keyboard,Accessories,South,1,95.4
28-12-2023,Keyboard,Accessories,Central,4,518.2
28-12-2023,Keyboard,Accessories,East,5,675.15
28-12-2023,Monitor,Computers,Central,7,3753.96
29-12-2023,Headphones,Accessories,South,4,656.57
29-12-2023,Smartwatch,Wearables,North,3,1264.95
29-12-2023,Webcam,Accessories,North,5,662.8
29-12-2023,Monitor,Computers,North,2,1068.66
29-12-2023,Laptop,Computers,South,6,7077.94
30-12-2023,Mouse,Accessories,North,5,301
31-12-2023,Laptop,Computers,Central,5,5736.86
31-12-2023,Keyboard,Accessories,South,4,513
31-12-2023,Monitor,Computers,South,4,1752.84
31-12-2023,Speaker,Audio,South,6,1049.18
01-01-2024,Monitor,Computers,North,4,1177.02
01-01-2024,Smartphone,Mobile,South,3,1721.73
02-01-2024,Headphones,Accessories,West,3,303.79
02-01-2024,Tablet,Mobile,West,4,2040.72
02-01-2024,Mouse,Accessories,Central,2,86.42
02-01-2024,Smartwatch,Wearables,South,4,1130.24
02-01-2024,Monitor,Computers,West,1,364.16
02-01-2024,Speaker,Audio,East,3,491.61
02-01-2024,Headphones,Accessories,North,3,389.19
02-01-2024,Headphones,Accessories,South,5,508.04
02-01-2024,Smartwatch,Wearables,South,2,458.59
02-01-2024,Headphones,Accessories,East,1,144.17
03-01-2024,Keyboard,Accessories,South,4,382.68
04-01-2024,Laptop,Computers,Central,5,4256.8
04-01-2024,Webcam,Accessories,Central,1,100.64
04-01-2024,Smartphone,Mobile,West,2,1264.18
05-01-2024,Tablet,Mobile,South,2,1031.32
05-01-2024,Laptop,Computers,East,1,733.78
05-01-2024,Keyboard,Accessories,North,1,86.89
06-01-2024,Keyboard,Accessories,Central,2,187.14
06-01-2024,Headphones,Accessories,South,4,483.31
06-01-2024,Tablet,Mobile,West,1,482.93
07-01-2024,Keyboard,Accessories,North,2,154.17
07-01-2024,Headphones,Accessories,Central,3,369.93
07-01-2024,Webcam,Accessories,North,1,82.47
08-01-2024,Speaker,Audio,South,2,337.92
09-01-2024,Mouse,Accessories,East,4,168.64
10-01-2024,Laptop,Computers,East,3,2709.87
10-01-2024,Tablet,Mobile,Central,3,1357.13
10-01-2024,Speaker,Audio,West,3,506.07
10-01-2024,Keyboard,Accessories,Central,3,223.79
10-01-2024,Tablet,Mobile,North,1,512.31
10-01-2024,Headphones,Accessories,East,3,362.52
11-01-2024,Webcam,Accessories,North,4,365.81
12-01-2024,Monitor,Computers,North,3,1012.5
12-01-2024,Tablet,Mobile,Central,3,1556.91
13-01-2024,Headphones,Accessories,South,3,396
14-01-2024,Laptop,Computers,East,4,2804.1
14-01-2024,Headphones,Accessories,South,1,126.87
14-01-2024,Tablet,Mobile,West,2,1026.08
15-01-2024,Speaker,Audio,North,4,673.24
16-01-2024,Monitor,Computers,Central,3,1062.45
17-01-2024,Monitor,Computers,North,5,1611.04
17-01-2024,Monitor,Computers,Central,4,1597.64
18-01-2024,Mouse,Accessories,East,4,176.24
18-01-2024,Webcam,Accessories,West,1,101.73
19-01-2024,Smartwatch,Wearables,Central,2,523.42
19-01-2024,Smartphone,Mobile,West,4,2427.97
19-01-2024,Headphones,Accessories,West,5,570.05
20-01-2024,Speaker,Audio,South,2,318.21
20-01-2024,Laptop,Computers,Central,4,3479.52
21-01-2024,Headphones,Accessories,South,1,133.04
23-01-2024,Smartwatch,Wearables,East,2,561.64
23-01-2024,Mouse,Accessories,North,1,35.1
23-01-2024,Keyboard,Accessories,West,3,215.99
23-01-2024,Smartphone,Mobile,North,4,2338.21
24-01-2024,Tablet,Mobile,Central,3,1371.56
24-01-2024,Tablet,Mobile,West,3,1133.21
24-01-2024,Monitor,Computers,East,5,1666.89
24-01-2024,Webcam,Accessories,East,4,324.67
25-01-2024,Tablet,Mobile,North,3,1509.56
25-01-2024,Webcam,Accessories,East,2,190.26
25-01-2024,Tablet,Mobile,North,1,513.56
25-01-2024,Smartphone,Mobile,East,1,621.52
26-01-2024,Monitor,Computers,North,3,1149.21
27-01-2024,Webcam,Accessories,South,2,174.28
27-01-2024,Monitor,Computers,North,1,295.81
28-01-2024,Mouse,Accessories,South,2,81.48
28-01-2024,Keyboard,Accessories,East,4,292.94
28-01-2024,Keyboard,Accessories,East,2,177.02
28-01-2024,Mouse,Accessories,South,1,35.18
28-01-2024,Keyboard,Accessories,Central,2,153.9
28-01-2024,Mouse,Accessories,West,2,94.32
29-01-2024,Keyboard,Accessories,North,4,357.28
29-01-2024,Mouse,Accessories,South,2,76.87
30-01-2024,Laptop,Computers,North,2,1552.71
30-01-2024,Laptop,Computers,North,2,1330.46
31-01-2024,Smartwatch,Wearables,Central,2,528.07
31-01-2024,Smartphone,Mobile,East,2,1157.75
31-01-2024,Mouse,Accessories,Central,3,111.35
01-02-2024,Mouse,Accessories,South,3,136.53
01-02-2024,Keyboard,Accessories,South,2,166.84
01-02-2024,Monitor,Computers,East,1,390.72
01-02-2024,Smartwatch,Wearables,Central,1,240.68
01-02-2024,Monitor,Computers,North,3,1097.46
01-02-2024,Headphones,Accessories,North,2,251.26
02-02-2024,Speaker,Audio,North,4,623.16
02-02-2024,Monitor,Computers,East,2,619.16
02-02-2024,Smartphone,Mobile,East,4,2733.91
03-02-2024,Smartphone,Mobile,North,4,2394.5
03-02-2024,Laptop,Computers,Central,1,824.01
04-02-2024,Keyboard,Accessories,North,2,164.82
04-02-2024,Tablet,Mobile,West,2,891.54
04-02-2024,Laptop,Computers,South,1,694.51
04-02-2024,Smartwatch,Wearables,South,3,810.68
05-02-2024,Mouse,Accessories,West,3,128.07
05-02-2024,Webcam,Accessories,West,2,181.26
05-02-2024,Monitor,Computers,East,1,350.07
05-02-2024,Headphones,Accessories,Central,4,570.32
05-02-2024,Smartwatch,Wearables,Central,2,522.08
06-02-2024,Keyboard,Accessories,East,2,144.11
06-02-2024,Mouse,Accessories,East,4,151.84
06-02-2024,Mouse,Accessories,South,2,76.39
07-02-2024,Mouse,Accessories,North,2,83.48
07-02-2024,Webcam,Accessories,North,5,526.2
07-02-2024,Headphones,Accessories,North,3,411.03
07-02-2024,Speaker,Audio,South,2,296.73
07-02-2024,Tablet,Mobile,East,3,1367.54
08-02-2024,Speaker,Audio,East,4,520.67
08-02-2024,Headphones,Accessories,North,1,110.8
08-02-2024,Webcam,Accessories,South,3,289.68
08-02-2024,Smartphone,Mobile,Central,3,2051.88
09-02-2024,Headphones,Accessories,Central,2,264.72
09-02-2024,Speaker,Audio,North,5,848.55
10-02-2024,Tablet,Mobile,West,2,976.32
10-02-2024,Laptop,Computers,West,4,2645.31
10-02-2024,Laptop,Computers,West,2,1554.04
10-02-2024,Smartphone,Mobile,Central,4,2470.9
11-02-2024,Mouse,Accessories,North,6,262.5
11-02-2024,Smartphone,Mobile,South,3,2144.85
12-02-2024,Keyboard,Accessories,East,3,225.46
12-02-2024,Monitor,Computers,North,2,700.02
13-02-2024,Mouse,Accessories,Central,3,102.96
13-02-2024,Keyboard,Accessories,South,3,249.97
14-02-2024,Keyboard,Accessories,Central,4,372.32
14-02-2024,Webcam,Accessories,Central,2,186.96
14-02-2024,Monitor,Computers,West,3,1073.82
14-02-2024,Speaker,Audio,Central,3,488.28
15-02-2024,Speaker,Audio,South,2,299.42
15-02-2024,Webcam,Accessories,Central,4,387.9
16-02-2024,Smartwatch,Wearables,East,1,261.01
16-02-2024,Headphones,Accessories,North,4,476.14
17-02-2024,Smartwatch,Wearables,South,4,1148.72
18-02-2024,Webcam,Accessories,East,4,314.19
18-02-2024,Headphones,Accessories,South,4,437.61
18-02-2024,Smartphone,Mobile,Central,2,1245.24
19-02-2024,Speaker,Audio,Central,4,555.49
19-02-2024,Mouse,Accessories,East,3,115.77
19-02-2024,Smartphone,Mobile,Central,3,1702.89
19-02-2024,Webcam,Accessories,West,4,297.15
20-02-2024,Laptop,Computers,Central,4,3837.84
20-02-2024,Headphones,Accessories,West,3,383.61
21-02-2024,Headphones,Accessories,South,1,122.63
21-02-2024,Webcam,Accessories,South,4,354.43
21-02-2024,Keyboard,Accessories,West,4,318
21-02-2024,Webcam,Accessories,North,5,
21-02-2024,Keyboard,Accessories,West,4,358.12
21-02-2024,Monitor,Computers,North,2,
22-02-2024,Headphones,Accessories,North,3,331.86
22-02-2024,Webcam,Accessories,East,5,490.55
23-02-2024,Monitor,Computers,North,2,802.14
23-02-2024,Smartwatch,Wearables,West,2,572.66
23-02-2024,Laptop,Computers,North,3,2825.91
23-02-2024,Smartphone,Mobile,South,3,1604.56
24-02-2024,Mouse,Accessories,Central,4,172.37
25-02-2024,Smartphone,Mobile,West,3,2147.28
26-02-2024,Speaker,Audio,North,4,666.94
26-02-2024,Headphones,Accessories,West,3,423.36
26-02-2024,Keyboard,Accessories,West,6,481.9
26-02-2024,Laptop,Computers,Central,5,4665.05
26-02-2024,Tablet,Mobile,West,2,787.3
26-02-2024,Tablet,Mobile,Central,4,2048.48
28-02-2024,Headphones,Accessories,North,2,235.88
28-02-2024,Speaker,Audio,Central,3,422.63
29-02-2024,Keyboard,Accessories,Central,4,375.28
29-02-2024,Mouse,Accessories,North,3,131.19
29-02-2024,Speaker,Audio,West,3,447.81
29-02-2024,Headphones,Accessories,Central,6,730.67
29-02-2024,Monitor,Computers,East,2,802.94
29-02-2024,Laptop,Computers,North,5,4429.95
29-02-2024,Laptop,Computers,South,2,1518.78
01-03-2024,Webcam,Accessories,Central,5,487.67
01-03-2024,Smartphone,Mobile,North,1,621.91
02-03-2024,Tablet,Mobile,East,3,1470.64
03-03-2024,Webcam,Accessories,Central,2,180.59
03-03-2024,Mouse,Accessories,East,5,205.96
03-03-2024,Headphones,Accessories,East,1,137.28
04-03-2024,Keyboard,Accessories,East,5,442.17
04-03-2024,Speaker,Audio,East,2,291.46
04-03-2024,Speaker,Audio,North,4,642.53
04-03-2024,Tablet,Mobile,South,2,934.59
05-03-2024,Laptop,Computers,South,4,3139.12
05-03-2024,Laptop,Computers,Central,2,1632.8
06-03-2024,Tablet,Mobile,Central,3,1754.73
06-03-2024,Webcam,Accessories,West,5,570.52
07-03-2024,Laptop,Computers,Central,5,4938.75
07-03-2024,Smartphone,Mobile,North,3,1928.54
07-03-2024,Webcam,Accessories,East,6,624.78
07-03-2024,Speaker,Audio,North,5,866.35
07-03-2024,Tablet,Mobile,North,3,1493.89
08-03-2024,Laptop,Computers,West,2,1678.97
09-03-2024,Keyboard,Accessories,West,3,285.51
09-03-2024,Speaker,Audio,Central,3,471.72
09-03-2024,Tablet,Mobile,North,3,1785.69
09-03-2024,Laptop,Computers,Central,3,2330.64
10-03-2024,Headphones,Accessories,West,2,279.34
10-03-2024,Laptop,Computers,East,3,3107.19
10-03-2024,Mouse,Accessories,North,2,97.86
11-03-2024,Mouse,Accessories,South,4,192.64
11-03-2024,Laptop,Computers,Central,3,2864.73
12-03-2024,Mouse,Accessories,South,5,202.09
12-03-2024,Mouse,Accessories,East,5,242.05
12-03-2024,Headphones,Accessories,West,5,722.61
13-03-2024,Smartwatch,Wearables,West,1,281.88
13-03-2024,Smartwatch,Wearables,South,4,1142.17
13-03-2024,Smartphone,Mobile,North,4,2467.52
13-03-2024,Webcam,Accessories,West,3,317.49
13-03-2024,Headphones,Accessories,Central,5,583.52
14-03-2024,Speaker,Audio,North,2,331.93
14-03-2024,Tablet,Mobile,South,4,2142.14
14-03-2024,Keyboard,Accessories,Central,4,416.28
14-03-2024,Keyboard,Accessories,South,5,398.56
14-03-2024,Smartwatch,Wearables,Central,5,1470.55
15-03-2024,Webcam,Accessories,North,3,279.86
15-03-2024,Keyboard,Accessories,North,3,254.88
15-03-2024,Tablet,Mobile,East,4,2299.8
16-03-2024,Tablet,Mobile,North,1,
16-03-2024,Headphones,Accessories,East,2,271.96
16-03-2024,Tablet,Mobile,Central,3,1456.74
17-03-2024,Headphones,Accessories,South,2,236.84
17-03-2024,Monitor,Computers,Central,5,2132.65
17-03-2024,Headphones,Accessories,North,3,342.94
18-03-2024,Laptop,Computers,West,4,4078.64
18-03-2024,Smartwatch,Wearables,Central,2,498.81
18-03-2024,Smartphone,Mobile,West,3,2349.69
19-03-2024,Tablet,Mobile,West,5,2620.55
19-03-2024,Laptop,Computers,East,5,3911.36
20-03-2024,Mouse,Accessories,South,4,155.39
20-03-2024,Keyboard,Accessories,South,2,166.1
21-03-2024,Tablet,Mobile,West,6,2844.42
21-03-2024,Headphones,Accessories,Central,2,250.89
21-03-2024,Mouse,Accessories,South,4,201.36
23-03-2024,Smartwatch,Wearables,Central,4,1315.64
23-03-2024,Smartwatch,Wearables,North,1,291.99
23-03-2024,Laptop,Computers,East,4,3818.2
23-03-2024,Speaker,Audio,East,2,373.52
24-03-2024,Smartwatch,Wearables,South,2,611.68
24-03-2024,Laptop,Computers,East,3,2500.9
24-03-2024,Headphones,Accessories,West,1,153.46
24-03-2024,Smartwatch,Wearables,South,2,571.24
25-03-2024,Keyboard,Accessories,West,5,466.36
25-03-2024,Keyboard,Accessories,West,4,343.67
25-03-2024,Laptop,Computers,North,1,970.94
25-03-2024,Webcam,Accessories,South,3,272.42
26-03-2024,Headphones,Accessories,East,2,301.32
26-03-2024,Smartphone,Mobile,West,4,2609.16
26-03-2024,Mouse,Accessories,West,3,138.51
27-03-2024,Mouse,Accessories,East,4,179.14
28-03-2024,Smartwatch,Wearables,South,5,1460.3
28-03-2024,Mouse,Accessories,West,4,201.92
28-03-2024,Speaker,Audio,East,5,933.1
28-03-2024,Smartwatch,Wearables,South,2,593.58
28-03-2024,Monitor,Computers,South,1,444.33
28-03-2024,Smartwatch,Wearables,West,3,820.17
29-03-2024,Webcam,Accessories,South,3,312.6
29-03-2024,Tablet,Mobile,Central,3,1338.72
29-03-2024,Keyboard,Accessories,South,3,266.73
29-03-2024,Webcam,Accessories,South,4,442.16
30-03-2024,Laptop,Computers,Central,3,3177.24
30-03-2024,Webcam,Accessories,North,2,212.44
30-03-2024,Smartphone,Mobile,North,3,2408.94
31-03-2024,Monitor,Computers,North,1,404.95
01-04-2024,Webcam,Accessories,North,2,202.98
01-04-2024,Headphones,Accessories,North,5,709.45
02-04-2024,Smartwatch,Wearables,Central,3,951.66
02-04-2024,Laptop,Computers,West,2,1720.99
02-04-2024,Monitor,Computers,South,4,1721.2
03-04-2024,Speaker,Audio,West,6,902.21
04-04-2024,Tablet,Mobile,South,5,2310.6
05-04-2024,Mouse,Accessories,Central,5,234.95
05-04-2024,Keyboard,Accessories,Central,2,177.72
05-04-2024,Mouse,Accessories,West,3,140.64
06-04-2024,Speaker,Audio,West,4,549.66
06-04-2024,Monitor,Computers,West,2,742.21
08-04-2024,Smartphone,Mobile,North,2,1405.24
08-04-2024,Laptop,Computers,South,3,2653.89
10-04-2024,Speaker,Audio,East,3,568.26
10-04-2024,Laptop,Computers,West,5,4665.96
10-04-2024,Smartwatch,Wearables,Central,3,830.03
11-04-2024,Laptop,Computers,Central,2,1830.21
11-04-2024,Laptop,Computers,East,2,1889.3
11-04-2024,Keyboard,Accessories,West,6,450.14
11-04-2024,Keyboard,Accessories,South,4,354.58
12-04-2024,Speaker,Audio,South,4,751.3
12-04-2024,Keyboard,Accessories,Central,3,242.38
13-04-2024,Webcam,Accessories,South,5,544.78
13-04-2024,Keyboard,Accessories,South,4,370.62
13-04-2024,Keyboard,Accessories,West,3,311.85
14-04-2024,Smartwatch,Wearables,West,4,921.86
14-04-2024,Headphones,Accessories,West,1,138.74
14-04-2024,Headphones,Accessories,Central,2,283.96
14-04-2024,Mouse,Accessories,South,1,47.57
14-04-2024,Smartphone,Mobile,Central,2,1318.79
15-04-2024,Keyboard,Accessories,South,2,161.13
16-04-2024,Tablet,Mobile,North,4,2188.2
16-04-2024,Speaker,Audio,Central,3,571.6
16-04-2024,Keyboard,Accessories,East,6,522.29
16-04-2024,Headphones,Accessories,South,6,765.77
17-04-2024,Laptop,Computers,Central,5,4043.92
18-04-2024,Headphones,Accessories,South,4,469.71
18-04-2024,Speaker,Audio,Central,4,752
19-04-2024,Smartwatch,Wearables,North,3,883.2
20-04-2024,Keyboard,Accessories,East,3,282.93
20-04-2024,Laptop,Computers,South,1,956.1
21-04-2024,Keyboard,Accessories,Central,2,184.92
21-04-2024,Speaker,Audio,North,1,186.73
22-04-2024,Webcam,Accessories,Central,1,119.33
22-04-2024,Headphones,Accessories,Central,3,459.81
22-04-2024,Tablet,Mobile,West,4,1805.4
23-04-2024,Headphones,Accessories,North,3,373.22
23-04-2024,Webcam,Accessories,South,4,346.24
23-04-2024,Smartwatch,Wearables,North,2,614.32
24-04-2024,Laptop,Computers,South,1,753.48
24-04-2024,Tablet,Mobile,West,7,3746.89
24-04-2024,Smartphone,Mobile,East,4,2888.8
24-04-2024,Webcam,Accessories,Central,5,437.92
24-04-2024,Keyboard,Accessories,North,1,96.64
24-04-2024,Smartphone,Mobile,South,3,2020.74
24-04-2024,Keyboard,Accessories,North,3,315.03
25-04-2024,Speaker,Audio,West,5,895.5
25-04-2024,Laptop,Computers,South,2,1559.28
25-04-2024,Keyboard,Accessories,South,2,177.52
26-04-2024,Headphones,Accessories,South,4,510.98
27-04-2024,Monitor,Computers,East,2,935.08
27-04-2024,Keyboard,Accessories,West,3,308.82
28-04-2024,Tablet,Mobile,South,1,453.02
28-04-2024,Monitor,Computers,East,3,1137.83
29-04-2024,Speaker,Audio,South,4,598.69
29-04-2024,Headphones,Accessories,West,2,299.9
29-04-2024,Tablet,Mobile,South,2,1098.48
30-04-2024,Headphones,Accessories,Central,3,403.36
01-05-2024,Mouse,Accessories,East,2,105.26
01-05-2024,Smartphone,Mobile,Central,5,3632.15
01-05-2024,Laptop,Computers,East,3,3184.8
01-05-2024,Smartwatch,Wearables,Central,3,801.01
01-05-2024,Speaker,Audio,East,4,697.04
01-05-2024,Mouse,Accessories,East,1,49.1
02-05-2024,Laptop,Computers,Central,3,3165.15
03-05-2024,Speaker,Audio,South,4,721.64
03-05-2024,Speaker,Audio,Central,5,868.2
04-05-2024,Monitor,Computers,West,2,772.94
06-05-2024,Headphones,Accessories,South,3,373.22
06-05-2024,Headphones,Accessories,East,5,738.7
07-05-2024,Smartwatch,Wearables,South,5,1470.6
08-05-2024,Laptop,Computers,South,4,3593.09
08-05-2024,Smartwatch,Wearables,East,4,1198.48
08-05-2024,Mouse,Accessories,East,5,231.53
09-05-2024,Keyboard,Accessories,South,5,411.48
09-05-2024,Monitor,Computers,South,5,1886.28
11-05-2024,Monitor,Computers,Central,5,2206.94
11-05-2024,Headphones,Accessories,Central,2,251.24
11-05-2024,Monitor,Computers,West,3,1263.33
12-05-2024,Speaker,Audio,North,5,827.78
13-05-2024,Webcam,Accessories,North,4,461.84
13-05-2024,Mouse,Accessories,East,2,98.08
13-05-2024,Speaker,Audio,West,3,419.9
14-05-2024,Laptop,Computers,West,6,5833.86
14-05-2024,Laptop,Computers,South,5,
14-05-2024,Smartwatch,Wearables,East,4,1143.36
14-05-2024,Mouse,Accessories,North,4,172.99
15-05-2024,Speaker,Audio,Central,5,905.5
16-05-2024,Webcam,Accessories,East,4,438.88
17-05-2024,Headphones,Accessories,Central,3,477.39
17-05-2024,Smartwatch,Wearables,North,3,871.79
17-05-2024,Laptop,Computers,South,4,3685.32
17-05-2024,Smartphone,Mobile,Central,4,2833
17-05-2024,Laptop,Computers,Central,4,4266.32
17-05-2024,Speaker,Audio,South,2,382.54
18-05-2024,Speaker,Audio,South,2,375.52
18-05-2024,Tablet,Mobile,Central,1,584.32
18-05-2024,Tablet,Mobile,North,3,1589.67
18-05-2024,Monitor,Computers,Central,6,2770.68
18-05-2024,Keyboard,Accessories,North,2,182.57
19-05-2024,Keyboard,Accessories,South,1,90.41
20-05-2024,Tablet,Mobile,Central,6,3209.34
20-05-2024,Tablet,Mobile,East,1,480.32
20-05-2024,Speaker,Audio,East,5,930.55
20-05-2024,Smartwatch,Wearables,East,4,1309.32
21-05-2024,Tablet,Mobile,Central,3,1635.75
21-05-2024,Headphones,Accessories,North,1,146.25
22-05-2024,Headphones,Accessories,West,3,439.17
22-05-2024,Mouse,Accessories,South,1,45.53
22-05-2024,Tablet,Mobile,Central,2,1169.3
22-05-2024,Speaker,Audio,East,1,175.72
23-05-2024,Monitor,Computers,South,3,1082.81
24-05-2024,Speaker,Audio,Central,2,368.92
24-05-2024,Monitor,Computers,West,1,378.55
24-05-2024,Speaker,Audio,Central,1,179.27
24-05-2024,Webcam,Accessories,North,2,195.48
24-05-2024,Speaker,Audio,North,7,1275
25-05-2024,Tablet,Mobile,Central,3,1375.09
25-05-2024,Keyboard,Accessories,South,5,473.08
25-05-2024,Speaker,Audio,Central,3,565.89
26-05-2024,Headphones,Accessories,South,3,399.2
26-05-2024,Laptop,Computers,Central,6,5512.38
26-05-2024,Speaker,Audio,North,5,910.95
26-05-2024,Keyboard,Accessories,West,2,157.03
26-05-2024,Headphones,Accessories,West,2,291.42
26-05-2024,Webcam,Accessories,North,4,413.1
28-05-2024,Mouse,Accessories,South,4,175.81
29-05-2024,Smartphone,Mobile,Central,2,1163.77
29-05-2024,Headphones,Accessories,North,3,481.53
29-05-2024,Smartwatch,Wearables,East,4,1186.24
29-05-2024,Smartwatch,Wearables,West,4,1270
31-05-2024,Headphones,Accessories,South,2,274.74
31-05-2024,Monitor,Computers,East,4,1510.74
31-05-2024,Keyboard,Accessories,West,3,276.27
01-06-2024,Headphones,Accessories,East,6,676.03
01-06-2024,Smartwatch,Wearables,Central,2,625.94
02-06-2024,Keyboard,Accessories,South,6,484.08
02-06-2024,Mouse,Accessories,South,2,92.85
03-06-2024,Webcam,Accessories,East,4,441.92
03-06-2024,Keyboard,Accessories,South,3,251.81
04-06-2024,Speaker,Audio,North,4,606.46
04-06-2024,Speaker,Audio,Central,3,447.14
04-06-2024,Keyboard,Accessories,North,4,373.12
05-06-2024,Keyboard,Accessories,West,2,178.16
05-06-2024,Smartphone,Mobile,South,3,2399.64
06-06-2024,Webcam,Accessories,West,6,574.27
06-06-2024,Speaker,Audio,Central,1,169.33
07-06-2024,Speaker,Audio,North,4,697.68
07-06-2024,Smartwatch,Wearables,West,6,1857.48
07-06-2024,Mouse,Accessories,West,3,132.53
08-06-2024,Speaker,Audio,West,4,591.87
08-06-2024,Webcam,Accessories,Central,2,165.3
08-06-2024,Keyboard,Accessories,East,3,233.25
08-06-2024,Laptop,Computers,Central,4,3301.54
09-06-2024,Tablet,Mobile,East,4,2406.76
09-06-2024,Smartwatch,Wearables,Central,3,901.65
09-06-2024,Monitor,Computers,Central,4,1522.77
10-06-2024,Speaker,Audio,South,4,717.36
12-06-2024,Keyboard,Accessories,West,3,275.85
12-06-2024,Speaker,Audio,West,4,700.92
13-06-2024,Monitor,Computers,Central,5,1950.11
13-06-2024,Laptop,Computers,Central,3,3095.01
13-06-2024,Speaker,Audio,North,2,302.53
13-06-2024,Webcam,Accessories,West,5,511.36
14-06-2024,Laptop,Computers,North,2,2095.48
14-06-2024,Monitor,Computers,West,1,371.37
14-06-2024,Speaker,Audio,South,4,732.6
15-06-2024,Tablet,Mobile,South,2,944.24
15-06-2024,Speaker,Audio,South,4,593.98
15-06-2024,Mouse,Accessories,South,3,157.32
15-06-2024,Webcam,Accessories,South,1,105.55
15-06-2024,Smartwatch,Wearables,East,5,1203.36
16-06-2024,Smartwatch,Wearables,Central,1,321.8
16-06-2024,Headphones,Accessories,North,1,122.16
16-06-2024,Smartphone,Mobile,East,5,3272.5
16-06-2024,Mouse,Accessories,Central,1,45.42
16-06-2024,Webcam,Accessories,South,4,419.44
16-06-2024,Smartphone,Mobile,East,1,796.53
17-06-2024,Webcam,Accessories,South,3,311.62
17-06-2024,Monitor,Computers,West,2,742.26
18-06-2024,Keyboard,Accessories,South,4,388.89
18-06-2024,Keyboard,Accessories,South,4,300.22
18-06-2024,Smartphone,Mobile,South,3,1930.78
18-06-2024,Headphones,Accessories,North,4,555.84
19-06-2024,Webcam,Accessories,North,3,289.03
19-06-2024,Mouse,Accessories,North,5,255.05
19-06-2024,Keyboard,Accessories,Central,4,398.92
19-06-2024,Smartphone,Mobile,East,3,2217.6
20-06-2024,Webcam,Accessories,South,1,85.51
20-06-2024,Headphones,Accessories,Central,5,726.18
20-06-2024,Webcam,Accessories,West,5,478.03
20-06-2024,Mouse,Accessories,East,2,74.19
20-06-2024,Mouse,Accessories,Central,6,265.22
20-06-2024,Smartphone,Mobile,South,2,1447.74
20-06-2024,Keyboard,Accessories,South,5,454
21-06-2024,Webcam,Accessories,Central,3,272.3
21-06-2024,Monitor,Computers,East,5,1824.65
22-06-2024,Speaker,Audio,West,1,166.75
22-06-2024,Smartphone,Mobile,East,4,2544.05
22-06-2024,Speaker,Audio,South,4,618.43
23-06-2024,Speaker,Audio,West,1,156.2
24-06-2024,Mouse,Accessories,South,4,176.73
24-06-2024,Smartphone,Mobile,North,3,1656.1
25-06-2024,Laptop,Computers,Central,6,5364.08
25-06-2024,Monitor,Computers,North,1,428.26
26-06-2024,Monitor,Computers,West,5,2205.8
26-06-2024,Speaker,Audio,North,4,791.44
27-06-2024,Speaker,Audio,North,2,309.87
27-06-2024,Laptop,Computers,South,2,1867.66
29-06-2024,Mouse,Accessories,West,4,159.01
29-06-2024,Speaker,Audio,South,3,545.35
01-07-2024,Webcam,Accessories,South,2,178.46
01-07-2024,Headphones,Accessories,South,3,338.92
02-07-2024,Smartphone,Mobile,South,3,1869.96
02-07-2024,Laptop,Computers,Central,3,2458.2
02-07-2024,Speaker,Audio,East,3,398.54
03-07-2024,Speaker,Audio,West,2,306.98
03-07-2024,Mouse,Accessories,Central,4,166.36
03-07-2024,Webcam,Accessories,West,2,164.05
03-07-2024,Speaker,Audio,South,3,429.06
04-07-2024,Speaker,Audio,East,1,153.11
04-07-2024,Smartwatch,Wearables,Central,2,478.94
04-07-2024,Smartwatch,Wearables,Central,3,735.24
04-07-2024,Webcam,Accessories,South,2,179.87
05-07-2024,Headphones,Accessories,West,5,651.45
05-07-2024,Keyboard,Accessories,Central,1,85.19
05-07-2024,Smartwatch,Wearables,South,2,529.26
06-07-2024,Speaker,Audio,Central,4,634.24
06-07-2024,Smartphone,Mobile,East,4,2413.84
06-07-2024,Tablet,Mobile,North,3,1496.49
06-07-2024,Monitor,Computers,East,2,743.34
07-07-2024,Webcam,Accessories,South,2,184.07
07-07-2024,Mouse,Accessories,West,4,142.45
07-07-2024,Keyboard,Accessories,East,5,450.2
07-07-2024,Mouse,Accessories,Central,1,39.56
07-07-2024,Laptop,Computers,Central,2,1790.1
07-07-2024,Tablet,Mobile,South,3,1208.28
08-07-2024,Smartwatch,Wearables,East,1,250.75
08-07-2024,Speaker,Audio,North,4,514.43
08-07-2024,Laptop,Computers,South,4,3580.56
08-07-2024,Webcam,Accessories,East,3,302.37
09-07-2024,Webcam,Accessories,South,2,158.69
09-07-2024,Webcam,Accessories,Central,4,355.6
10-07-2024,Mouse,Accessories,Central,4,157.72
10-07-2024,Laptop,Computers,North,1,696.66
11-07-2024,Webcam,Accessories,West,2,189.96
11-07-2024,Speaker,Audio,West,3,477.09
11-07-2024,Speaker,Audio,West,5,693.12
12-07-2024,Mouse,Accessories,Central,1,38.82
13-07-2024,Smartwatch,Wearables,South,3,620.26
13-07-2024,Smartphone,Mobile,West,3,1555.09
14-07-2024,Keyboard,Accessories,Central,1,80.95
14-07-2024,Keyboard,Accessories,Central,1,80.95
14-07-2024,Smartphone,Mobile,Central,2,1094.17
14-07-2024,Smartwatch,Wearables,Central,2,469.2
15-07-2024,Monitor,Computers,West,3,1021.74
15-07-2024,Headphones,Accessories,North,1,106.23
16-07-2024,Speaker,Audio,South,3,413.18
16-07-2024,Keyboard,Accessories,South,1,89.92
16-07-2024,Tablet,Mobile,North,5,1925.12
17-07-2024,Tablet,Mobile,South,2,845.36
17-07-2024,Speaker,Audio,West,3,403.97
17-07-2024,Mouse,Accessories,Central,2,77.9
17-07-2024,Headphones,Accessories,North,1,128.21
18-07-2024,Smartphone,Mobile,East,3,1629.34
18-07-2024,Headphones,Accessories,Central,2,202.93
19-07-2024,Laptop,Computers,East,4,2899.26
19-07-2024,Smartphone,Mobile,West,3,2029.56
20-07-2024,Smartphone,Mobile,Central,4,2385.72
20-07-2024,Keyboard,Accessories,East,1,85.63
20-07-2024,Speaker,Audio,Central,5,665.55
21-07-2024,Mouse,Accessories,Central,3,113.18
21-07-2024,Smartwatch,Wearables,South,5,1054.96
21-07-2024,Laptop,Computers,North,3,2256.69
21-07-2024,Smartphone,Mobile,West,2,1231.74
21-07-2024,Mouse,Accessories,South,3,126.78
22-07-2024,Smartphone,Mobile,South,2,1195.37
22-07-2024,Smartwatch,Wearables,Central,3,798.09
22-07-2024,Keyboard,Accessories,North,3,247.26
23-07-2024,Speaker,Audio,Central,1,149.93
23-07-2024,Tablet,Mobile,South,2,1014.48
23-07-2024,Speaker,Audio,South,3,395.74
23-07-2024,Monitor,Computers,South,4,1586.84
23-07-2024,Tablet,Mobile,South,5,2350.9
24-07-2024,Speaker,Audio,West,2,332.82
24-07-2024,Webcam,Accessories,East,4,405.92
25-07-2024,Laptop,Computers,East,1,798.86
25-07-2024,Smartphone,Mobile,North,2,1174.62
25-07-2024,Webcam,Accessories,South,2,173.75
26-07-2024,Speaker,Audio,East,2,271.38
26-07-2024,Laptop,Computers,Central,3,2426.25
26-07-2024,Laptop,Computers,South,2,1498.45
27-07-2024,Laptop,Computers,West,2,1598.26
27-07-2024,Speaker,Audio,West,2,293.78
28-07-2024,Headphones,Accessories,North,3,320.86
29-07-2024,Laptop,Computers,East,5,4352.35
29-07-2024,Keyboard,Accessories,East,1,81.77
29-07-2024,Tablet,Mobile,South,3,1259.98
29-07-2024,Laptop,Computers,East,4,3442.28
30-07-2024,Speaker,Audio,West,3,420.52
30-07-2024,Smartphone,Mobile,North,2,931.74
30-07-2024,Smartphone,Mobile,North,4,2608.52
30-07-2024,Webcam,Accessories,South,4,389.36
30-07-2024,Smartphone,Mobile,West,5,2803.55
30-07-2024,Webcam,Accessories,Central,1,74.13
31-07-2024,Smartwatch,Wearables,North,2,501.56
31-07-2024,Smartphone,Mobile,South,3,1831.8
01-08-2024,Smartphone,Mobile,East,4,2288.2
01-08-2024,Speaker,Audio,West,5,838.4
01-08-2024,Mouse,Accessories,West,2,81.44
01-08-2024,Laptop,Computers,West,3,1998.92
02-08-2024,Smartphone,Mobile,North,3,1672.47
02-08-2024,Speaker,Audio,North,4,610.66
03-08-2024,Webcam,Accessories,East,1,94.68
04-08-2024,Mouse,Accessories,South,5,157.84
04-08-2024,Keyboard,Accessories,East,3,262.38
04-08-2024,Keyboard,Accessories,West,2,166.86
04-08-2024,Smartphone,Mobile,East,3,1770.6
05-08-2024,Tablet,Mobile,North,1,434.65
05-08-2024,Monitor,Computers,North,2,669.69
06-08-2024,Headphones,Accessories,North,1,106.25
06-08-2024,Smartphone,Mobile,Central,2,1019.74
06-08-2024,Webcam,Accessories,West,3,256.1
08-08-2024,Keyboard,Accessories,West,4,337.17
08-08-2024,Webcam,Accessories,West,3,221.54
08-08-2024,Smartwatch,Wearables,North,2,482.61
09-08-2024,Webcam,Accessories,South,3,227.2
09-08-2024,Tablet,Mobile,West,3,1299.07
09-08-2024,Headphones,Accessories,Central,4,400.35
09-08-2024,Smartwatch,Wearables,East,4,1005.88
09-08-2024,Webcam,Accessories,North,3,252.42
10-08-2024,Smartphone,Mobile,West,4,2045.68
11-08-2024,Tablet,Mobile,Central,4,1498.14
11-08-2024,Laptop,Computers,South,2,1524.44
12-08-2024,Laptop,Computers,West,2,1427.47
12-08-2024,Keyboard,Accessories,North,2,128.26
13-08-2024,Keyboard,Accessories,North,2,179.28
13-08-2024,Laptop,Computers,North,2,1582.95
13-08-2024,Laptop,Computers,East,3,2522.46
13-08-2024,Tablet,Mobile,Central,8,2809.66
13-08-2024,Monitor,Computers,North,3,1108.36
13-08-2024,Smartphone,Mobile,South,3,1668.63
14-08-2024,Monitor,Computers,East,1,370.89
14-08-2024,Speaker,Audio,North,2,234.75
14-08-2024,Mouse,Accessories,West,3,93.96
14-08-2024,Keyboard,Accessories,North,3,205.86
16-08-2024,Smartwatch,Wearables,South,3,802.71
16-08-2024,Laptop,Computers,East,1,635.62
16-08-2024,Mouse,Accessories,East,4,140.18
18-08-2024,Webcam,Accessories,West,2,199.34
18-08-2024,Smartphone,Mobile,East,1,577.53
18-08-2024,Monitor,Computers,East,4,1145.38
18-08-2024,Smartwatch,Wearables,West,2,482.43
18-08-2024,Tablet,Mobile,Central,3,
21-08-2024,Keyboard,Accessories,West,1,81.56
22-08-2024,Mouse,Accessories,North,2,90.02
23-08-2024,Smartwatch,Wearables,South,4,975.16
23-08-2024,Monitor,Computers,South,2,594.94
23-08-2024,Smartphone,Mobile,East,4,2240.75
24-08-2024,Tablet,Mobile,West,6,3023.52
24-08-2024,Smartphone,Mobile,North,2,978.37
24-08-2024,Monitor,Computers,East,2,593.3
25-08-2024,Headphones,Accessories,East,3,371.34
25-08-2024,Smartwatch,Wearables,West,5,1397
26-08-2024,Laptop,Computers,East,4,2856.37
27-08-2024,Mouse,Accessories,East,5,195.25
27-08-2024,Speaker,Audio,East,2,309.9
28-08-2024,Webcam,Accessories,North,4,363.52
28-08-2024,Speaker,Audio,South,3,
28-08-2024,Smartwatch,Wearables,East,1,248.12
29-08-2024,Keyboard,Accessories,West,1,87.11
29-08-2024,Headphones,Accessories,East,2,250.46
29-08-2024,Keyboard,Accessories,North,2,130.27
30-08-2024,Keyboard,Accessories,West,2,159.03
30-08-2024,Smartphone,Mobile,West,1,594.57
30-08-2024,Mouse,Accessories,East,4,178.64
30-08-2024,Laptop,Computers,North,2,1490.75
30-08-2024,Tablet,Mobile,North,2,990.8
31-08-2024,Monitor,Computers,South,2,759.18
31-08-2024,Headphones,Accessories,Central,2,233.5
31-08-2024,Keyboard,Accessories,East,3,234.12
31-08-2024,Smartphone,Mobile,Central,2,1333.18
01-09-2024,Headphones,Accessories,West,3,433.68
01-09-2024,Keyboard,Accessories,West,3,245.78
01-09-2024,Tablet,Mobile,East,2,1086.52
02-09-2024,Webcam,Accessories,South,2,208.94
02-09-2024,Smartwatch,Wearables,West,1,313.08
02-09-2024,Tablet,Mobile,Central,3,1632.39
02-09-2024,Monitor,Computers,East,3,1122.22
03-09-2024,Laptop,Computers,South,2,1924.9
04-09-2024,Monitor,Computers,West,3,1222.32
04-09-2024,Smartphone,Mobile,North,5,3961.75
05-09-2024,Speaker,Audio,East,1,190.09
05-09-2024,Webcam,Accessories,East,4,360.91
06-09-2024,Speaker,Audio,South,4,757.12
06-09-2024,Tablet,Mobile,Central,5,2725.17
06-09-2024,Mouse,Accessories,South,4,156.74
06-09-2024,Smartphone,Mobile,East,4,2664.48
06-09-2024,Mouse,Accessories,South,3,159.15
07-09-2024,Tablet,Mobile,North,2,1023.03
07-09-2024,Monitor,Computers,West,4,1607.56
07-09-2024,Headphones,Accessories,Central,5,658.07
08-09-2024,Speaker,Audio,Central,2,352.2
08-09-2024,Mouse,Accessories,North,5,252.25
08-09-2024,Keyboard,Accessories,North,4,396
09-09-2024,Speaker,Audio,North,1,181.95
09-09-2024,Mouse,Accessories,North,5,200.96
09-09-2024,Smartwatch,Wearables,North,1,299.81
10-09-2024,Tablet,Mobile,South,5,2729.25
10-09-2024,Keyboard,Accessories,East,1,98.61
11-09-2024,Smartphone,Mobile,North,3,1895.54
11-09-2024,Monitor,Computers,East,2,810.52
12-09-2024,Tablet,Mobile,West,2,1071.36
12-09-2024,Keyboard,Accessories,East,3,239.47
12-09-2024,Webcam,Accessories,North,1,100.84
12-09-2024,Monitor,Computers,South,6,2463.65
12-09-2024,Webcam,Accessories,East,3,314.28
13-09-2024,Headphones,Accessories,West,5,727.25
13-09-2024,Webcam,Accessories,East,2,203.81
13-09-2024,Webcam,Accessories,Central,2,216.84
13-09-2024,Mouse,Accessories,South,1,44.12
14-09-2024,Smartphone,Mobile,South,4,3073.16
14-09-2024,Mouse,Accessories,East,4,156.42
14-09-2024,Smartwatch,Wearables,East,4,1020.16
14-09-2024,Headphones,Accessories,North,3,373.75
14-09-2024,Smartwatch,Wearables,North,5,1438.79
14-09-2024,Keyboard,Accessories,Central,4,300.96
15-09-2024,Smartwatch,Wearables,East,4,1212.01
16-09-2024,Webcam,Accessories,Central,3,325.02
17-09-2024,Webcam,Accessories,South,2,185.32
17-09-2024,Mouse,Accessories,East,3,123.36
17-09-2024,Smartphone,Mobile,Central,1,744.07
17-09-2024,Headphones,Accessories,West,3,426.45
18-09-2024,Smartphone,Mobile,West,5,3244.96
18-09-2024,Monitor,Computers,East,3,1249.56
19-09-2024,Smartphone,Mobile,Central,2,1110.27
19-09-2024,Headphones,Accessories,Central,4,531.35
19-09-2024,Laptop,Computers,North,4,3566.23
20-09-2024,Speaker,Audio,North,3,535.59
20-09-2024,Webcam,Accessories,North,1,111.64
20-09-2024,Monitor,Computers,East,3,1008.67
20-09-2024,Smartphone,Mobile,East,5,3182.08
20-09-2024,Mouse,Accessories,East,4,195.56
21-09-2024,Speaker,Audio,West,2,391.16
21-09-2024,Tablet,Mobile,West,3,1799.73
21-09-2024,Keyboard,Accessories,South,2,147.01
21-09-2024,Mouse,Accessories,West,3,148.86
22-09-2024,Monitor,Computers,North,6,2209.15
22-09-2024,Speaker,Audio,Central,3,539.34
22-09-2024,Tablet,Mobile,North,4,2186.86
22-09-2024,Keyboard,Accessories,West,5,393.24
23-09-2024,Tablet,Mobile,South,2,1019.86
23-09-2024,Headphones,Accessories,South,2,253.76
24-09-2024,Smartphone,Mobile,West,3,1952.28
24-09-2024,Monitor,Computers,East,1,437.58
25-09-2024,Smartwatch,Wearables,West,4,1208.64
25-09-2024,Speaker,Audio,South,3,491
25-09-2024,Tablet,Mobile,East,7,3340.2
25-09-2024,Webcam,Accessories,Central,3,340.18
26-09-2024,Headphones,Accessories,West,3,384.28
26-09-2024,Tablet,Mobile,North,6,3319.62
26-09-2024,Smartwatch,Wearables,South,4,1205.08
26-09-2024,Mouse,Accessories,West,3,148.56
27-09-2024,Speaker,Audio,West,2,350.51
27-09-2024,Smartphone,Mobile,South,7,4836.35
28-09-2024,Tablet,Mobile,East,3,1441.11
28-09-2024,Tablet,Mobile,Central,2,1195.5
29-09-2024,Laptop,Computers,North,3,3009.75
29-09-2024,Smartphone,Mobile,West,3,2306.64
29-09-2024,Mouse,Accessories,West,5,217.44
29-09-2024,Smartwatch,Wearables,West,3,906.21
30-09-2024,Smartphone,Mobile,Central,4,3157.36
30-09-2024,Smartphone,Mobile,West,3,2070.33
30-09-2024,Keyboard,Accessories,West,3,255.84
30-09-2024,Mouse,Accessories,West,1,40.87
01-10-2024,Keyboard,Accessories,South,2,166.51
03-10-2024,Keyboard,Accessories,Central,4,421.44
03-10-2024,Headphones,Accessories,East,1,153.47
04-10-2024,Monitor,Computers,West,1,423.6
04-10-2024,Tablet,Mobile,South,4,2201.32
04-10-2024,Laptop,Computers,West,2,1670.05
05-10-2024,Keyboard,Accessories,Central,3,287.46
05-10-2024,Webcam,Accessories,West,4,428.9
06-10-2024,Speaker,Audio,North,2,285.58
07-10-2024,Laptop,Computers,East,3,2852.31
07-10-2024,Smartphone,Mobile,Central,1,670.63
07-10-2024,Monitor,Computers,West,3,1229.45
07-10-2024,Monitor,Computers,West,1,380.84
07-10-2024,Keyboard,Accessories,West,4,369.4
08-10-2024,Smartwatch,Wearables,West,6,1819.26
09-10-2024,Smartphone,Mobile,North,3,2358.57
09-10-2024,Smartwatch,Wearables,Central,4,1219.46
10-10-2024,Monitor,Computers,West,4,1465.18
10-10-2024,Webcam,Accessories,West,2,233.7
11-10-2024,Smartphone,Mobile,West,3,2119.42
11-10-2024,Smartphone,Mobile,West,3,1971.86
11-10-2024,Keyboard,Accessories,West,2,151.33
11-10-2024,Mouse,Accessories,North,6,298.32
12-10-2024,Speaker,Audio,Central,2,347.52
12-10-2024,Laptop,Computers,East,4,4105.4
12-10-2024,Smartphone,Mobile,South,4,2366.3
13-10-2024,Mouse,Accessories,North,3,139.92
13-10-2024,Mouse,Accessories,West,6,315.9
13-10-2024,Smartphone,Mobile,East,5,3366.32
14-10-2024,Headphones,Accessories,Central,2,244.53
14-10-2024,Mouse,Accessories,Central,5,207.66
14-10-2024,Mouse,Accessories,West,1,47.4
14-10-2024,Headphones,Accessories,West,1,150.11
15-10-2024,Laptop,Computers,North,2,1937.77
15-10-2024,Webcam,Accessories,South,1,97.97
15-10-2024,Laptop,Computers,West,3,2633.07
15-10-2024,Headphones,Accessories,Central,3,455.46
16-10-2024,Keyboard,Accessories,East,3,288.78
16-10-2024,Mouse,Accessories,Central,4,192.44
17-10-2024,Laptop,Computers,South,4,3941.32
17-10-2024,Keyboard,Accessories,Central,2,209.4
17-10-2024,Headphones,Accessories,South,3,421.63
17-10-2024,Headphones,Accessories,West,4,536.76
19-10-2024,Keyboard,Accessories,East,2,153.78
19-10-2024,Laptop,Computers,Central,4,4200.76
19-10-2024,Tablet,Mobile,West,3,1394.67
20-10-2024,Monitor,Computers,Central,3,1149.31
20-10-2024,Webcam,Accessories,North,5,547.5
20-10-2024,Smartwatch,Wearables,Central,3,878.23
20-10-2024,Laptop,Computers,Central,3,2816.67
20-10-2024,Mouse,Accessories,East,2,73.97
21-10-2024,Keyboard,Accessories,East,7,670.67
22-10-2024,Mouse,Accessories,East,4,207
22-10-2024,Webcam,Accessories,West,1,95.04
22-10-2024,Keyboard,Accessories,Central,4,348.99
22-10-2024,Smartwatch,Wearables,South,2,641.04
23-10-2024,Speaker,Audio,North,1,192.8
23-10-2024,Tablet,Mobile,North,4,2199.12
23-10-2024,Monitor,Computers,South,4,1772.32
24-10-2024,Webcam,Accessories,West,2,221.03
25-10-2024,Headphones,Accessories,Central,2,286.63
25-10-2024,Speaker,Audio,South,4,598.64
26-10-2024,Laptop,Computers,South,3,3161.07
26-10-2024,Tablet,Mobile,Central,4,2067.24
26-10-2024,Headphones,Accessories,South,4,573.72
26-10-2024,Headphones,Accessories,North,4,519.91
26-10-2024,Keyboard,Accessories,North,1,90.2
27-10-2024,Tablet,Mobile,South,2,1028.48
27-10-2024,Smartphone,Mobile,West,2,1385.16
27-10-2024,Smartphone,Mobile,South,1,737.04
27-10-2024,Laptop,Computers,South,3,2832.27
28-10-2024,Smartwatch,Wearables,West,1,
28-10-2024,Monitor,Computers,East,3,1020.23
29-10-2024,Webcam,Accessories,West,3,318.45
29-10-2024,Monitor,Computers,West,4,1292.7
29-10-2024,Monitor,Computers,North,6,2398.39
30-10-2024,Monitor,Computers,East,3,1228.83
30-10-2024,Tablet,Mobile,Central,5,2642.76
31-10-2024,Headphones,Accessories,West,3,431.65
31-10-2024,Smartphone,Mobile,Central,1,634.43
31-10-2024,Keyboard,Accessories,West,4,420.08
31-10-2024,Headphones,Accessories,East,4,577.56
01-11-2024,Laptop,Computers,Central,3,2977.25
01-11-2024,Speaker,Audio,West,6,1583.82
02-11-2024,Smartphone,Mobile,West,6,5590.74
02-11-2024,Monitor,Computers,East,5,2420.42
02-11-2024,Speaker,Audio,Central,1,238.99
02-11-2024,Mouse,Accessories,North,6,402.06
02-11-2024,Headphones,Accessories,North,3,512.6
02-11-2024,Smartwatch,Wearables,South,6,2016.34
02-11-2024,Smartwatch,Wearables,South,6,2311.96
03-11-2024,Smartwatch,Wearables,Central,1,416.16
03-11-2024,Speaker,Audio,North,5,1298.65
03-11-2024,Headphones,Accessories,Central,2,339.95
04-11-2024,Monitor,Computers,West,6,3378.9
04-11-2024,Keyboard,Accessories,North,5,624.3
04-11-2024,Monitor,Computers,North,8,4051.22
04-11-2024,Mouse,Accessories,East,2,135.42
04-11-2024,Speaker,Audio,West,6,1585.8
05-11-2024,Monitor,Computers,East,6,3287.3
05-11-2024,Mouse,Accessories,North,6,423.96
05-11-2024,Laptop,Computers,East,9,12289.09
06-11-2024,Tablet,Mobile,North,4,2919.16
06-11-2024,Mouse,Accessories,North,3,190.47
06-11-2024,Laptop,Computers,South,6,7558.44
07-11-2024,Mouse,Accessories,North,3,205.8
08-11-2024,Keyboard,Accessories,West,3,386.52
08-11-2024,Speaker,Audio,East,3,645.53
08-11-2024,Headphones,Accessories,North,6,1187.76
08-11-2024,Smartwatch,Wearables,Central,6,2060.83
08-11-2024,Monitor,Computers,Central,6,3298.81
09-11-2024,Smartwatch,Wearables,Central,1,398.88
09-11-2024,Monitor,Computers,North,3,1554.9
09-11-2024,Monitor,Computers,West,3,1861.95
09-11-2024,Headphones,Accessories,North,4,828.36
10-11-2024,Webcam,Accessories,South,6,717.77
10-11-2024,Smartphone,Mobile,East,4,3827.04
10-11-2024,Laptop,Computers,East,7,7976.25
10-11-2024,Laptop,Computers,East,4,5311.6
11-11-2024,Tablet,Mobile,East,3,2099.06
11-11-2024,Webcam,Accessories,South,4,565.02
11-11-2024,Webcam,Accessories,West,2,285.12
12-11-2024,Laptop,Computers,North,6,7297.85
13-11-2024,Headphones,Accessories,North,9,1628.84
13-11-2024,Mouse,Accessories,South,4,247.4
13-11-2024,Monitor,Computers,North,5,2826.15
14-11-2024,Webcam,Accessories,South,6,913.14
14-11-2024,Tablet,Mobile,East,1,688.14
15-11-2024,Headphones,Accessories,East,2,408.42
15-11-2024,Monitor,Computers,North,4,2193.24
15-11-2024,Monitor,Computers,Central,1,574.17
17-11-2024,Tablet,Mobile,North,7,4886.03
17-11-2024,Keyboard,Accessories,Central,5,548.67
17-11-2024,Laptop,Computers,Central,3,4134.93
17-11-2024,Speaker,Audio,Central,7,1502.65
19-11-2024,Headphones,Accessories,East,7,1238.03
19-11-2024,Monitor,Computers,Central,4,2130.73
19-11-2024,Keyboard,Accessories,North,3,312.34
20-11-2024,Smartphone,Mobile,East,5,5055.5
20-11-2024,Speaker,Audio,West,4,843.04
21-11-2024,Smartphone,Mobile,East,8,7826.63
21-11-2024,Mouse,Accessories,South,6,424.74
21-11-2024,Smartphone,Mobile,East,8,7826.63
21-11-2024,Monitor,Computers,East,1,545.19
21-11-2024,Webcam,Accessories,South,2,296.16
22-11-2024,Headphones,Accessories,West,7,1308.51
22-11-2024,Smartwatch,Wearables,North,5,1970.1
22-11-2024,Headphones,Accessories,North,1,171.82
22-11-2024,Smartwatch,Wearables,East,8,2675.53
22-11-2024,Tablet,Mobile,South,2,1517.6
23-11-2024,Headphones,Accessories,West,6,1236.5
24-11-2024,Smartwatch,Wearables,North,5,1736.41
25-11-2024,Webcam,Accessories,North,5,756.8
25-11-2024,Tablet,Mobile,East,2,1449.06
26-11-2024,Smartwatch,Wearables,South,8,3550.8
26-11-2024,Mouse,Accessories,South,4,240.38
26-11-2024,Laptop,Computers,South,9,11317.14
26-11-2024,Headphones,Accessories,Central,6,1205.34
27-11-2024,Webcam,Accessories,West,1,154.16
27-11-2024,Mouse,Accessories,South,2,109.18
27-11-2024,Keyboard,Accessories,West,7,854.59
27-11-2024,Monitor,Computers,Central,4,2514.68
27-11-2024,Mouse,Accessories,East,7,451.43
27-11-2024,Laptop,Computers,Central,7,8777.47
28-11-2024,Headphones,Accessories,East,4,708.93
28-11-2024,Laptop,Computers,East,3,4054.11
28-11-2024,Webcam,Accessories,South,6,770.05
28-11-2024,Smartwatch,Wearables,Central,3,1280.19
28-11-2024,Tablet,Mobile,West,4,2915.84
28-11-2024,Smartwatch,Wearables,East,5,2005.5
29-11-2024,Tablet,Mobile,West,9,7096.32
29-11-2024,Webcam,Accessories,South,4,574.63
29-11-2024,Tablet,Mobile,West,7,5561.71
29-11-2024,Smartphone,Mobile,West,4,3869.16
29-11-2024,Smartphone,Mobile,Central,2,1794.47
30-11-2024,Headphones,Accessories,South,7,1375.22
30-11-2024,Monitor,Computers,Central,5,2545.16
01-12-2024,Mouse,Accessories,West,6,383.46
01-12-2024,Headphones,Accessories,Central,2,400.08
01-12-2024,Webcam,Accessories,West,8,1183.92
02-12-2024,Laptop,Computers,West,3,3835.3
03-12-2024,Webcam,Accessories,Central,4,476.67
03-12-2024,Smartwatch,Wearables,North,4,1407.04
03-12-2024,Smartphone,Mobile,West,2,2006.18
03-12-2024,Headphones,Accessories,East,4,747.61
04-12-2024,Smartphone,Mobile,North,4,3803.24
04-12-2024,Webcam,Accessories,East,4,483.17
05-12-2024,Smartphone,Mobile,South,4,4022.24
05-12-2024,Monitor,Computers,North,4,2098.33
05-12-2024,Speaker,Audio,West,2,420.05
06-12-2024,Keyboard,Accessories,West,5,663.01
06-12-2024,Smartwatch,Wearables,South,1,429.67
07-12-2024,Headphones,Accessories,East,1,183.49
07-12-2024,Webcam,Accessories,East,5,641.2
08-12-2024,Tablet,Mobile,South,3,1808.51
08-12-2024,Webcam,Accessories,West,5,633.4
08-12-2024,Keyboard,Accessories,North,6,704.21
08-12-2024,Keyboard,Accessories,North,6,818.28
09-12-2024,Speaker,Audio,West,2,422.94
10-12-2024,Webcam,Accessories,North,4,500.34
10-12-2024,Speaker,Audio,West,7,1635.9
10-12-2024,Webcam,Accessories,Central,6,893.34
10-12-2024,Laptop,Computers,East,1,1295.3
11-12-2024,Monitor,Computers,North,3,1364.93
11-12-2024,Mouse,Accessories,West,3,173.1
12-12-2024,Speaker,Audio,South,6,1604.88
12-12-2024,Smartwatch,Wearables,East,4,1614.17
13-12-2024,Laptop,Computers,West,4,4584.63
13-12-2024,Tablet,Mobile,North,5,3955.2
13-12-2024,Keyboard,Accessories,North,6,684.29
13-12-2024,Webcam,Accessories,Central,7,860.73
13-12-2024,Headphones,Accessories,South,4,651.81
13-12-2024,Webcam,Accessories,Central,8,1129.6
14-12-2024,Laptop,Computers,South,6,8319.9
14-12-2024,Monitor,Computers,Central,1,496.24
14-12-2024,Headphones,Accessories,South,2,410.52
14-12-2024,Mouse,Accessories,East,4,257.34
14-12-2024,Monitor,Computers,North,1,517.42
15-12-2024,Speaker,Audio,West,4,936.04
15-12-2024,Smartwatch,Wearables,West,7,2727.48
16-12-2024,Speaker,Audio,West,6,1563.48
16-12-2024,Mouse,Accessories,West,5,347.65
17-12-2024,Tablet,Mobile,West,6,4714.68
17-12-2024,Speaker,Audio,West,2,
17-12-2024,Smartphone,Mobile,Central,2,1856.14
17-12-2024,Smartphone,Mobile,West,5,4978.57
17-12-2024,Speaker,Audio,North,4,879.95
19-12-2024,Monitor,Computers,South,1,571.32
19-12-2024,Tablet,Mobile,North,7,4842.81
20-12-2024,Mouse,Accessories,West,1,60.18
20-12-2024,Tablet,Mobile,West,5,4019.25
20-12-2024,Mouse,Accessories,East,8,457.44
20-12-2024,Tablet,Mobile,North,7,5312.44
21-12-2024,Webcam,Accessories,East,4,495.86
21-12-2024,Speaker,Audio,South,6,1499.94
21-12-2024,Webcam,Accessories,South,4,568.92
21-12-2024,Laptop,Computers,Central,4,5007.4
21-12-2024,Webcam,Accessories,East,5,759.48
22-12-2024,Smartphone,Mobile,East,4,3570.34
22-12-2024,Keyboard,Accessories,North,4,446.33
23-12-2024,Mouse,Accessories,South,3,156.53
23-12-2024,Webcam,Accessories,West,4,604.01
23-12-2024,Tablet,Mobile,East,3,1851.35
23-12-2024,Mouse,Accessories,East,7,401.92
24-12-2024,Mouse,Accessories,South,4,255.24
24-12-2024,Tablet,Mobile,East,1,655.37
24-12-2024,Monitor,Computers,West,1,545.2
25-12-2024,Monitor,Computers,Central,6,2623.15
26-12-2024,Speaker,Audio,West,3,760.68
27-12-2024,Smartphone,Mobile,East,3,2563.87
27-12-2024,Smartphone,Mobile,North,2,1490.58
27-12-2024,Headphones,Accessories,East,5,895.23
28-12-2024,Keyboard,Accessories,South,2,269
28-12-2024,Mouse,Accessories,West,9,488.59
29-12-2024,Monitor,Computers,Central,5,3113.6
29-12-2024,Tablet,Mobile,Central,2,1444.21
30-12-2024,Webcam,Accessories,Central,4,592.6
30-12-2024,Smartphone,Mobile,North,5,4275.84
30-12-2024,Headphones,Accessories,East,6,1248
30-12-2024,Smartwatch,Wearables,South,5,1787.92
31-12-2024,Smartwatch,Wearables,East,4,1303.97
31-12-2024,Laptop,Computers,West,4,4768.85
01-01-2025,Headphones,Accessories,South,4,491.97
01-01-2025,Smartwatch,Wearables,South,3,953.76
01-01-2025,Mouse,Accessories,North,3,152.55
01-01-2025,Smartphone,Mobile,South,1,602.72
02-01-2025,Keyboard,Accessories,South,2,176.34
02-01-2025,Smartphone,Mobile,East,3,1917.59
02-01-2025,Laptop,Computers,Central,4,3689.48
03-01-2025,Laptop,Computers,Central,6,5571.72
04-01-2025,Mouse,Accessories,North,2,100
04-01-2025,Keyboard,Accessories,Central,4,346
04-01-2025,Smartwatch,Wearables,South,4,1107.62
04-01-2025,Keyboard,Accessories,East,4,327.6
04-01-2025,Tablet,Mobile,East,3,1316.57
04-01-2025,Mouse,Accessories,North,2,93.58
05-01-2025,Laptop,Computers,South,4,4023.6
05-01-2025,Speaker,Audio,Central,1,151.6
05-01-2025,Tablet,Mobile,North,4,1970.34
05-01-2025,Headphones,Accessories,East,4,542.16
06-01-2025,Tablet,Mobile,Central,1,457.43
06-01-2025,Webcam,Accessories,West,2,202.96
06-01-2025,Monitor,Computers,South,4,1766.2
06-01-2025,Mouse,Accessories,North,4,178
07-01-2025,Smartwatch,Wearables,East,6,1438.56
07-01-2025,Webcam,Accessories,West,2,198.26
08-01-2025,Monitor,Computers,North,1,383.54
08-01-2025,Mouse,Accessories,Central,3,145.89
08-01-2025,Smartphone,Mobile,West,3,2116.32
08-01-2025,Laptop,Computers,South,2,1840.19
09-01-2025,Monitor,Computers,South,2,677.91
10-01-2025,Smartphone,Mobile,North,5,3577.03
10-01-2025,Mouse,Accessories,Central,4,152.25
10-01-2025,Headphones,Accessories,South,4,533.63
11-01-2025,Headphones,Accessories,East,4,461.48
11-01-2025,Tablet,Mobile,East,4,2095.66
12-01-2025,Webcam,Accessories,West,1,93.65
12-01-2025,Smartwatch,Wearables,Central,5,1568.85
13-01-2025,Smartphone,Mobile,South,5,3371.85
14-01-2025,Speaker,Audio,South,3,457.01
14-01-2025,Keyboard,Accessories,East,4,389.28
14-01-2025,Monitor,Computers,Central,1,331.1
14-01-2025,Keyboard,Accessories,East,5,440.85
15-01-2025,Speaker,Audio,North,4,578.24
15-01-2025,Webcam,Accessories,West,3,298.29
16-01-2025,Webcam,Accessories,Central,3,321.99
16-01-2025,Laptop,Computers,West,6,5464.32
16-01-2025,Monitor,Computers,South,3,988.13
17-01-2025,Laptop,Computers,Central,3,2540.46
18-01-2025,Laptop,Computers,North,1,986.46
18-01-2025,Monitor,Computers,Central,4,1658.64
18-01-2025,Tablet,Mobile,West,2,1029.04
18-01-2025,Keyboard,Accessories,North,2,175.24
18-01-2025,Smartphone,Mobile,North,5,3224.39
18-01-2025,Smartwatch,Wearables,Central,5,1182.72
19-01-2025,Keyboard,Accessories,East,3,242.33
19-01-2025,Monitor,Computers,West,3,1069.61
19-01-2025,Headphones,Accessories,South,3,385.98
20-01-2025,Keyboard,Accessories,West,4,282.18
20-01-2025,Smartwatch,Wearables,South,3,895.62
20-01-2025,Speaker,Audio,North,2,338.22
20-01-2025,Mouse,Accessories,Central,3,138.11
20-01-2025,Laptop,Computers,South,2,1726.97
21-01-2025,Smartphone,Mobile,East,2,1151.68
21-01-2025,Speaker,Audio,Central,3,509.41
22-01-2025,Mouse,Accessories,West,6,262.76
22-01-2025,Smartwatch,Wearables,East,3,706.27
22-01-2025,Smartwatch,Wearables,North,3,832.41
23-01-2025,Monitor,Computers,West,2,771.44
23-01-2025,Keyboard,Accessories,West,5,405.09
23-01-2025,Speaker,Audio,Central,4,669.24
23-01-2025,Tablet,Mobile,South,4,2158.12
23-01-2025,Headphones,Accessories,South,3,383.65
24-01-2025,Headphones,Accessories,East,2,261.76
24-01-2025,Tablet,Mobile,North,2,1104.9
25-01-2025,Smartwatch,Wearables,East,4,1097.76
25-01-2025,Monitor,Computers,West,4,1582.17
25-01-2025,Monitor,Computers,South,3,1020
25-01-2025,Smartphone,Mobile,East,5,3050.48
25-01-2025,Speaker,Audio,West,4,651.34
26-01-2025,Speaker,Audio,West,3,563.55
26-01-2025,Smartwatch,Wearables,Central,6,1728.65
26-01-2025,Laptop,Computers,East,4,3154.05
27-01-2025,Headphones,Accessories,Central,1,128.55
27-01-2025,Laptop,Computers,East,4,3336.01
28-01-2025,Monitor,Computers,Central,4,1559.75
28-01-2025,Smartwatch,Wearables,South,3,898.47
28-01-2025,Smartwatch,Wearables,East,5,1179.38
29-01-2025,Speaker,Audio,Central,7,1246.61
30-01-2025,Monitor,Computers,North,5,1724.92
30-01-2025,Headphones,Accessories,North,3,362.95
30-01-2025,Keyboard,Accessories,West,5,479.3
30-01-2025,Webcam,Accessories,Central,3,310.07
31-01-2025,Laptop,Computers,Central,2,1639.04
31-01-2025,Keyboard,Accessories,West,3,275.43
31-01-2025,Smartwatch,Wearables,Central,2,461.65
01-02-2025,Smartphone,Mobile,South,3,2107.41
01-02-2025,Speaker,Audio,South,5,786.47
01-02-2025,Laptop,Computers,Central,3,2502.07
02-02-2025,Mouse,Accessories,West,3,117.26
02-02-2025,Laptop,Computers,North,1,917.68
03-02-2025,Smartphone,Mobile,East,4,2500.48
03-02-2025,Webcam,Accessories,East,3,285.47
04-02-2025,Keyboard,Accessories,East,5,438.05
05-02-2025,Headphones,Accessories,Central,2,270.72
05-02-2025,Mouse,Accessories,South,2,88.02
05-02-2025,Smartwatch,Wearables,South,4,1210.4
05-02-2025,Tablet,Mobile,North,3,1574.62
06-02-2025,Webcam,Accessories,East,3,283.38
06-02-2025,Tablet,Mobile,South,2,1144.88
06-02-2025,Webcam,Accessories,East,3,313.32
06-02-2025,Tablet,Mobile,West,4,2251.36
06-02-2025,Mouse,Accessories,East,4,167.21
07-02-2025,Speaker,Audio,South,3,492.66
07-02-2025,Speaker,Audio,North,2,324.75
08-02-2025,Smartphone,Mobile,Central,6,4072.44
08-02-2025,Tablet,Mobile,North,4,2273.16
09-02-2025,Keyboard,Accessories,South,2,142.19
09-02-2025,Keyboard,Accessories,East,3,293.04
09-02-2025,Headphones,Accessories,North,3,359.86
09-02-2025,Smartphone,Mobile,West,2,1074.46
10-02-2025,Laptop,Computers,West,1,971.6
11-02-2025,Monitor,Computers,West,3,1172.94
11-02-2025,Tablet,Mobile,North,3,1506.98
11-02-2025,Monitor,Computers,Central,5,1847.57
11-02-2025,Speaker,Audio,Central,4,719.64
12-02-2025,Monitor,Computers,North,4,1341.54
12-02-2025,Keyboard,Accessories,North,2,197.84
13-02-2025,Monitor,Computers,West,3,1183.23
13-02-2025,Monitor,Computers,Central,2,780.2
14-02-2025,Keyboard,Accessories,East,3,266.3
14-02-2025,Monitor,Computers,South,3,1170.32
14-02-2025,Webcam,Accessories,North,5,487.59
15-02-2025,Webcam,Accessories,North,2,192.27
15-02-2025,Laptop,Computers,Central,5,3936.61
15-02-2025,Tablet,Mobile,West,3,1458.01
16-02-2025,Laptop,Computers,Central,4,3843.78
17-02-2025,Smartwatch,Wearables,West,2,515.13
17-02-2025,Smartphone,Mobile,Central,3,1987.2
17-02-2025,Laptop,Computers,West,2,1534.56
18-02-2025,Webcam,Accessories,South,4,450.08
18-02-2025,Laptop,Computers,East,1,1005.81
18-02-2025,Keyboard,Accessories,East,2,171.75
18-02-2025,Keyboard,Accessories,West,5,500.9
19-02-2025,Laptop,Computers,West,3,2646.4
19-02-2025,Speaker,Audio,South,3,515.85
19-02-2025,Speaker,Audio,East,2,301.12
19-02-2025,Speaker,Audio,North,5,889.5
20-02-2025,Keyboard,Accessories,West,7,677.25
20-02-2025,Laptop,Computers,West,4,3148.38
20-02-2025,Keyboard,Accessories,South,3,267.89
21-02-2025,Speaker,Audio,South,5,754.48
21-02-2025,Tablet,Mobile,West,2,878.32
22-02-2025,Webcam,Accessories,Central,4,400.96
22-02-2025,Speaker,Audio,Central,3,446.5
23-02-2025,Speaker,Audio,South,6,1044.06
23-02-2025,Tablet,Mobile,South,3,1600.8
23-02-2025,Laptop,Computers,South,3,2751.66
24-02-2025,Keyboard,Accessories,East,6,446.59
24-02-2025,Webcam,Accessories,South,1,101.05
25-02-2025,Laptop,Computers,West,2,1853.41
25-02-2025,Laptop,Computers,Central,5,4663.35
25-02-2025,Speaker,Audio,East,3,454.49
25-02-2025,Mouse,Accessories,South,4,143.87
25-02-2025,Speaker,Audio,Central,4,590.99
26-02-2025,Keyboard,Accessories,East,7,650.3
26-02-2025,Smartwatch,Wearables,Central,2,461.18
26-02-2025,Laptop,Computers,North,3,2394.53
27-02-2025,Smartphone,Mobile,Central,6,3453.12
27-02-2025,Speaker,Audio,East,5,836.85
27-02-2025,Webcam,Accessories,South,3,295.63
27-02-2025,Monitor,Computers,Central,2,748.15
27-02-2025,Keyboard,Accessories,South,6,586.08
27-02-2025,Tablet,Mobile,North,2,1017.02
27-02-2025,Mouse,Accessories,Central,4,155.89
27-02-2025,Mouse,Accessories,North,1,45.43
28-02-2025,Headphones,Accessories,Central,3,401.36
28-02-2025,Keyboard,Accessories,South,4,372.68
28-02-2025,Tablet,Mobile,West,4,1679.23
28-02-2025,Monitor,Computers,North,2,794.34
28-02-2025,Smartphone,Mobile,Central,3,1597.46
28-02-2025,Tablet,Mobile,East,3,1624.32
01-03-2025,Speaker,Audio,North,4,751.8
01-03-2025,Tablet,Mobile,West,2,1022.12
01-03-2025,Webcam,Accessories,Central,7,893.2
01-03-2025,Mouse,Accessories,East,2,106.61
02-03-2025,Smartphone,Mobile,Central,1,767.23
02-03-2025,Smartwatch,Wearables,North,3,898.75
02-03-2025,Webcam,Accessories,East,3,322.14
02-03-2025,Monitor,Computers,East,5,2187.55
02-03-2025,Speaker,Audio,West,1,174.81
03-03-2025,Tablet,Mobile,South,8,4895.84
03-03-2025,Mouse,Accessories,West,4,195.12
03-03-2025,Smartwatch,Wearables,Central,6,1745.11
03-03-2025,Keyboard,Accessories,East,4,314.24
04-03-2025,Headphones,Accessories,West,2,335.66
04-03-2025,Mouse,Accessories,South,3,156.18
05-03-2025,Smartphone,Mobile,South,1,771.73
05-03-2025,Smartphone,Mobile,South,4,2997.74
06-03-2025,Headphones,Accessories,East,2,291.8
06-03-2025,Headphones,Accessories,South,5,764.46
07-03-2025,Monitor,Computers,North,4,1703.76
07-03-2025,Monitor,Computers,West,3,1386.3
07-03-2025,Smartwatch,Wearables,South,4,1098.03
07-03-2025,Mouse,Accessories,West,6,286.36
08-03-2025,Keyboard,Accessories,South,5,513.71
08-03-2025,Mouse,Accessories,East,5,256.45
08-03-2025,Headphones,Accessories,West,5,650.08
08-03-2025,Smartphone,Mobile,South,7,5672.73
08-03-2025,Smartphone,Mobile,South,4,3204.56
08-03-2025,Smartphone,Mobile,West,3,2107.46
08-03-2025,Speaker,Audio,North,5,829.13
08-03-2025,Laptop,Computers,West,2,1774.26
09-03-2025,Smartphone,Mobile,Central,2,1559.26
10-03-2025,Tablet,Mobile,South,4,2116.94
10-03-2025,Keyboard,Accessories,North,4,405.76
11-03-2025,Webcam,Accessories,Central,5,616.35
11-03-2025,Smartwatch,Wearables,East,3,864.16
11-03-2025,Webcam,Accessories,Central,5,570.4
12-03-2025,Keyboard,Accessories,East,4,344.08
12-03-2025,Smartphone,Mobile,South,5,3865.55
12-03-2025,Laptop,Computers,South,5,
13-03-2025,Tablet,Mobile,Central,4,2152.3
13-03-2025,Smartphone,Mobile,South,4,3322.16
14-03-2025,Mouse,Accessories,West,3,162.05
14-03-2025,Speaker,Audio,South,3,599.22
15-03-2025,Tablet,Mobile,South,2,1003.79
15-03-2025,Monitor,Computers,South,4,1629
15-03-2025,Smartwatch,Wearables,West,1,
16-03-2025,Smartphone,Mobile,West,3,1930.07
16-03-2025,Mouse,Accessories,North,3,160.95
16-03-2025,Webcam,Accessories,North,1,127.23
17-03-2025,Tablet,Mobile,East,5,2549.57
18-03-2025,Mouse,Accessories,Central,2,98.74
19-03-2025,Tablet,Mobile,Central,3,1540.38
19-03-2025,Mouse,Accessories,East,1,54.99
19-03-2025,Tablet,Mobile,Central,5,2822.3
19-03-2025,Webcam,Accessories,West,3,314.21
19-03-2025,Keyboard,Accessories,Central,4,350.47
20-03-2025,Smartphone,Mobile,Central,4,2933.68
20-03-2025,Tablet,Mobile,South,1,506.33
20-03-2025,Keyboard,Accessories,North,4,332.08
20-03-2025,Headphones,Accessories,East,1,133.94
21-03-2025,Smartphone,Mobile,Central,6,4969.2
21-03-2025,Monitor,Computers,East,3,1086.29
21-03-2025,Keyboard,Accessories,North,6,469.58
22-03-2025,Tablet,Mobile,North,4,2401.96
22-03-2025,Tablet,Mobile,Central,3,1774.89
23-03-2025,Speaker,Audio,South,3,493.78
23-03-2025,Smartwatch,Wearables,South,3,974.73
24-03-2025,Headphones,Accessories,South,5,779.86
24-03-2025,Webcam,Accessories,West,4,363.9
24-03-2025,Keyboard,Accessories,West,5,490.14
25-03-2025,Monitor,Computers,East,3,1181.3
25-03-2025,Speaker,Audio,South,4,616.86
25-03-2025,Webcam,Accessories,North,6,622.05
26-03-2025,Speaker,Audio,North,2,362.74
26-03-2025,Webcam,Accessories,West,1,116.84
26-03-2025,Monitor,Computers,East,1,388.84
26-03-2025,Monitor,Computers,East,2,957.32
26-03-2025,Speaker,Audio,North,3,506.97
28-03-2025,Keyboard,Accessories,North,3,274.46
28-03-2025,Tablet,Mobile,North,1,514.94
29-03-2025,Keyboard,Accessories,East,3,289.53
30-03-2025,Monitor,Computers,South,4,1930.76
30-03-2025,Headphones,Accessories,North,3,450.24
31-03-2025,Keyboard,Accessories,North,2,189.53
31-03-2025,Monitor,Computers,Central,5,2202.67
31-03-2025,Laptop,Computers,South,5,4496.85
31-03-2025,Tablet,Mobile,North,3,1826.43
01-04-2025,Smartphone,Mobile,North,3,2055.73
02-04-2025,Tablet,Mobile,East,6,3721.98
02-04-2025,Headphones,Accessories,South,5,708.98
02-04-2025,Headphones,Accessories,West,4,555.42
03-04-2025,Webcam,Accessories,North,3,306.53
04-04-2025,Tablet,Mobile,South,6,3445.14
04-04-2025,Keyboard,Accessories,East,6,642.9
05-04-2025,Laptop,Computers,North,4,3920.04
06-04-2025,Smartphone,Mobile,South,4,2643.59
07-04-2025,Laptop,Computers,East,5,5098.6
08-04-2025,Keyboard,Accessories,South,6,612.2
08-04-2025,Keyboard,Accessories,East,6,492.29
09-04-2025,Speaker,Audio,Central,4,809.88
10-04-2025,Smartwatch,Wearables,Central,5,1567.6
11-04-2025,Smartwatch,Wearables,West,1,342.2
11-04-2025,Smartphone,Mobile,North,2,1707.14
11-04-2025,Smartphone,Mobile,South,2,1573.2
12-04-2025,Webcam,Accessories,South,1,118.11
12-04-2025,Tablet,Mobile,West,2,1045.98
12-04-2025,Monitor,Computers,North,3,1160.57
12-04-2025,Smartwatch,Wearables,Central,4,1205.71
12-04-2025,Webcam,Accessories,West,1,90.9
13-04-2025,Smartphone,Mobile,East,4,2807.45
13-04-2025,Webcam,Accessories,South,6,681.84
15-04-2025,Mouse,Accessories,Central,3,154.32
15-04-2025,Keyboard,Accessories,East,4,382.07
15-04-2025,Mouse,Accessories,North,7,316.36
15-04-2025,Webcam,Accessories,North,6,584.3
16-04-2025,Smartwatch,Wearables,West,3,1036.56
16-04-2025,Speaker,Audio,Central,3,626.7
16-04-2025,Laptop,Computers,East,5,4663.76
16-04-2025,Smartwatch,Wearables,Central,3,943.47
17-04-2025,Monitor,Computers,West,1,470.62
17-04-2025,Laptop,Computers,South,1,981.1
18-04-2025,Webcam,Accessories,North,1,100.95
18-04-2025,Keyboard,Accessories,East,1,92.66
18-04-2025,Speaker,Audio,Central,1,191.05
18-04-2025,Keyboard,Accessories,East,1,102.48
19-04-2025,Webcam,Accessories,Central,3,329.52
19-04-2025,Smartphone,Mobile,East,3,2193.57
19-04-2025,Webcam,Accessories,West,6,764.64
19-04-2025,Tablet,Mobile,North,2,1020.62
19-04-2025,Speaker,Audio,North,1,164.17
20-04-2025,Smartwatch,Wearables,North,1,283.26
20-04-2025,Speaker,Audio,South,4,783.12
20-04-2025,Keyboard,Accessories,North,1,86.87
21-04-2025,Mouse,Accessories,East,3,152.67
22-04-2025,Tablet,Mobile,West,2,1080.76
22-04-2025,Monitor,Computers,Central,1,427.88
23-04-2025,Keyboard,Accessories,South,4,397.25
23-04-2025,Headphones,Accessories,West,3,365.76
23-04-2025,Smartwatch,Wearables,East,2,665.08
24-04-2025,Webcam,Accessories,North,4,445.59
24-04-2025,Keyboard,Accessories,South,2,187.25
25-04-2025,Keyboard,Accessories,Central,2,181.92
25-04-2025,Keyboard,Accessories,Central,3,308.01
25-04-2025,Keyboard,Accessories,East,4,408.08
26-04-2025,Headphones,Accessories,East,2,264.72
26-04-2025,Smartwatch,Wearables,North,1,301.27
27-04-2025,Tablet,Mobile,Central,4,2217.92
27-04-2025,Speaker,Audio,South,2,375.66
27-04-2025,Keyboard,Accessories,South,6,639.88
28-04-2025,Tablet,Mobile,North,6,3012.66
28-04-2025,Monitor,Computers,North,2,770.24
29-04-2025,Webcam,Accessories,East,3,330.69
29-04-2025,Monitor,Computers,Central,5,2019.69
29-04-2025,Smartwatch,Wearables,South,7,2079.41
30-04-2025,Monitor,Computers,East,6,2479.52
01-05-2025,Speaker,Audio,East,5,807.8
01-05-2025,Speaker,Audio,Central,2,390.34
01-05-2025,Smartphone,Mobile,East,2,1260.93
01-05-2025,Tablet,Mobile,West,2,1200.28
02-05-2025,Keyboard,Accessories,East,3,247.9
02-05-2025,Mouse,Accessories,West,4,170.08
02-05-2025,Mouse,Accessories,Central,5,252.81
02-05-2025,Smartwatch,Wearables,Central,3,832.78
03-05-2025,Headphones,Accessories,East,5,810.2
03-05-2025,Tablet,Mobile,South,5,3119.15
04-05-2025,Headphones,Accessories,South,3,512.22
04-05-2025,Monitor,Computers,North,2,744.45
04-05-2025,Tablet,Mobile,South,3,1589.62
05-05-2025,Keyboard,Accessories,South,5,389.16
05-05-2025,Keyboard,Accessories,Central,1,92.96
06-05-2025,Mouse,Accessories,West,2,107.88
06-05-2025,Smartphone,Mobile,Central,6,4375.92
06-05-2025,Monitor,Computers,Central,4,
07-05-2025,Smartwatch,Wearables,West,2,628.38
07-05-2025,Speaker,Audio,West,7,1044.85
07-05-2025,Webcam,Accessories,East,4,397.04
08-05-2025,Keyboard,Accessories,North,3,293
08-05-2025,Tablet,Mobile,West,2,1129.96
08-05-2025,Monitor,Computers,South,6,2259.89
09-05-2025,Headphones,Accessories,Central,1,123.01
09-05-2025,Tablet,Mobile,West,3,1415.17
10-05-2025,Keyboard,Accessories,Central,6,523.92
10-05-2025,Headphones,Accessories,North,6,882.54
12-05-2025,Tablet,Mobile,North,3,1586.99
12-05-2025,Keyboard,Accessories,Central,7,683.69
12-05-2025,Webcam,Accessories,West,2,188.09
13-05-2025,Smartwatch,Wearables,South,1,279.03
13-05-2025,Monitor,Computers,Central,2,897.71
14-05-2025,Smartphone,Mobile,South,3,2315.82
14-05-2025,Mouse,Accessories,West,3,146.73
14-05-2025,Webcam,Accessories,East,3,328.92
15-05-2025,Laptop,Computers,East,3,3002.64
15-05-2025,Smartphone,Mobile,East,4,3334.6
16-05-2025,Webcam,Accessories,North,4,435.03
16-05-2025,Smartphone,Mobile,East,3,2036.95
16-05-2025,Monitor,Computers,West,5,2104.3
16-05-2025,Keyboard,Accessories,East,2,191.44
16-05-2025,Smartphone,Mobile,Central,1,722.37
16-05-2025,Keyboard,Accessories,West,3,303.72
17-05-2025,Webcam,Accessories,West,3,338.88
17-05-2025,Laptop,Computers,East,2,1960.88
17-05-2025,Tablet,Mobile,Central,3,1434.17
17-05-2025,Keyboard,Accessories,South,3,301.92
17-05-2025,Mouse,Accessories,South,4,196.45
18-05-2025,Monitor,Computers,East,1,342.14
18-05-2025,Webcam,Accessories,Central,4,479.2
18-05-2025,Laptop,Computers,West,4,4179.28
19-05-2025,Mouse,Accessories,East,4,176.86
19-05-2025,Tablet,Mobile,Central,6,3655.8
19-05-2025,Webcam,Accessories,Central,1,96.59
20-05-2025,Smartwatch,Wearables,South,5,1735.55
20-05-2025,Mouse,Accessories,East,3,144.32
20-05-2025,Headphones,Accessories,North,5,754.35
20-05-2025,Keyboard,Accessories,South,2,199.16
20-05-2025,Keyboard,Accessories,West,5,392.44
21-05-2025,Headphones,Accessories,Central,5,747.4
21-05-2025,Monitor,Computers,West,4,1642.46
21-05-2025,Headphones,Accessories,Central,5,707.8
22-05-2025,Smartwatch,Wearables,South,5,1355.04
22-05-2025,Headphones,Accessories,West,4,631.08
23-05-2025,Keyboard,Accessories,North,2,188.77
23-05-2025,Tablet,Mobile,North,2,1093.96
23-05-2025,Smartwatch,Wearables,South,3,1028.01
24-05-2025,Speaker,Audio,North,4,728.65
25-05-2025,Webcam,Accessories,West,2,232.64
26-05-2025,Webcam,Accessories,West,2,197.87
26-05-2025,Smartwatch,Wearables,South,5,1248.84
26-05-2025,Monitor,Computers,West,3,1480.92
26-05-2025,Keyboard,Accessories,Central,5,427.6
27-05-2025,Monitor,Computers,North,6,2279.76
27-05-2025,Speaker,Audio,East,5,922.95
27-05-2025,Speaker,Audio,South,3,515.46
27-05-2025,Mouse,Accessories,East,5,241.7
27-05-2025,Laptop,Computers,South,4,3972.8
27-05-2025,Smartphone,Mobile,West,1,734.2
27-05-2025,Webcam,Accessories,North,5,602.3
27-05-2025,Mouse,Accessories,East,3,152.67
28-05-2025,Webcam,Accessories,Central,4,
28-05-2025,Tablet,Mobile,West,3,1826.39
29-05-2025,Mouse,Accessories,East,4,210.22
29-05-2025,Keyboard,Accessories,North,4,419.84
30-05-2025,Webcam,Accessories,Central,4,493.72
30-05-2025,Tablet,Mobile,North,1,565.05
30-05-2025,Tablet,Mobile,West,6,3403.98
31-05-2025,Monitor,Computers,South,3,1276.14
31-05-2025,Smartwatch,Wearables,East,2,518.54
31-05-2025,Smartphone,Mobile,North,4,3137.8
31-05-2025,Speaker,Audio,South,2,398.36
01-06-2025,Smartphone,Mobile,North,2,1598
01-06-2025,Smartphone,Mobile,East,2,1648.96
01-06-2025,Smartphone,Mobile,West,2,1290.51
02-06-2025,Keyboard,Accessories,West,5,539.3
03-06-2025,Mouse,Accessories,West,3,146.5
03-06-2025,Monitor,Computers,East,3,1356.69
05-06-2025,Speaker,Audio,East,4,808.44
05-06-2025,Monitor,Computers,North,5,2134.2
05-06-2025,Smartwatch,Wearables,South,4,1020.35
06-06-2025,Speaker,Audio,Central,1,192.74
06-06-2025,Webcam,Accessories,East,3,375.51
06-06-2025,Keyboard,Accessories,South,2,180.49
06-06-2025,Monitor,Computers,West,4,1553.36
08-06-2025,Keyboard,Accessories,East,2,177.57
08-06-2025,Laptop,Computers,South,3,2714.98
08-06-2025,Monitor,Computers,Central,5,2097.05
08-06-2025,Headphones,Accessories,East,4,632.76
10-06-2025,Smartphone,Mobile,South,3,2432.46
10-06-2025,Laptop,Computers,West,4,3821.98
10-06-2025,Headphones,Accessories,South,3,491.46
11-06-2025,Monitor,Computers,East,4,1856.8
12-06-2025,Tablet,Mobile,South,6,3513.72
12-06-2025,Tablet,Mobile,East,2,1218.34
14-06-2025,Tablet,Mobile,North,4,2341.4
14-06-2025,Mouse,Accessories,West,4,168.96
14-06-2025,Monitor,Computers,South,2,722.05
14-06-2025,Smartphone,Mobile,West,2,1464.77
14-06-2025,Headphones,Accessories,Central,4,649.76
14-06-2025,Mouse,Accessories,North,3,122.64
15-06-2025,Headphones,Accessories,West,5,750.26
15-06-2025,Headphones,Accessories,North,3,402.96
16-06-2025,Headphones,Accessories,South,1,133.63
16-06-2025,Speaker,Audio,South,2,362.43
17-06-2025,Keyboard,Accessories,North,5,494.05
17-06-2025,Keyboard,Accessories,South,6,675.84
17-06-2025,Headphones,Accessories,North,1,136.03
18-06-2025,Monitor,Computers,South,2,804.47
18-06-2025,Mouse,Accessories,South,4,215.12
18-06-2025,Headphones,Accessories,East,6,884.28
19-06-2025,Keyboard,Accessories,West,1,102.45
19-06-2025,Headphones,Accessories,South,5,783.7
20-06-2025,Tablet,Mobile,West,1,535.63
21-06-2025,Tablet,Mobile,South,2,1234.12
21-06-2025,Webcam,Accessories,East,3,282.65
21-06-2025,Laptop,Computers,South,6,5550.09
22-06-2025,Smartphone,Mobile,West,2,1570.48
22-06-2025,Keyboard,Accessories,South,2,205.4
23-06-2025,Laptop,Computers,North,5,4954.41
23-06-2025,Smartwatch,Wearables,East,4,1266.32
23-06-2025,Smartphone,Mobile,West,5,3769.74
23-06-2025,Headphones,Accessories,East,5,783.7
24-06-2025,Webcam,Accessories,North,3,297.73
25-06-2025,Speaker,Audio,West,5,859.99
26-06-2025,Webcam,Accessories,South,3,375.78
26-06-2025,Webcam,Accessories,North,7,887.81
26-06-2025,Mouse,Accessories,North,2,90.41
27-06-2025,Tablet,Mobile,South,3,1561.28
27-06-2025,Speaker,Audio,Central,1,213.3
28-06-2025,Monitor,Computers,North,4,1855.92
29-06-2025,Laptop,Computers,East,3,2707.83
29-06-2025,Tablet,Mobile,North,2,1170.76
30-06-2025,Tablet,Mobile,East,3,1678.2
30-06-2025,Speaker,Audio,West,3,474.91
30-06-2025,Webcam,Accessories,North,4,454.16
30-06-2025,Monitor,Computers,West,3,1204.59
01-07-2025,Laptop,Computers,West,2,1486.19
01-07-2025,Webcam,Accessories,North,1,88.44
01-07-2025,Headphones,Accessories,Central,4,433.53
01-07-2025,Monitor,Computers,South,5,1775.69
01-07-2025,Laptop,Computers,South,3,2320.03
02-07-2025,Mouse,Accessories,West,2,85.58
02-07-2025,Mouse,Accessories,Central,3,136.29
02-07-2025,Mouse,Accessories,North,4,171.92
04-07-2025,Smartwatch,Wearables,Central,1,301.45
04-07-2025,Smartphone,Mobile,South,3,1728.21
05-07-2025,Headphones,Accessories,West,1,144.32
06-07-2025,Headphones,Accessories,West,5,699.6
06-07-2025,Mouse,Accessories,East,4,189.36
07-07-2025,Smartwatch,Wearables,East,3,823.34
07-07-2025,Laptop,Computers,South,5,3427.72
07-07-2025,Mouse,Accessories,Central,1,39.46
07-07-2025,Laptop,Computers,East,1,911.86
08-07-2025,Speaker,Audio,West,2,280.14
09-07-2025,Mouse,Accessories,East,5,167.8
09-07-2025,Mouse,Accessories,North,3,111.12
09-07-2025,Laptop,Computers,East,2,1364.61
10-07-2025,Headphones,Accessories,South,2,278.52
10-07-2025,Smartphone,Mobile,East,4,2226.39
10-07-2025,Webcam,Accessories,South,6,585.18
11-07-2025,Webcam,Accessories,Central,3,286.59
11-07-2025,Mouse,Accessories,North,4,160.67
11-07-2025,Laptop,Computers,South,3,2574.69
11-07-2025,Webcam,Accessories,North,2,166.87
11-07-2025,Monitor,Computers,Central,3,1179.06
12-07-2025,Speaker,Audio,West,3,540.72
12-07-2025,Keyboard,Accessories,Central,4,281.7
12-07-2025,Tablet,Mobile,North,4,1698.19
12-07-2025,Mouse,Accessories,West,3,121.33
13-07-2025,Monitor,Computers,West,3,1077.22
13-07-2025,Smartwatch,Wearables,East,3,686.78
13-07-2025,Webcam,Accessories,North,3,302.43
13-07-2025,Keyboard,Accessories,South,1,84.06
13-07-2025,Monitor,Computers,Central,5,1575.47
14-07-2025,Headphones,Accessories,North,3,406.44
14-07-2025,Laptop,Computers,West,3,2331.21
14-07-2025,Speaker,Audio,West,1,156.19
14-07-2025,Webcam,Accessories,West,4,359.86
15-07-2025,Mouse,Accessories,Central,4,185.04
16-07-2025,Mouse,Accessories,North,3,139.35
16-07-2025,Mouse,Accessories,East,3,143.58
16-07-2025,Monitor,Computers,South,3,992.82
16-07-2025,Speaker,Audio,West,3,470.77
17-07-2025,Smartphone,Mobile,North,1,574.48
17-07-2025,Tablet,Mobile,South,3,1411.77
17-07-2025,Tablet,Mobile,North,2,989.82
17-07-2025,Mouse,Accessories,East,1,42.79
18-07-2025,Mouse,Accessories,Central,1,46.23
20-07-2025,Speaker,Audio,East,3,482.97
20-07-2025,Monitor,Computers,North,2,699.01
20-07-2025,Keyboard,Accessories,East,2,171.82
21-07-2025,Keyboard,Accessories,North,2,169.2
21-07-2025,Smartwatch,Wearables,North,5,1402.3
21-07-2025,Laptop,Computers,East,3,2495.06
22-07-2025,Monitor,Computers,Central,3,1145.01
23-07-2025,Monitor,Computers,North,7,2455.57
23-07-2025,Mouse,Accessories,Central,3,133.5
23-07-2025,Keyboard,Accessories,Central,4,338.72
23-07-2025,Laptop,Computers,West,3,2541.83
24-07-2025,Keyboard,Accessories,North,3,260.49
24-07-2025,Smartwatch,Wearables,East,1,248.8
24-07-2025,Monitor,Computers,North,3,1063.61
24-07-2025,Speaker,Audio,East,2,290.48
24-07-2025,Laptop,Computers,Central,6,5153.33
25-07-2025,Smartwatch,Wearables,West,4,883.52
25-07-2025,Keyboard,Accessories,South,4,386.4
25-07-2025,Smartwatch,Wearables,Central,2,535.01
25-07-2025,Keyboard,Accessories,Central,3,285.36
25-07-2025,Monitor,Computers,North,5,1990.3
26-07-2025,Mouse,Accessories,Central,3,135.46
26-07-2025,Mouse,Accessories,North,2,79.7
26-07-2025,Headphones,Accessories,South,4,571.44
27-07-2025,Keyboard,Accessories,West,3,236.95
28-07-2025,Webcam,Accessories,West,3,313.02
28-07-2025,Webcam,Accessories,West,5,412.64
28-07-2025,Smartwatch,Wearables,Central,1,281.04
28-07-2025,Smartphone,Mobile,South,1,576.97
29-07-2025,Laptop,Computers,East,2,1863.1
29-07-2025,Tablet,Mobile,East,5,2632
30-07-2025,Headphones,Accessories,West,1,126.76
30-07-2025,Speaker,Audio,East,1,141.34
30-07-2025,Mouse,Accessories,North,2,92.58
30-07-2025,Laptop,Computers,East,2,1778.84
31-07-2025,Mouse,Accessories,East,3,142.77
31-07-2025,Headphones,Accessories,East,3,367.3
31-07-2025,Keyboard,Accessories,East,3,260.55
31-07-2025,Mouse,Accessories,South,2,89.22
01-08-2025,Webcam,Accessories,East,4,356.86
01-08-2025,Smartwatch,Wearables,North,2,547.36
01-08-2025,Smartphone,Mobile,South,4,2419.54
01-08-2025,Tablet,Mobile,Central,6,2550.96
01-08-2025,Headphones,Accessories,North,3,400.94
02-08-2025,Smartwatch,Wearables,East,4,1038.46
02-08-2025,Webcam,Accessories,Central,3,302.81
02-08-2025,Smartphone,Mobile,North,1,640
02-08-2025,Headphones,Accessories,West,3,355.13
03-08-2025,Monitor,Computers,North,7,2606.59
04-08-2025,Keyboard,Accessories,South,2,170.98
04-08-2025,Speaker,Audio,Central,1,145.89
04-08-2025,Headphones,Accessories,South,4,491.33
04-08-2025,Headphones,Accessories,East,2,271.4
05-08-2025,Laptop,Computers,Central,4,3817.36
05-08-2025,Tablet,Mobile,South,4,1974.68
06-08-2025,Headphones,Accessories,West,3,378.19
07-08-2025,Tablet,Mobile,North,4,1916.64
07-08-2025,Keyboard,Accessories,North,5,376.2
08-08-2025,Smartwatch,Wearables,South,3,898.14
08-08-2025,Headphones,Accessories,South,1,139.83
09-08-2025,Webcam,Accessories,North,2,194.84
10-08-2025,Mouse,Accessories,West,2,81.72
10-08-2025,Speaker,Audio,West,1,139.66
10-08-2025,Headphones,Accessories,East,1,130.16
11-08-2025,Smartwatch,Wearables,Central,4,
11-08-2025,Monitor,Computers,Central,2,648.88
11-08-2025,Mouse,Accessories,South,3,133.2
12-08-2025,Mouse,Accessories,South,2,91.18
12-08-2025,Monitor,Computers,North,2,682.67
12-08-2025,Tablet,Mobile,Central,4,1904.2
12-08-2025,Webcam,Accessories,Central,3,242.83
12-08-2025,Laptop,Computers,West,1,837.68
12-08-2025,Laptop,Computers,East,2,1763.06
13-08-2025,Monitor,Computers,West,2,840.22
13-08-2025,Smartphone,Mobile,South,5,3168.58
14-08-2025,Keyboard,Accessories,North,3,259.79
14-08-2025,Tablet,Mobile,West,1,486.93
14-08-2025,Keyboard,Accessories,East,4,295.87
14-08-2025,Laptop,Computers,North,5,3764.95
15-08-2025,Smartwatch,Wearables,Central,2,
15-08-2025,Mouse,Accessories,Central,4,163.4
15-08-2025,Headphones,Accessories,Central,3,378.38
15-08-2025,Mouse,Accessories,North,4,150.11
15-08-2025,Smartwatch,Wearables,West,3,835.74
15-08-2025,Smartwatch,Wearables,South,1,278.49
15-08-2025,Keyboard,Accessories,Central,5,422.28
16-08-2025,Headphones,Accessories,East,4,559.4
16-08-2025,Mouse,Accessories,East,3,119.24
16-08-2025,Keyboard,Accessories,Central,2,143.28
16-08-2025,Speaker,Audio,East,3,459.7
17-08-2025,Webcam,Accessories,South,2,174.83
17-08-2025,Headphones,Accessories,West,1,140.5
18-08-2025,Webcam,Accessories,Central,1,103.02
18-08-2025,Headphones,Accessories,North,2,257.48
19-08-2025,Laptop,Computers,South,4,3317.65
19-08-2025,Mouse,Accessories,South,3,103.37
19-08-2025,Smartphone,Mobile,Central,5,3196.55
20-08-2025,Headphones,Accessories,East,4,423.39
20-08-2025,Mouse,Accessories,Central,3,116.59
20-08-2025,Webcam,Accessories,Central,2,216.52
20-08-2025,Tablet,Mobile,North,3,1631.04
21-08-2025,Smartwatch,Wearables,Central,3,814.1
21-08-2025,Webcam,Accessories,East,2,185.02
22-08-2025,Mouse,Accessories,West,5,203.68
22-08-2025,Smartphone,Mobile,North,1,622.49
22-08-2025,Smartwatch,Wearables,West,2,533.48
22-08-2025,Smartwatch,Wearables,West,3,851.86
23-08-2025,Tablet,Mobile,Central,1,541.8
23-08-2025,Smartwatch,Wearables,West,4,1160.12
23-08-2025,Smartphone,Mobile,North,2,1341.24
24-08-2025,Keyboard,Accessories,North,1,93.19
25-08-2025,Smartwatch,Wearables,North,3,
25-08-2025,Headphones,Accessories,West,3,414.36
25-08-2025,Mouse,Accessories,Central,1,38.64
26-08-2025,Smartwatch,Wearables,South,5,1299.06
26-08-2025,Smartphone,Mobile,West,2,1065.37
26-08-2025,Speaker,Audio,East,3,430.46
26-08-2025,Smartwatch,Wearables,Central,2,506.39
26-08-2025,Keyboard,Accessories,North,1,70.24
27-08-2025,Mouse,Accessories,North,2,75.21
27-08-2025,Webcam,Accessories,South,1,96.98
27-08-2025,Smartphone,Mobile,East,3,1859
27-08-2025,Webcam,Accessories,East,3,312.87
27-08-2025,Smartwatch,Wearables,East,3,763.83
27-08-2025,Monitor,Computers,West,2,748.21
27-08-2025,Headphones,Accessories,East,4,410.05
27-08-2025,Smartphone,Mobile,North,2,1307.09
28-08-2025,Keyboard,Accessories,Central,3,274.95
29-08-2025,Smartphone,Mobile,Central,3,1800.96
29-08-2025,Headphones,Accessories,North,3,319.87
29-08-2025,Smartphone,Mobile,West,4,2707.01
30-08-2025,Speaker,Audio,South,3,410.73
30-08-2025,Keyboard,Accessories,South,3,208.63
30-08-2025,Speaker,Audio,East,6,863.14
30-08-2025,Tablet,Mobile,West,5,2290.92
30-08-2025,Headphones,Accessories,South,4,496.15
30-08-2025,Speaker,Audio,Central,2,351.3
31-08-2025,Keyboard,Accessories,East,3,229.06
31-08-2025,Smartphone,Mobile,North,4,2451
31-08-2025,Monitor,Computers,East,2,725.99
01-09-2025,Tablet,Mobile,South,5,2732.4
01-09-2025,Laptop,Computers,East,4,4016.48
01-09-2025,Headphones,Accessories,Central,4,505.79
01-09-2025,Mouse,Accessories,North,4,194.56
02-09-2025,Keyboard,Accessories,West,4,314.72
03-09-2025,Keyboard,Accessories,South,4,449.88
03-09-2025,Webcam,Accessories,South,4,496.52
03-09-2025,Monitor,Computers,North,2,848.12
04-09-2025,Webcam,Accessories,East,4,408.82
04-09-2025,Keyboard,Accessories,North,1,107.98
04-09-2025,Monitor,Computers,West,2,843.32
05-09-2025,Headphones,Accessories,East,1,130.36
06-09-2025,Keyboard,Accessories,Central,2,217.3
06-09-2025,Headphones,Accessories,Central,2,292.6
06-09-2025,Monitor,Computers,Central,4,1783.98
06-09-2025,Mouse,Accessories,West,5,263.95
06-09-2025,Speaker,Audio,South,4,
08-09-2025,Speaker,Audio,Central,1,187.43
09-09-2025,Mouse,Accessories,Central,6,338.82
09-09-2025,Smartwatch,Wearables,East,2,696.86
10-09-2025,Laptop,Computers,West,1,
11-09-2025,Smartphone,Mobile,North,2,1417.41
11-09-2025,Monitor,Computers,South,3,1164.32
11-09-2025,Smartwatch,Wearables,Central,3,980.37
11-09-2025,Keyboard,Accessories,South,6,539.47
12-09-2025,Speaker,Audio,North,1,153.98
12-09-2025,Speaker,Audio,West,1,169.93
13-09-2025,Keyboard,Accessories,West,4,392.16
14-09-2025,Speaker,Audio,West,3,542.35
14-09-2025,Laptop,Computers,Central,3,3405.42
14-09-2025,Tablet,Mobile,North,3,1737.12
15-09-2025,Mouse,Accessories,West,2,96.18
16-09-2025,Keyboard,Accessories,East,3,270.74
16-09-2025,Tablet,Mobile,North,6,2729.76
16-09-2025,Monitor,Computers,South,4,1828.04
16-09-2025,Monitor,Computers,West,5,2407.65
16-09-2025,Speaker,Audio,South,2,370.02
17-09-2025,Headphones,Accessories,North,2,300.36
17-09-2025,Mouse,Accessories,South,4,210.64
18-09-2025,Smartphone,Mobile,East,2,1490.89
18-09-2025,Headphones,Accessories,South,5,760.6
18-09-2025,Keyboard,Accessories,Central,3,311.68
19-09-2025,Keyboard,Accessories,South,3,271.15
19-09-2025,Mouse,Accessories,South,3,131.44
20-09-2025,Speaker,Audio,West,5,811.8
20-09-2025,Webcam,Accessories,North,4,375.6
21-09-2025,Webcam,Accessories,South,5,558.7
22-09-2025,Smartwatch,Wearables,West,4,1192.61
24-09-2025,Tablet,Mobile,North,3,1880.4
24-09-2025,Webcam,Accessories,East,4,506.6
24-09-2025,Monitor,Computers,Central,4,1520.04
24-09-2025,Keyboard,Accessories,West,7,740.67
25-09-2025,Mouse,Accessories,West,4,198.76
25-09-2025,Smartphone,Mobile,East,6,3796.94
25-09-2025,Keyboard,Accessories,North,2,195.54
26-09-2025,Smartphone,Mobile,South,5,3525.21
26-09-2025,Tablet,Mobile,Central,1,598.42
26-09-2025,Webcam,Accessories,South,4,472.38
26-09-2025,Monitor,Computers,North,6,2582.04
26-09-2025,Keyboard,Accessories,East,4,422.6
27-09-2025,Keyboard,Accessories,South,3,296.66
27-09-2025,Monitor,Computers,Central,4,1467.68
27-09-2025,Smartwatch,Wearables,East,5,1737.5
28-09-2025,Tablet,Mobile,South,3,1883.94
28-09-2025,Webcam,Accessories,West,7,757.79
29-09-2025,Smartwatch,Wearables,Central,4,1326.84
29-09-2025,Tablet,Mobile,East,3,1497.17
29-09-2025,Tablet,Mobile,Central,4,2458.2
29-09-2025,Speaker,Audio,West,4,659.7
29-09-2025,Webcam,Accessories,North,6,666.18
29-09-2025,Smartwatch,Wearables,North,4,1216.96
30-09-2025,Keyboard,Accessories,West,6,473.66
30-09-2025,Webcam,Accessories,South,3,305.76
30-09-2025,Keyboard,Accessories,East,6,533.04
30-09-2025,Webcam,Accessories,North,4,383.14
30-09-2025,Mouse,Accessories,South,3,149.97
01-10-2025,Monitor,Computers,East,1,492.06
01-10-2025,Smartwatch,Wearables,Central,6,1482.62
02-10-2025,Headphones,Accessories,South,4,547.88
02-10-2025,Keyboard,Accessories,West,3,255.94
02-10-2025,Webcam,Accessories,South,2,222.92
02-10-2025,Monitor,Computers,North,5,2267.05
03-10-2025,Headphones,Accessories,North,3,
03-10-2025,Smartwatch,Wearables,South,8,2403.73
03-10-2025,Headphones,Accessories,Central,2,307.4
03-10-2025,Speaker,Audio,West,2,353.72
04-10-2025,Smartphone,Mobile,East,5,3287.66
04-10-2025,Laptop,Computers,South,3,2636.77
04-10-2025,Mouse,Accessories,Central,1,51.11
05-10-2025,Speaker,Audio,West,3,566.73
06-10-2025,Tablet,Mobile,Central,4,2383.32
06-10-2025,Headphones,Accessories,East,4,502.59
06-10-2025,Monitor,Computers,North,2,729.93
06-10-2025,Webcam,Accessories,North,3,282.55
07-10-2025,Smartphone,Mobile,North,3,2240.61
07-10-2025,Smartphone,Mobile,West,5,3905.21
08-10-2025,Webcam,Accessories,East,6,757.2
09-10-2025,Speaker,Audio,North,3,573.96
09-10-2025,Monitor,Computers,West,3,1266.99
09-10-2025,Webcam,Accessories,West,1,119.44
09-10-2025,Monitor,Computers,South,3,1271.56
10-10-2025,Laptop,Computers,North,3,3083.7
11-10-2025,Tablet,Mobile,South,4,
11-10-2025,Headphones,Accessories,North,3,441.45
11-10-2025,Tablet,Mobile,South,4,2417.28
12-10-2025,Headphones,Accessories,South,5,765.61
12-10-2025,Headphones,Accessories,East,3,392.57
14-10-2025,Webcam,Accessories,East,2,232.16
14-10-2025,Smartphone,Mobile,East,2,1415.1
14-10-2025,Monitor,Computers,West,5,2088.18
14-10-2025,Webcam,Accessories,Central,2,189.99
14-10-2025,Monitor,Computers,North,1,356.78
14-10-2025,Mouse,Accessories,South,4,200.8
15-10-2025,Laptop,Computers,Central,2,1812.82
15-10-2025,Keyboard,Accessories,East,3,288.48
15-10-2025,Speaker,Audio,Central,4,686.23
16-10-2025,Mouse,Accessories,South,7,310.09
16-10-2025,Webcam,Accessories,West,5,555.55
16-10-2025,Laptop,Computers,South,3,2896.62
16-10-2025,Headphones,Accessories,North,4,660.88
17-10-2025,Speaker,Audio,West,3,573.79
17-10-2025,Mouse,Accessories,Central,3,139
17-10-2025,Webcam,Accessories,West,4,448.45
18-10-2025,Tablet,Mobile,East,2,1107.99
18-10-2025,Mouse,Accessories,Central,3,139.54
18-10-2025,Mouse,Accessories,Central,2,81.14
19-10-2025,Monitor,Computers,North,4,1494.14
20-10-2025,Headphones,Accessories,South,6,799.09
20-10-2025,Headphones,Accessories,Central,1,156.67
20-10-2025,Speaker,Audio,South,6,1171.06
20-10-2025,Speaker,Audio,North,4,726.48
21-10-2025,Tablet,Mobile,South,4,2255.04
21-10-2025,Smartwatch,Wearables,Central,4,1171.46
21-10-2025,Mouse,Accessories,West,1,53.57
21-10-2025,Monitor,Computers,Central,6,2654.22
21-10-2025,Smartphone,Mobile,West,4,2514.16
22-10-2025,Keyboard,Accessories,Central,4,331.81
22-10-2025,Speaker,Audio,South,3,547.11
22-10-2025,Tablet,Mobile,West,5,2660.59
22-10-2025,Headphones,Accessories,North,8,1064.59
22-10-2025,Headphones,Accessories,North,4,554.69
23-10-2025,Webcam,Accessories,East,4,394.3
23-10-2025,Tablet,Mobile,West,4,2180.33
24-10-2025,Smartphone,Mobile,East,3,2154.4
25-10-2025,Tablet,Mobile,South,3,1511.65
25-10-2025,Smartphone,Mobile,North,2,1434.96
26-10-2025,Smartwatch,Wearables,West,1,293.46
26-10-2025,Smartphone,Mobile,South,5,3816.9
26-10-2025,Speaker,Audio,South,2,416.88
27-10-2025,Webcam,Accessories,North,4,371.01
27-10-2025,Mouse,Accessories,North,5,234.6
27-10-2025,Tablet,Mobile,West,4,1997.91
28-10-2025,Monitor,Computers,North,4,1720.16
28-10-2025,Keyboard,Accessories,North,4,355.64
29-10-2025,Speaker,Audio,West,4,809
29-10-2025,Tablet,Mobile,West,3,1841.13
29-10-2025,Smartwatch,Wearables,South,4,1169.68
29-10-2025,Smartphone,Mobile,West,2,1486.7
30-10-2025,Smartphone,Mobile,West,1,761.18
30-10-2025,Smartphone,Mobile,West,5,3118.16
30-10-2025,Speaker,Audio,West,4,787.97
31-10-2025,Mouse,Accessories,West,6,316.98
31-10-2025,Laptop,Computers,West,1,1031.61
31-10-2025,Monitor,Computers,East,4,1895.02
01-11-2025,Keyboard,Accessories,North,5,533.6
01-11-2025,Monitor,Computers,West,5,3360.35
01-11-2025,Smartphone,Mobile,West,6,5221.3
01-11-2025,Laptop,Computers,East,3,4359.54
01-11-2025,Tablet,Mobile,East,5,3710.75
01-11-2025,Laptop,Computers,East,7,8529.3
01-11-2025,Laptop,Computers,East,8,10217.21
02-11-2025,Laptop,Computers,Central,3,4558.89
02-11-2025,Tablet,Mobile,West,3,2246.09
03-11-2025,Laptop,Computers,South,5,6901.35
03-11-2025,Laptop,Computers,East,4,5619.52
03-11-2025,Monitor,Computers,Central,4,2162.16
04-11-2025,Smartwatch,Wearables,South,5,1815.34
04-11-2025,Webcam,Accessories,North,5,723.28
04-11-2025,Headphones,Accessories,North,1,202.02
04-11-2025,Keyboard,Accessories,Central,1,118.75
04-11-2025,Laptop,Computers,South,3,4152.41
05-11-2025,Headphones,Accessories,South,1,200.35
05-11-2025,Monitor,Computers,South,7,3981.49
05-11-2025,Smartphone,Mobile,Central,5,5090.13
05-11-2025,Smartphone,Mobile,South,6,6078.82
06-11-2025,Smartphone,Mobile,East,5,5291.45
08-11-2025,Headphones,Accessories,South,5,806.48
08-11-2025,Keyboard,Accessories,North,7,1034.18
08-11-2025,Tablet,Mobile,East,8,5654.52
08-11-2025,Speaker,Audio,West,5,1372.5
09-11-2025,Keyboard,Accessories,North,4,477.06
09-11-2025,Monitor,Computers,West,8,4086.91
10-11-2025,Smartphone,Mobile,West,1,1078.71
10-11-2025,Laptop,Computers,South,1,1520.22
11-11-2025,Speaker,Audio,Central,7,1850.52
11-11-2025,Headphones,Accessories,West,6,1239.52
11-11-2025,Tablet,Mobile,South,7,5534.06
11-11-2025,Keyboard,Accessories,West,6,903.48
11-11-2025,Monitor,Computers,North,5,3047.4
12-11-2025,Mouse,Accessories,South,1,75.51
12-11-2025,Webcam,Accessories,East,2,334.1
12-11-2025,Speaker,Audio,South,5,1122.89
13-11-2025,Speaker,Audio,Central,6,1499.88
13-11-2025,Tablet,Mobile,West,2,1695.88
14-11-2025,Laptop,Computers,North,4,5287.75
15-11-2025,Smartphone,Mobile,West,5,4329.52
15-11-2025,Laptop,Computers,East,4,5758.2
15-11-2025,Smartwatch,Wearables,North,3,1305.48
16-11-2025,Laptop,Computers,South,5,5992.84
16-11-2025,Mouse,Accessories,West,5,314.5
17-11-2025,Smartphone,Mobile,West,4,4051.6
18-11-2025,Monitor,Computers,North,4,2512.94
18-11-2025,Smartwatch,Wearables,Central,6,2112.48
18-11-2025,Webcam,Accessories,South,3,403.13
18-11-2025,Tablet,Mobile,Central,3,2217.54
18-11-2025,Tablet,Mobile,West,6,4741.68
20-11-2025,Tablet,Mobile,South,4,2536.32
20-11-2025,Laptop,Computers,East,7,8006.68
20-11-2025,Tablet,Mobile,East,2,1623.62
21-11-2025,Tablet,Mobile,West,3,2534.88
21-11-2025,Keyboard,Accessories,West,4,497.83
21-11-2025,Mouse,Accessories,Central,3,188.07
21-11-2025,Tablet,Mobile,South,6,4223.83
21-11-2025,Smartphone,Mobile,Central,5,4316.26
22-11-2025,Smartwatch,Wearables,North,7,3100.3
22-11-2025,Monitor,Computers,East,6,
22-11-2025,Tablet,Mobile,Central,8,6575.12
23-11-2025,Laptop,Computers,Central,5,7030.85
24-11-2025,Laptop,Computers,Central,7,8963.51
24-11-2025,Headphones,Accessories,West,3,692.04
24-11-2025,Tablet,Mobile,East,4,3447.04
24-11-2025,Tablet,Mobile,East,7,5678.5
24-11-2025,Monitor,Computers,North,4,2218
25-11-2025,Smartphone,Mobile,South,3,2646.12
25-11-2025,Keyboard,Accessories,North,7,950.81
26-11-2025,Headphones,Accessories,South,9,1454.4
27-11-2025,Headphones,Accessories,Central,4,706.18
28-11-2025,Smartphone,Mobile,North,6,4770.96
29-11-2025,Tablet,Mobile,Central,4,3067.88
29-11-2025,Mouse,Accessories,Central,6,389.23
30-11-2025,Laptop,Computers,West,6,8351.76
01-12-2025,Smartwatch,Wearables,North,7,2606.58
01-12-2025,Webcam,Accessories,West,5,840.85
01-12-2025,Smartwatch,Wearables,Central,7,2884.83
02-12-2025,Monitor,Computers,South,10,6221.2
02-12-2025,Headphones,Accessories,Central,5,1046.45
03-12-2025,Webcam,Accessories,East,4,603.16
03-12-2025,Keyboard,Accessories,North,4,499.72
03-12-2025,Smartwatch,Wearables,North,7,2615.09
04-12-2025,Webcam,Accessories,Central,3,448.71
04-12-2025,Keyboard,Accessories,South,3,398.3
04-12-2025,Webcam,Accessories,Central,4,653.04
05-12-2025,Smartphone,Mobile,East,5,4178.96
06-12-2025,Tablet,Mobile,North,3,2322.48
06-12-2025,Keyboard,Accessories,North,3,420.26
06-12-2025,Mouse,Accessories,West,3,199.13
07-12-2025,Keyboard,Accessories,West,4,436.22
07-12-2025,Webcam,Accessories,South,5,718.39
08-12-2025,Speaker,Audio,South,2,557.9
08-12-2025,Speaker,Audio,North,3,695.44
09-12-2025,Monitor,Computers,West,6,3637.32
09-12-2025,Smartphone,Mobile,West,3,2570.71
11-12-2025,Laptop,Computers,North,5,5917.66
11-12-2025,Mouse,Accessories,South,4,214.18
11-12-2025,Monitor,Computers,Central,2,1054.18
11-12-2025,Headphones,Accessories,South,3,603.94
12-12-2025,Tablet,Mobile,North,2,1195.42
12-12-2025,Tablet,Mobile,West,3,2480.34
12-12-2025,Webcam,Accessories,South,1,168.39
12-12-2025,Tablet,Mobile,East,3,2015.24
12-12-2025,Keyboard,Accessories,West,7,942.23
12-12-2025,Speaker,Audio,Central,6,1644.54
13-12-2025,Speaker,Audio,West,9,2244.12
13-12-2025,Smartwatch,Wearables,East,6,2028.82
13-12-2025,Speaker,Audio,West,9,2244.12
14-12-2025,Mouse,Accessories,West,5,333.45
14-12-2025,Speaker,Audio,South,5,1243.35
15-12-2025,Keyboard,Accessories,South,7,894.42
15-12-2025,Headphones,Accessories,North,4,845.72
15-12-2025,Laptop,Computers,South,5,7344.7
15-12-2025,Headphones,Accessories,South,7,1523.06
16-12-2025,Smartphone,Mobile,North,5,5447.05
16-12-2025,Mouse,Accessories,North,6,419.28
16-12-2025,Webcam,Accessories,East,9,1267
17-12-2025,Mouse,Accessories,South,7,502.39
17-12-2025,Keyboard,Accessories,West,3,377.54
18-12-2025,Headphones,Accessories,Central,7,1273.05
18-12-2025,Mouse,Accessories,South,10,731.4
18-12-2025,Webcam,Accessories,South,5,796.85
18-12-2025,Mouse,Accessories,West,10,680.9
18-12-2025,Tablet,Mobile,West,5,3544.25
19-12-2025,Monitor,Computers,North,5,3191.55
19-12-2025,Headphones,Accessories,North,4,805.36
19-12-2025,Smartwatch,Wearables,South,7,2894.99
19-12-2025,Smartphone,Mobile,East,6,5938.77
19-12-2025,Speaker,Audio,South,6,1221.7
20-12-2025,Tablet,Mobile,North,5,3707.45
20-12-2025,Speaker,Audio,South,9,
23-12-2025,Webcam,Accessories,West,4,600.2
24-12-2025,Mouse,Accessories,West,4,221.09
24-12-2025,Laptop,Computers,South,4,5940.32
26-12-2025,Mouse,Accessories,North,3,178.37
27-12-2025,Webcam,Accessories,North,5,757.98
27-12-2025,Monitor,Computers,South,3,1805.55
27-12-2025,Speaker,Audio,South,8,1978.4
27-12-2025,Laptop,Computers,Central,2,2932.46
27-12-2025,Speaker,Audio,East,6,1574.1
28-12-2025,Mouse,Accessories,North,5,368.8
28-12-2025,Smartphone,Mobile,Central,6,6485.34
29-12-2025,Headphones,Accessories,East,8,1764.4
29-12-2025,Webcam,Accessories,Central,7,1129.38
29-12-2025,Laptop,Computers,Central,7,10692.5
29-12-2025,Smartwatch,Wearables,East,1,343.49
29-12-2025,Keyboard,Accessories,South,7,1058.47
29-12-2025,Speaker,Audio,South,1,224.91
30-12-2025,Webcam,Accessories,Central,6,757.25
30-12-2025,Smartwatch,Wearables,East,5,1833.28
30-12-2025,Smartwatch,Wearables,North,7,3181.69
30-12-2025,Speaker,Audio,West,6,1632.06
31-12-2025,Keyboard,Accessories,West,8,851.01
31-12-2025,Speaker,Audio,North,4,1129.8
31-12-2025,Smartwatch,Wearables,South,4,1538.94
