Hours_Studied,Attendance(%),Previous_Scores,Parental_Education_Level,Gender,Exam_Score
23,84,73,High School,Male,67
19,64,59,College,Female,61
24,98,91,Postgraduate,Male,74
29,89,98,High School,Male,71
19,92,65,College,Female,70
19,88,89,Postgraduate,Male,71
29,84,68,High School,Male,67
25,78,50,High School,Male,66
17,94,80,College,Male,69
23,98,71,High School,Male,72
17,80,88,College,Male,68
17,97,87,High School,Male,71
21,83,97,High School,Male,70
9,82,72,Postgraduate,Male,66
10,78,74,Postgraduate,Male,65
17,68,70,High School,Female,64
14,60,65,College,Male,60
22,70,82,High School,Female,65
15,80,91,College,Female,67
12,75,58,College,Male,66
29,78,99,High School,Female,69
19,99,84,High School,Male,72
20,74,89,College,Female,66
11,78,100,High School,Male,66
17,65,75,High School,Female,63
21,62,54,Postgraduate,Male,64
13,91,90,High School,Female,65
22,83,94,College,Male,71
16,90,58,High School,Female,66
18,66,51,College,Male,64
16,83,57,High School,Female,63
31,70,66,College,Male,69
20,69,96,High School,Male,67
14,60,50,College,Female,61
25,65,90,College,Female,68
13,72,93,High School,Male,61
21,65,91,High School,Female,64
8,99,54,Postgraduate,Female,67
12,72,84,High School,Female,63
21,65,98,High School,Male,64
24,68,56,College,Male,67
21,84,52,College,Female,65
19,63,94,High School,Male,64
18,94,82,College,Male,70
11,98,82,Postgraduate,Male,68
16,70,98,High School,Male,65
17,78,88,College,Female,68
26,61,70,High School,Female,64
22,86,72,High School,Male,68
9,77,57,High School,Male,63
22,71,65,College,Male,64
18,68,72,College,Male,64
16,86,63,High School,Male,67
24,77,96,High School,Female,67
26,67,51,Postgraduate,Female,66
26,88,79,College,Male,72
15,83,89,High School,Female,65
18,94,87,High School,Male,71
22,65,82,Postgraduate,Female,66
26,91,71,High School,Male,68
17,87,96,Postgraduate,Female,70
19,65,66,High School,Male,62
13,88,88,Postgraduate,Male,68
13,78,96,College,Male,67
25,98,56,Postgraduate,Male,71
28,66,97,High School,Male,68
20,86,89,Postgraduate,Male,69
26,75,81,High School,Male,70
22,98,69,High School,Female,69
16,73,95,College,Male,65
22,98,52,College,Female,70
29,96,72,High School,Male,71
20,71,88,College,Female,65
29,92,91,Postgraduate,Female,72
4,100,60,College,Male,69
25,70,52,Postgraduate,Female,66
21,77,90,Postgraduate,Male,68
18,81,71,High School,Female,65
21,72,57,College,Male,64
8,61,54,College,Male,60
19,69,82,High School,Male,65
22,71,79,High School,Male,66
29,78,93,College,Male,74
17,67,52,High School,Female,62
15,95,93,College,Male,70
17,88,94,High School,Male,69
25,63,72,College,Male,67
22,86,54,High School,Male,64
17,86,97,College,Male,71
23,98,54,College,Female,68
21,60,80,College,Male,64
26,70,75,High School,Female,63
16,97,92,College,Male,71
18,97,75,High School,Male,69
18,89,73,College,Female,100
11,91,94,College,Male,68
22,64,98,High School,Male,62
22,81,77,Postgraduate,Female,68
20,69,73,High School,Male,66
19,67,92,College,Male,64
12,92,92,High School,Male,67
17,65,66,Postgraduate,Female,65
18,79,79,College,Male,65
15,98,58,College,Male,69
19,67,82,High School,Male,63
22,99,92,Postgraduate,Male,72
31,100,59,Postgraduate,Male,76
21,82,66,College,Female,69
22,67,72,Postgraduate,Female,67
20,73,92,College,Male,69
8,77,87,High School,Male,63
20,72,66,Postgraduate,Male,67
20,71,62,College,Male,66
35,99,85,Postgraduate,Female,79
19,66,74,High School,Female,64
22,89,80,High School,Female,73
20,60,82,High School,Male,63
13,84,78,High School,Male,65
27,97,81,High School,Female,73
25,72,94,College,Female,70
25,67,93,High School,Female,68
15,86,57,College,Male,65
28,89,79,College,Female,71
12,88,72,College,Male,64
24,73,64,College,Male,68
33,70,82,College,Male,69
14,98,76,College,Female,69
17,97,89,High School,Male,69
21,78,55,College,Male,67
17,94,65,High School,Female,68
11,78,51,Postgraduate,Male,64
20,77,87,High School,Female,66
14,66,96,High School,Male,63
23,77,79,High School,Male,66
14,81,81,Postgraduate,Female,66
29,61,52,College,Female,67
15,78,75,High School,Male,65
18,91,76,High School,Female,68
25,87,52,High School,Male,68
13,85,89,High School,Male,65
21,96,64,College,Male,71
28,61,86,Postgraduate,Male,65
10,82,70,Postgraduate,Female,64
21,91,100,Postgraduate,Female,72
22,82,61,High School,Female,65
25,73,53,Postgraduate,Female,66
13,65,99,High School,Male,61
12,96,62,College,Female,68
23,79,82,Postgraduate,Female,69
22,95,69,College,Female,72
22,83,82,Postgraduate,Female,71
22,87,80,High School,Female,70
16,92,85,High School,Male,68
21,86,51,High School,Female,67
22,76,92,High School,Female,68
16,81,74,Postgraduate,Female,68
31,92,76,High School,Male,72
23,75,71,College,Male,65
13,76,99,High School,Female,66
24,64,90,High School,Male,65
14,97,66,College,Female,67
25,64,89,College,Male,66
27,86,72,High School,Male,69
15,77,94,College,Male,66
26,76,52,High School,Male,69
22,87,68,High School,Male,67
25,63,71,High School,Male,66
31,84,87,College,Male,71
19,91,59,College,Male,70
15,93,64,Postgraduate,Male,71
15,67,86,Postgraduate,Male,66
15,96,54,High School,Male,67
20,86,60,College,Female,66
22,95,88,Postgraduate,Male,72
22,79,94,High School,Male,68
25,82,86,High School,Female,69
20,97,76,Postgraduate,Male,71
29,96,55,Postgraduate,Female,70
18,78,91,College,Female,67
36,71,56,High School,Male,69
24,76,69,High School,Male,65
15,76,53,College,Male,65
14,71,85,High School,Male,64
23,71,75,College,Male,63
19,94,95,High School,Male,69
24,63,57,College,Female,64
23,87,91,High School,Male,72
20,67,76,High School,Male,63
15,74,68,High School,Female,64
11,62,82,College,Male,64
17,71,90,Postgraduate,Male,67
25,91,72,Postgraduate,Male,71
21,95,62,High School,Male,70
13,69,96,High School,Female,61
21,79,66,College,Male,67
22,79,100,College,Male,72
15,95,88,High School,Male,66
21,91,84,High School,Male,70
20,81,51,High School,Male,67
13,87,72,High School,Female,67
22,94,75,College,Female,71
23,60,69,College,Male,66
26,76,57,High School,Male,68
26,96,68,College,Female,74
12,90,54,High School,Male,64
14,82,65,College,Male,65
23,81,54,College,Male,66
23,74,88,High School,Male,66
23,81,84,High School,Male,68
43,86,97,High School,Female,78
23,77,69,High School,Female,67
27,89,89,High School,Male,74
26,94,79,Postgraduate,Male,74
24,66,82,High School,Female,62
18,78,77,High School,Male,66
25,76,89,High School,Female,69
15,87,52,College,Male,68
19,70,54,High School,Male,89
17,86,55,College,Male,66
20,95,64,High School,Female,68
34,77,80,High School,Male,69
9,96,82,College,Male,67
24,100,86,High School,Male,75
10,64,64,High School,Female,60
17,69,83,College,Female,66
27,98,56,College,Female,73
20,98,50,High School,Female,68
14,64,85,High School,Male,62
16,61,86,High School,Male,62
24,66,81,High School,Male,65
16,100,63,High School,Male,69
21,67,96,High School,Female,64
20,80,94,Postgraduate,Female,67
16,94,76,High School,Male,70
33,61,99,College,Female,70
24,84,65,High School,Female,69
8,71,75,High School,Male,61
21,94,96,Postgraduate,Male,69
16,71,73,High School,Male,63
25,87,74,High School,Male,67
15,87,54,,Male,65
19,69,61,High School,Male,66
23,61,58,High School,Male,63
25,76,78,High School,Female,68
13,72,66,Postgraduate,Male,65
18,92,54,High School,Male,67
17,92,75,Postgraduate,Female,68
16,78,83,College,Male,64
31,84,87,College,Male,71
22,84,92,High School,Female,69
12,93,74,Postgraduate,Male,67
26,77,70,College,Female,65
33,71,84,High School,Male,68
26,71,51,Postgraduate,Male,67
11,81,82,High School,Male,67
17,78,70,High School,Male,66
28,78,73,College,Female,70
16,64,65,Postgraduate,Female,65
23,89,56,Postgraduate,Female,69
25,69,70,High School,Female,65
14,68,65,College,Male,63
20,77,98,Postgraduate,Female,67
1,69,97,High School,Female,61
14,83,82,High School,Female,65
18,75,95,College,Female,66
13,78,88,College,Male,66
30,81,67,High School,Male,69
11,68,80,College,Female,63
17,66,61,Postgraduate,Male,65
21,95,84,High School,Male,67
29,77,52,High School,Female,69
11,76,92,Postgraduate,Male,65
27,61,79,High School,Male,65
20,80,53,College,Male,65
14,82,94,College,Female,67
23,82,94,High School,Male,66
21,88,93,High School,Female,72
16,67,89,College,Male,66
20,70,84,College,Male,65
18,92,70,High School,Male,69
21,98,57,High School,Female,68
24,65,64,Postgraduate,Male,64
30,80,67,College,Female,69
13,69,68,High School,Female,59
33,62,78,High School,Female,68
8,73,60,High School,Female,60
19,66,59,High School,Male,62
24,88,86,College,Male,67
22,81,50,High School,Female,68
16,66,57,High School,Female,64
19,60,72,High School,Female,65
17,92,57,High School,Female,65
16,67,98,High School,Female,63
25,84,84,High School,Male,70
22,73,72,High School,Female,66
16,83,56,High School,Female,68
25,73,69,High School,Female,66
22,63,83,College,Male,63
25,69,98,College,Female,66
24,68,74,High School,Female,65
15,77,85,Postgraduate,Male,66
17,86,60,College,Female,67
24,71,81,High School,Male,66
24,60,62,High School,Female,63
20,81,60,High School,Male,66
21,84,75,College,Male,67
28,99,61,High School,Male,71
16,84,86,High School,Female,67
23,79,97,High School,Male,69
19,83,70,Postgraduate,Female,67
19,97,66,College,Female,72
27,93,59,High School,Female,70
25,73,70,Postgraduate,Male,67
25,69,78,High School,Female,64
28,71,69,College,Female,67
20,80,81,Postgraduate,Male,69
24,90,83,College,Male,68
18,80,55,High School,Male,63
22,63,85,College,Female,68
19,89,95,High School,Male,70
21,92,51,College,Male,66
24,72,78,High School,Female,68
15,87,80,College,Male,67
33,77,85,High School,Female,69
14,96,69,College,Female,66
13,94,91,High School,Male,68
27,81,77,Postgraduate,Female,69
25,88,70,Postgraduate,Male,70
24,95,86,College,Male,74
24,80,96,College,Female,70
20,73,91,Postgraduate,Male,66
15,90,97,College,Female,69
20,69,63,Postgraduate,Male,64
16,76,56,High School,Male,62
26,95,77,High School,Female,70
19,89,52,High School,Male,68
15,76,84,College,Female,65
18,69,62,High School,Male,65
22,74,73,Postgraduate,Female,71
17,71,83,High School,Male,66
15,67,74,College,Male,61
21,90,62,High School,Male,67
21,70,94,College,Male,65
17,78,88,High School,Female,65
17,75,80,High School,Male,65
21,99,85,High School,Male,73
11,76,71,College,Male,62
12,63,69,College,Female,60
16,64,58,College,Female,61
19,84,90,Postgraduate,Male,67
22,84,69,College,Male,70
29,77,85,College,Male,69
25,77,65,College,Female,66
19,62,90,College,Male,64
20,81,55,Postgraduate,Male,68
14,80,81,Postgraduate,Female,67
20,66,90,College,Female,64
18,64,83,College,Male,65
22,65,85,Postgraduate,Female,66
15,64,76,High School,Female,63
23,84,78,High School,Female,68
29,68,53,High School,Male,66
19,70,63,High School,Male,63
22,67,86,High School,Female,63
24,98,97,College,Male,74
18,94,77,College,Male,70
21,69,86,High School,Male,68
20,73,84,Postgraduate,Female,66
21,68,100,High School,Male,63
15,80,90,College,Female,67
20,61,81,High School,Male,62
23,87,56,Postgraduate,Male,71
29,81,68,Postgraduate,Male,72
26,96,63,Postgraduate,Male,72
33,67,93,High School,Female,68
15,92,72,High School,Female,66
25,92,77,High School,Male,70
21,65,98,Postgraduate,Male,66
33,76,92,Postgraduate,Female,72
15,67,89,High School,Female,64
15,70,57,High School,Female,63
16,71,51,Postgraduate,Female,61
7,82,56,High School,Male,62
17,76,87,High School,Female,68
15,98,71,High School,Male,68
21,65,56,High School,Male,63
22,99,87,High School,Female,70
31,69,60,Postgraduate,Female,68
26,91,79,High School,Female,72
17,74,87,College,Male,67
15,66,80,College,Male,61
23,94,100,Postgraduate,Male,69
12,72,72,High School,Female,61
31,86,66,College,Male,75
27,83,60,College,Female,68
17,79,75,High School,Male,65
10,80,93,College,Female,67
28,89,97,High School,Female,75
19,64,99,College,Male,64
27,87,77,High School,Male,70
10,96,80,High School,Female,67
16,62,79,High School,Male,63
20,66,73,College,Female,65
20,89,58,High School,Female,67
17,77,53,College,Male,86
24,76,72,High School,Female,67
14,65,59,Postgraduate,Male,63
19,80,94,College,Female,66
21,65,88,,Male,65
23,79,81,High School,Female,67
24,91,52,College,Male,69
13,70,81,Postgraduate,Male,66
11,79,81,High School,Male,64
28,100,72,Postgraduate,Female,73
22,87,83,College,Male,66
16,94,93,Postgraduate,Female,68
29,77,88,College,Male,70
21,91,74,,Female,69
27,62,63,High School,Female,67
20,65,74,College,Male,62
32,68,97,High School,Male,68
31,76,91,Postgraduate,Male,72
19,94,51,Postgraduate,Male,69
26,74,89,High School,Male,66
24,86,59,High School,Female,70
28,88,79,High School,Male,71
14,83,90,College,Female,65
24,74,78,College,Female,70
26,83,70,High School,Male,65
9,74,66,High School,Female,62
13,63,65,High School,Male,62
8,100,92,Postgraduate,Female,70
18,65,91,College,Male,66
24,63,91,High School,Female,67
29,95,64,High School,Female,72
20,72,90,Postgraduate,Female,66
30,86,52,College,Female,68
12,73,60,High School,Male,62
10,76,76,Postgraduate,Male,64
20,70,70,Postgraduate,Female,65
22,74,56,Postgraduate,Male,66
20,76,52,High School,Female,64
8,89,81,College,Male,67
19,80,66,College,Female,69
12,98,51,Postgraduate,Male,68
24,62,72,High School,Male,64
22,80,65,High School,Female,68
14,83,79,High School,Male,64
17,97,96,Postgraduate,Male,71
14,62,65,High School,Male,61
20,83,100,College,Male,68
26,94,54,,Male,73
14,70,54,College,Male,64
23,95,86,Postgraduate,Male,72
17,61,87,High School,Male,65
15,89,71,High School,Female,68
19,97,64,High School,Male,71
14,86,90,Postgraduate,Male,65
17,78,98,High School,Male,66
13,62,99,Postgraduate,Female,63
32,97,82,High School,Male,74
20,79,87,High School,Female,66
16,61,91,College,Male,63
21,88,90,High School,Male,72
19,79,100,College,Female,69
19,65,91,College,Male,67
24,69,83,High School,Male,66
25,63,69,High School,Female,64
17,83,80,College,Female,67
17,85,94,College,Female,69
18,80,65,College,Female,65
6,93,52,College,Female,64
11,94,66,High School,Female,65
28,85,98,High School,Male,72
30,61,90,High School,Female,66
19,88,59,College,Female,66
23,77,51,College,Male,67
22,83,83,Postgraduate,Male,69
38,86,79,High School,Male,73
27,74,54,College,Female,69
19,97,98,High School,Male,68
14,65,81,High School,Female,61
10,87,83,High School,Male,63
21,60,93,High School,Female,63
15,97,67,College,Male,68
11,65,78,Postgraduate,Female,63
16,64,79,Postgraduate,Female,66
14,73,98,High School,Female,65
30,75,57,College,Female,68
25,69,88,College,Female,66
20,83,79,Postgraduate,Male,66
29,78,92,High School,Male,70
20,61,92,High School,Female,61
15,73,51,High School,Male,61
29,92,63,High School,Male,71
23,88,59,High School,Male,67
14,89,73,College,Male,70
19,88,95,College,Male,69
15,72,50,High School,Female,65
12,64,74,High School,Male,61
26,71,94,Postgraduate,Male,68
31,93,96,High School,Male,74
12,99,83,High School,Female,67
23,80,91,High School,Female,70
16,60,66,High School,Female,59
17,66,64,College,Male,64
16,73,52,College,Female,66
15,83,75,High School,Female,63
20,63,73,College,Female,61
15,98,69,High School,Female,68
22,75,56,High School,Male,65
20,97,62,High School,Male,69
19,91,60,High School,Male,68
15,90,97,High School,Male,69
17,84,98,College,Female,67
25,85,50,College,Female,70
23,86,59,Postgraduate,Female,68
14,85,94,College,Male,67
21,82,52,High School,Male,67
25,99,97,College,Male,75
10,89,69,College,Male,63
23,91,77,High School,Male,70
16,95,88,High School,Female,70
23,69,62,High School,Male,64
15,63,55,College,Female,59
9,79,90,High School,Male,63
10,81,99,Postgraduate,Female,67
20,93,83,High School,Male,68
22,78,91,Postgraduate,Male,68
15,83,97,High School,Female,97
24,81,61,College,Female,66
10,62,68,Postgraduate,Male,61
20,85,61,College,Male,70
13,93,53,Postgraduate,Male,65
16,66,87,High School,Female,64
20,84,57,High School,Female,69
15,84,55,High School,Male,64
18,67,68,Postgraduate,Male,61
26,65,53,High School,Female,64
17,99,59,High School,Male,68
25,76,53,High School,Female,67
13,69,94,High School,Male,62
23,67,89,High School,Female,66
29,87,93,High School,Male,72
5,84,93,College,Male,68
15,86,97,High School,Male,71
23,64,59,High School,Female,65
19,96,95,High School,Female,68
22,76,76,High School,Female,65
16,73,58,High School,Female,64
21,78,83,High School,Male,65
19,76,66,High School,Male,65
27,95,52,College,Female,73
22,97,54,Postgraduate,Male,72
22,72,71,College,Male,64
18,95,91,Postgraduate,Male,69
17,91,66,High School,Male,69
17,97,88,High School,Male,70
22,70,53,High School,Female,83
17,83,70,Postgraduate,Female,68
22,71,56,College,Female,84
32,93,93,Postgraduate,Female,75
25,60,98,Postgraduate,Female,67
18,83,66,Postgraduate,Male,69
27,74,99,High School,Male,71
18,73,88,College,Female,66
8,86,50,College,Male,65
14,94,74,College,Male,70
9,84,92,Postgraduate,Male,66
18,94,77,Postgraduate,Male,74
20,71,77,High School,Male,66
30,81,72,High School,Male,68
22,78,70,College,Male,68
19,60,51,College,Female,62
25,82,81,Postgraduate,Male,71
7,86,88,College,Female,63
21,84,90,High School,Male,69
25,89,81,College,Male,71
11,83,67,Postgraduate,Male,66
27,63,51,Postgraduate,Male,64
22,65,95,High School,Female,65
18,84,71,High School,Female,69
24,71,80,High School,Female,66
34,63,60,High School,Female,67
21,77,57,High School,Male,65
21,82,54,College,Male,65
17,73,90,High School,Male,67
15,89,82,College,Male,66
25,86,81,High School,Male,69
15,73,96,College,Male,64
20,90,58,High School,Male,70
17,86,59,Postgraduate,Male,68
23,85,59,,Male,68
22,82,71,High School,Female,69
26,60,94,High School,Female,68
17,88,94,College,Female,70
18,75,80,High School,Female,67
14,98,83,College,Male,72
17,93,95,High School,Male,69
22,84,81,High School,Male,69
25,70,61,College,Female,64
14,68,85,High School,Female,63
25,74,88,High School,Male,70
28,79,82,High School,Male,70
22,72,64,College,Female,66
31,81,70,Postgraduate,Female,70
15,67,74,Postgraduate,Female,66
13,99,57,College,Male,68
9,64,73,College,Male,61
29,97,58,College,Female,72
24,97,75,High School,Female,69
20,81,53,,Female,63
22,89,97,High School,Male,72
13,77,62,College,Male,65
35,85,73,High School,Female,74
21,74,52,High School,Male,62
21,72,60,Postgraduate,Male,65
24,83,85,High School,Female,68
23,80,56,,Male,66
21,83,81,Postgraduate,Male,71
15,71,50,Postgraduate,Female,62
23,75,73,High School,Female,65
31,63,86,Postgraduate,Male,68
28,62,96,High School,Male,70
30,70,75,High School,Female,67
17,63,92,High School,Female,63
14,64,90,High School,Female,63
19,93,65,High School,Male,69
20,62,94,Postgraduate,Male,66
27,86,82,High School,Female,70
10,71,55,College,Female,63
29,95,97,College,Female,72
19,79,59,College,Male,65
17,72,74,Postgraduate,Male,67
14,81,73,High School,Male,63
10,75,81,High School,Female,65
25,83,83,High School,Female,67
20,65,62,Postgraduate,Male,80
12,100,68,College,Male,68
12,77,57,College,Male,63
18,74,56,College,Male,64
30,88,91,High School,Female,73
18,75,88,Postgraduate,Female,66
11,93,72,College,Male,66
19,78,55,High School,Male,66
18,89,72,High School,Female,69
4,64,65,High School,Male,59
20,94,89,High School,Male,68
19,89,55,Postgraduate,Female,67
24,68,73,High School,Female,64
31,66,80,High School,Female,65
27,73,99,College,Male,68
18,99,54,Postgraduate,Male,70
13,70,56,High School,Male,62
35,78,99,High School,Male,72
20,61,70,High School,Female,62
20,76,87,Postgraduate,Male,68
20,83,89,High School,Female,69
21,98,66,High School,Male,73
19,81,61,Postgraduate,Male,69
17,93,64,High School,Female,67
17,82,88,Postgraduate,Male,65
20,62,92,Postgraduate,Male,63
17,73,85,High School,Male,66
16,83,72,College,Male,66
21,98,63,Postgraduate,Male,70
18,94,71,Postgraduate,Male,69
29,69,96,High School,Female,70
4,69,93,High School,Female,58
27,68,66,High School,Male,67
27,97,66,High School,Male,73
8,94,89,High School,Female,66
18,91,71,High School,Male,70
18,76,79,Postgraduate,Female,67
12,80,71,High School,Female,60
15,79,62,College,Male,65
13,70,59,Postgraduate,Female,63
31,80,57,High School,Female,72
26,61,51,High School,Female,62
28,65,64,Postgraduate,Male,70
24,95,59,College,Male,70
13,90,63,High School,Female,64
17,77,54,High School,Male,64
23,81,67,,Female,67
13,75,76,,Male,64
24,90,97,High School,Male,72
19,91,67,College,Female,66
18,91,52,High School,Female,66
24,89,68,Postgraduate,Female,71
23,68,91,Postgraduate,Female,66
18,74,67,High School,Male,64
27,79,65,College,Male,66
14,73,96,High School,Female,62
24,90,65,High School,Male,70
24,73,99,High School,Female,69
18,66,92,High School,Male,65
22,76,84,High School,Male,70
12,99,80,High School,Male,70
26,69,61,College,Male,67
19,84,87,High School,Female,69
17,77,67,High School,Female,62
26,63,74,High School,Female,67
16,80,55,College,Male,65
12,88,65,High School,Male,65
11,81,76,Postgraduate,Male,65
24,95,73,High School,Male,69
12,72,67,High School,Male,63
31,63,74,College,Male,66
8,97,87,High School,Male,67
30,75,73,College,Male,69
21,83,75,High School,Male,67
19,92,85,High School,Male,70
17,73,92,High School,Male,67
22,89,76,High School,Male,70
20,65,97,High School,Female,65
27,72,68,College,Male,63
21,66,63,High School,Female,64
21,92,85,High School,Male,69
18,69,59,High School,Female,60
20,89,95,High School,Male,69
22,98,69,High School,Female,72
10,81,85,College,Male,63
12,82,79,College,Female,63
24,78,53,,Male,66
21,73,85,College,Male,70
19,79,90,College,Female,68
20,84,99,High School,Male,69
22,99,71,College,Female,72
17,98,75,College,Male,67
15,94,94,High School,Male,68
21,96,63,Postgraduate,Female,70
14,79,59,Postgraduate,Male,68
22,86,57,College,Male,69
10,96,99,College,Female,68
26,76,64,College,Female,66
23,98,88,Postgraduate,Female,72
22,77,72,High School,Male,67
26,84,62,High School,Male,70
30,88,96,High School,Male,73
26,98,73,Postgraduate,Male,73
9,70,78,High School,Female,60
12,90,61,College,Male,67
16,81,66,High School,Male,69
20,71,87,High School,Male,65
23,91,67,,Female,70
16,82,75,College,Female,68
21,86,56,College,Female,66
15,73,93,College,Male,65
16,79,87,College,Female,64
12,85,88,College,Female,67
14,76,59,High School,Male,65
12,68,75,High School,Male,64
14,98,51,High School,Male,67
26,80,66,Postgraduate,Male,70
14,89,67,High School,Female,63
36,76,96,College,Male,71
23,74,100,High School,Male,68
21,76,81,College,Female,67
15,76,76,Postgraduate,Female,67
24,82,72,Postgraduate,Female,68
17,82,51,Postgraduate,Male,66
21,80,90,College,Male,68
35,65,84,High School,Male,70
19,80,82,College,Male,67
27,67,90,High School,Male,67
16,65,96,High School,Male,62
20,97,69,High School,Male,67
31,84,71,High School,Male,70
16,86,99,College,Male,72
31,76,83,High School,Female,70
24,96,93,High School,Female,94
17,86,61,High School,Male,66
24,91,66,High School,Male,69
26,75,70,Postgraduate,Male,68
24,98,66,High School,Male,71
11,93,94,High School,Male,69
16,94,76,High School,Female,67
19,67,98,Postgraduate,Female,64
20,71,66,College,Female,63
24,71,52,College,Female,66
21,71,57,Postgraduate,Female,66
12,94,61,College,Male,69
22,61,82,High School,Female,64
24,63,59,High School,Male,62
23,71,69,,Female,66
26,68,90,High School,Male,70
25,69,56,High School,Male,67
23,92,54,Postgraduate,Female,68
20,83,77,,Male,67
10,60,85,Postgraduate,Male,62
23,77,96,College,Male,67
21,76,83,High School,Male,68
22,65,97,High School,Female,64
12,87,62,High School,Female,64
14,88,67,Postgraduate,Male,66
26,89,92,Postgraduate,Male,72
20,89,91,High School,Female,72
24,60,83,High School,Male,66
20,98,75,College,Male,72
20,93,51,High School,Male,69
26,96,64,High School,Female,72
17,61,58,High School,Male,60
21,97,53,High School,Male,69
17,92,89,High School,Male,68
17,93,57,College,Male,69
18,64,68,High School,Male,62
21,90,99,,Male,71
17,98,70,High School,Male,70
28,87,57,High School,Male,68
15,83,84,College,Male,68
19,98,90,College,Female,70
17,78,64,High School,Female,65
29,84,90,Postgraduate,Male,73
21,79,64,College,Male,66
26,97,85,High School,Male,71
11,63,56,High School,Female,62
22,80,71,High School,Female,68
25,87,76,College,Male,70
20,92,86,Postgraduate,Female,68
26,83,83,College,Female,71
17,96,93,High School,Female,70
28,98,59,High School,Male,72
34,63,83,College,Male,69
18,76,56,College,Male,63
17,61,74,Postgraduate,Female,62
29,73,76,High School,Female,68
29,81,51,Postgraduate,Male,70
17,96,54,High School,Male,69
17,94,92,High School,Male,68
18,65,64,High School,Male,65
12,64,67,High School,Male,59
14,84,82,College,Male,66
14,81,61,High School,Male,64
15,71,60,High School,Female,63
20,96,71,College,Male,72
21,97,53,High School,Male,67
29,76,96,Postgraduate,Male,94
14,96,97,High School,Female,70
26,75,72,High School,Male,66
19,89,60,Postgraduate,Female,69
20,79,74,High School,Male,64
24,65,55,High School,Female,63
13,97,70,Postgraduate,Female,71
22,78,54,High School,Male,65
21,89,85,College,Female,68
23,75,64,High School,Male,64
22,61,76,College,Male,64
35,64,51,High School,Male,66
16,80,76,College,Male,68
17,88,50,College,Female,67
16,73,96,High School,Female,66
17,88,75,High School,Male,68
16,88,55,Postgraduate,Male,66
27,88,67,College,Male,71
29,80,52,High School,Female,71
17,97,77,College,Male,68
15,80,56,High School,Female,64
23,78,74,High School,Male,67
17,68,65,High School,Male,64
24,72,88,High School,Female,68
21,62,74,Postgraduate,Male,62
11,85,92,College,Male,64
29,70,97,Postgraduate,Male,70
31,72,98,College,Male,68
16,91,63,College,Female,69
18,73,88,College,Male,65
22,70,72,High School,Male,67
22,67,71,College,Male,65
24,91,93,High School,Male,71
32,65,57,High School,Female,65
19,78,74,High School,Female,66
15,80,80,High School,Female,65
12,87,53,College,Male,65
16,85,93,High School,Male,68
20,92,66,College,Male,68
31,62,83,College,Female,67
17,72,96,High School,Male,65
21,71,86,College,Male,66
20,66,94,High School,Female,63
27,72,53,Postgraduate,Male,70
35,72,75,College,Male,72
17,81,78,High School,Male,67
17,87,84,College,Male,67
26,75,56,High School,Male,66
24,89,83,High School,Male,66
31,73,57,High School,Male,69
24,72,53,High School,Male,62
18,82,73,College,Female,66
24,61,80,Postgraduate,Male,64
27,63,98,High School,Female,67
25,77,85,College,Male,71
23,98,80,,Male,73
26,89,61,High School,Female,68
27,64,58,Postgraduate,Male,66
28,94,80,Postgraduate,Male,75
24,89,61,Postgraduate,Female,72
19,84,85,High School,Male,68
21,93,56,High School,Male,68
27,76,67,High School,Male,69
15,69,89,College,Female,63
22,80,92,High School,Female,70
18,82,67,Postgraduate,Male,66
20,82,60,High School,Male,66
28,83,98,Postgraduate,Male,72
21,98,88,Postgraduate,Male,71
20,96,90,College,Male,72
12,95,61,College,Male,69
24,92,71,High School,Male,71
24,98,53,Postgraduate,Male,69
33,64,55,College,Female,68
18,71,61,College,Male,61
21,80,65,Postgraduate,Male,68
21,94,100,Postgraduate,Male,72
29,80,71,College,Female,70
19,90,85,Postgraduate,Female,73
22,66,95,High School,Female,67
24,70,62,College,Male,65
21,89,57,High School,Female,68
17,67,62,High School,Male,65
21,74,94,High School,Male,97
26,71,83,College,Male,66
14,74,73,High School,Female,67
21,88,91,High School,Female,70
16,75,62,High School,Female,66
27,82,62,High School,Female,69
11,64,78,College,Male,62
17,92,90,High School,Male,68
22,75,63,College,Male,67
29,86,61,High School,Female,68
20,89,74,High School,Male,69
17,68,57,High School,Female,62
31,95,87,Postgraduate,Male,75
11,85,79,High School,Male,65
7,77,76,College,Male,63
23,67,94,College,Male,66
17,98,87,College,Female,71
14,90,57,College,Male,66
24,68,71,College,Male,66
21,74,66,High School,Male,66
17,92,90,,Male,71
12,88,86,High School,Male,68
25,91,74,College,Male,71
24,78,91,Postgraduate,Female,68
19,89,71,High School,Male,68
31,75,90,High School,Male,68
14,68,52,College,Male,62
11,85,57,High School,Male,65
16,99,88,Postgraduate,Male,71
20,72,56,College,Male,63
21,78,84,High School,Male,68
19,87,86,High School,Female,69
22,82,83,College,Male,69
12,94,91,Postgraduate,Female,71
29,90,76,Postgraduate,Female,71
20,62,95,High School,Male,62
27,100,78,High School,Male,70
22,90,75,College,Male,70
23,95,75,College,Male,73
23,86,96,High School,Female,71
23,94,62,Postgraduate,Female,69
24,64,85,Postgraduate,Male,66
28,74,62,High School,Male,65
21,95,55,College,Male,71
24,68,98,High School,Male,68
19,63,56,High School,Female,64
29,92,84,Postgraduate,Male,71
16,93,71,High School,Male,67
31,67,92,High School,Female,66
20,94,89,High School,Male,71
11,87,57,High School,Male,62
21,81,73,High School,Male,67
16,93,51,College,Male,67
25,77,71,High School,Female,66
16,68,85,Postgraduate,Female,64
17,71,62,College,Male,62
9,80,91,College,Female,65
17,81,53,College,Male,63
5,92,52,College,Female,64
10,92,51,High School,Female,65
25,83,64,College,Male,68
25,91,73,High School,Female,72
23,68,55,College,Male,64
14,62,100,High School,Male,62
20,95,100,High School,Female,69
20,63,76,Postgraduate,Female,64
13,70,78,High School,Female,61
29,88,96,High School,Female,72
25,76,88,College,Male,66
19,95,58,High School,Male,69
20,72,90,College,Female,65
21,60,62,High School,Male,64
8,72,72,High School,Female,62
19,83,77,High School,Male,66
16,75,86,College,Female,62
14,81,58,Postgraduate,Male,66
18,95,54,College,Female,70
31,96,93,High School,Male,75
24,71,91,High School,Female,67
17,78,76,College,Male,66
23,82,83,Postgraduate,Male,71
28,98,86,High School,Female,75
26,100,74,High School,Female,72
20,69,63,,Female,64
16,89,74,High School,Male,65
24,75,98,High School,Male,67
22,60,92,High School,Male,63
25,60,73,High School,Male,62
24,78,61,College,Female,69
26,80,94,Postgraduate,Male,70
17,61,82,Postgraduate,Male,63
28,87,70,Postgraduate,Male,71
21,72,56,High School,Male,63
32,82,88,College,Male,71
16,72,66,College,Male,63
30,67,80,,Male,68
21,76,78,High School,Male,65
16,69,85,High School,Female,66
17,81,77,College,Male,66
18,68,82,High School,Male,66
23,80,54,,Female,65
23,66,83,High School,Female,66
17,87,60,High School,Female,67
20,90,70,High School,Female,68
33,64,76,High School,Male,68
30,79,84,College,Female,69
23,63,87,Postgraduate,Male,64
20,84,85,High School,Male,67
21,71,55,High School,Female,63
24,81,69,College,Male,67
14,81,64,High School,Female,64
18,97,70,High School,Female,66
10,82,82,High School,Male,65
22,83,60,Postgraduate,Female,68
24,76,75,High School,Male,66
17,98,94,College,Male,71
29,91,87,College,Female,74
13,71,86,Postgraduate,Male,65
11,94,92,High School,Female,68
21,77,70,College,Male,68
26,93,88,College,Male,72
30,93,53,Postgraduate,Female,74
17,68,53,College,Male,61
26,88,67,High School,Male,65
20,72,60,High School,Male,63
19,72,76,High School,Female,66
25,72,59,High School,Male,66
24,89,99,High School,Female,73
11,69,93,College,Male,63
29,60,99,High School,Female,68
28,89,90,Postgraduate,Female,73
16,67,98,High School,Male,63
22,64,68,High School,Male,65
23,70,75,,Female,66
22,75,62,Postgraduate,Female,65
17,79,82,College,Male,66
16,62,89,College,Female,65
20,99,75,Postgraduate,Female,70
27,89,65,High School,Female,70
23,73,75,High School,Female,68
18,73,53,Postgraduate,Male,64
25,78,86,Postgraduate,Female,68
3,85,73,High School,Male,62
27,66,95,College,Male,68
10,68,96,College,Male,61
18,94,56,Postgraduate,Male,69
13,70,100,High School,Male,65
12,75,98,College,Male,65
27,95,81,High School,Male,72
17,87,91,College,Female,70
22,74,51,High School,Male,65
20,87,99,High School,Male,69
23,61,73,College,Male,65
20,89,95,High School,Male,69
12,79,69,Postgraduate,Male,65
26,93,89,College,Male,72
17,98,71,Postgraduate,Female,70
11,97,68,High School,Female,64
17,96,97,High School,Female,67
29,80,85,High School,Male,69
25,74,92,Postgraduate,Male,70
18,79,77,High School,Male,65
18,88,96,High School,Female,69
18,95,87,College,Male,74
32,68,54,Postgraduate,Male,66
22,97,88,College,Male,72
23,93,51,High School,Male,67
26,99,91,Postgraduate,Female,75
21,95,67,College,Female,70
18,71,80,Postgraduate,Female,63
19,64,87,High School,Male,65
20,64,82,High School,Female,64
20,72,84,High School,Female,65
24,85,95,High School,Female,70
20,92,69,Postgraduate,Male,67
24,96,77,High School,Female,67
20,85,59,Postgraduate,Female,68
20,60,73,College,Male,65
8,67,58,Postgraduate,Female,61
25,64,82,High School,Female,63
22,75,66,High School,Male,80
26,80,93,Postgraduate,Male,69
3,62,67,High School,Male,55
33,74,64,Postgraduate,Female,70
19,67,75,College,Female,65
27,86,59,High School,Male,68
14,79,60,High School,Male,64
24,80,89,College,Male,69
14,77,75,High School,Female,89
16,98,60,High School,Male,67
31,69,52,College,Male,92
19,81,73,High School,Female,67
21,89,87,College,Male,70
25,82,68,College,Male,68
23,97,62,Postgraduate,Male,70
21,75,70,Postgraduate,Male,67
22,79,98,High School,Male,69
34,64,71,High School,Female,67
20,84,63,High School,Female,69
21,72,78,High School,Female,63
26,66,91,College,Female,69
27,82,51,High School,Male,66
27,81,78,High School,Male,68
24,63,92,Postgraduate,Male,69
13,88,61,High School,Female,66
30,85,96,High School,Female,72
13,68,79,College,Male,62
22,79,76,High School,Male,67
15,89,98,College,Male,67
20,81,56,High School,Male,67
22,76,87,College,Female,65
22,73,91,Postgraduate,Male,67
23,84,74,High School,Female,66
30,98,50,College,Male,70
23,87,76,Postgraduate,Female,71
19,63,58,Postgraduate,Female,64
26,78,78,High School,Female,69
27,96,87,College,Male,72
13,64,77,High School,Male,60
24,100,82,High School,Male,71
24,98,55,High School,Male,71
18,63,55,Postgraduate,Female,66
28,97,93,High School,Female,74
19,75,52,Postgraduate,Male,64
21,94,64,High School,Male,68
19,77,97,High School,Male,66
20,78,73,College,Female,65
13,85,84,High School,Female,64
11,91,61,Postgraduate,Male,65
30,61,64,Postgraduate,Male,69
15,84,75,Postgraduate,Female,68
14,67,82,High School,Female,62
7,74,98,High School,Male,63
16,74,79,Postgraduate,Female,65
12,79,55,College,Female,62
30,73,68,Postgraduate,Male,67
26,64,62,High School,Male,64
16,66,63,College,Male,61
34,61,75,College,Male,65
26,79,66,High School,Male,67
18,98,64,Postgraduate,Male,70
5,65,98,High School,Male,59
34,98,79,College,Male,75
12,89,63,College,Male,67
10,85,64,College,Male,64
26,86,91,High School,Female,72
35,93,94,College,Female,76
28,64,84,Postgraduate,Male,69
23,80,72,High School,Male,65
24,88,88,Postgraduate,Female,72
25,83,97,High School,Male,69
25,93,58,High School,Female,71
22,63,93,High School,Male,64
21,88,92,Postgraduate,Female,74
20,81,68,College,Male,68
15,75,65,Postgraduate,Female,66
18,74,78,High School,Female,65
10,85,64,Postgraduate,Female,67
19,96,57,High School,Female,69
14,80,98,High School,Male,66
13,93,75,High School,Male,69
21,76,74,High School,Male,67
28,64,56,College,Male,64
26,62,75,College,Male,67
11,62,87,High School,Female,61
14,75,62,High School,Female,61
26,73,68,High School,Male,68
14,89,59,Postgraduate,Male,66
19,90,68,High School,Male,66
23,62,93,College,Female,68
14,69,62,High School,Male,63
21,71,51,Postgraduate,Female,66
12,82,77,College,Female,66
16,66,79,College,Female,66
22,65,66,High School,Male,65
10,98,82,College,Male,69
23,92,52,High School,Female,71
20,67,67,College,Female,66
23,76,57,High School,Female,66
21,74,61,High School,Male,65
28,92,69,High School,Female,71
21,80,75,High School,Male,69
17,65,55,High School,Female,61
21,90,55,High School,Female,70
23,76,84,College,Female,70
20,71,70,High School,Female,65
20,75,59,Postgraduate,Male,64
16,80,62,Postgraduate,Female,68
16,74,86,High School,Female,63
12,70,53,College,Male,63
30,76,75,College,Female,71
13,61,68,High School,Male,58
16,91,91,High School,Female,68
16,67,90,High School,Male,65
25,62,84,College,Female,65
18,86,69,High School,Male,68
27,91,82,High School,Male,69
16,93,82,High School,Male,71
22,80,67,Postgraduate,Male,65
15,68,94,Postgraduate,Female,64
33,89,99,College,Male,75
13,88,66,High School,Female,67
22,70,90,College,Female,68
24,96,75,College,Female,72
22,64,73,Postgraduate,Female,67
19,99,69,High School,Male,72
19,94,65,Postgraduate,Male,69
20,88,96,Postgraduate,Male,68
19,98,87,High School,Male,70
26,89,72,College,Female,69
33,68,88,College,Male,67
17,78,86,College,Female,63
12,63,63,High School,Male,61
19,76,59,High School,Female,66
35,90,92,High School,Male,73
15,75,91,College,Male,67
30,73,100,High School,Female,72
30,84,51,Postgraduate,Male,69
17,95,77,High School,Female,69
23,62,85,College,Male,63
30,75,79,High School,Male,67
18,66,86,High School,Female,63
19,88,57,College,Male,66
17,64,50,High School,Female,62
14,87,55,Postgraduate,Male,68
16,71,69,Postgraduate,Female,65
13,68,66,College,Male,59
20,97,94,College,Male,72
15,61,54,Postgraduate,Male,63
21,78,72,Postgraduate,Male,68
11,61,98,High School,Male,61
22,79,75,High School,Female,65
25,80,57,High School,Female,68
8,73,65,College,Male,61
22,65,81,Postgraduate,Male,63
27,75,51,Postgraduate,Male,67
13,87,98,Postgraduate,Male,66
30,91,78,Postgraduate,Male,75
23,81,85,High School,Male,68
16,84,75,High School,Female,65
20,68,98,High School,Female,64
23,71,79,,Male,67
20,66,83,College,Male,64
23,70,93,Postgraduate,Female,67
14,69,93,High School,Male,63
21,81,51,College,Female,67
12,83,64,Postgraduate,Female,65
19,98,62,High School,Female,70
15,68,50,High School,Male,62
16,86,94,High School,Female,69
27,93,66,College,Female,70
27,82,67,High School,Male,68
24,70,55,Postgraduate,Female,68
13,71,99,Postgraduate,Male,64
18,62,91,High School,Male,63
27,72,79,Postgraduate,Female,68
21,90,89,High School,Female,67
34,62,89,College,Female,68
22,69,83,College,Female,66
21,88,59,Postgraduate,Male,67
18,91,86,High School,Male,69
21,78,78,,Male,68
19,88,86,College,Male,70
24,76,77,Postgraduate,Female,68
26,66,98,College,Male,66
15,76,81,Postgraduate,Female,67
12,83,79,High School,Female,65
9,98,92,High School,Male,67
23,63,69,High School,Male,63
13,80,66,High School,Female,64
7,73,75,College,Female,64
22,80,79,College,Female,66
35,61,61,High School,Male,68
20,73,84,High School,Male,67
25,93,90,College,Male,72
20,82,79,High School,Male,67
19,78,76,College,Female,66
26,71,65,College,Female,66
18,72,95,High School,Male,67
22,75,88,Postgraduate,Male,65
22,93,74,College,Male,70
16,99,83,Postgraduate,Female,69
26,78,67,High School,Male,69
19,76,53,College,Female,66
15,94,60,High School,Male,66
23,77,54,College,Female,67
15,82,75,High School,Male,67
20,69,81,High School,Male,67
20,90,69,High School,Female,72
27,81,77,College,Female,68
23,92,54,Postgraduate,Male,70
20,91,88,High School,Male,69
25,69,52,High School,Male,65
28,89,82,Postgraduate,Male,72
23,92,72,College,Female,69
20,74,59,High School,Female,68
12,67,76,High School,Male,62
14,60,89,High School,Male,60
18,78,71,High School,Male,67
16,74,68,College,Male,67
19,82,57,High School,Male,67
20,68,80,High School,Female,63
23,94,91,High School,Male,71
20,70,78,College,Female,66
23,69,58,Postgraduate,Female,65
20,79,83,High School,Female,69
8,80,52,High School,Female,63
14,69,92,Postgraduate,Female,64
19,71,96,College,Female,67
13,67,80,High School,Male,62
24,89,94,High School,Male,68
29,91,54,Postgraduate,Male,71
27,78,61,High School,Female,66
19,89,66,Postgraduate,Female,69
29,89,89,High School,Male,71
21,66,74,High School,Female,66
18,99,67,Postgraduate,Female,72
16,93,58,College,Female,70
18,68,91,Postgraduate,Female,65
18,67,51,College,Female,64
21,65,67,College,Male,63
21,66,62,High School,Male,63
20,90,56,High School,Male,66
23,79,59,College,Male,68
27,91,75,College,Male,74
26,90,71,College,Female,71
11,84,76,High School,Female,67
5,87,86,Postgraduate,Female,66
26,61,95,College,Male,67
12,72,56,High School,Male,62
19,86,54,Postgraduate,Male,68
13,60,66,Postgraduate,Male,62
9,61,77,High School,Male,82
23,94,55,High School,Male,70
25,87,86,College,Male,72
17,71,78,College,Female,64
4,88,87,College,Male,66
17,92,68,College,Female,68
22,72,70,Postgraduate,Male,64
11,61,90,High School,Female,61
21,97,63,High School,Male,69
20,74,69,College,Male,68
23,64,51,College,Male,64
21,80,78,High School,Female,67
14,91,93,High School,Male,67
27,69,51,High School,Male,65
19,71,81,High School,Female,68
20,70,92,High School,Male,67
14,100,75,Postgraduate,Male,67
17,68,66,High School,Male,64
15,83,100,College,Female,70
19,97,53,College,Male,69
30,66,61,High School,Male,66
12,99,94,Postgraduate,Male,69
10,98,65,High School,Male,66
29,95,91,High School,Female,73
19,69,67,Postgraduate,Male,66
16,85,91,Postgraduate,Male,69
26,90,84,High School,Male,70
16,99,73,College,Male,71
31,67,76,College,Male,70
24,91,59,High School,Male,69
17,74,56,High School,Male,63
33,67,86,High School,Female,71
16,77,92,College,Male,67
24,92,86,High School,Female,73
22,79,96,College,Male,68
28,82,95,High School,Male,69
29,100,89,High School,Female,76
20,76,95,High School,Male,68
15,85,58,College,Male,65
23,75,87,High School,Female,66
16,76,88,Postgraduate,Male,65
32,88,58,High School,Male,69
21,98,95,High School,Male,71
18,82,50,High School,Male,66
21,91,72,High School,Female,69
12,64,51,College,Male,59
14,68,76,High School,Male,65
27,80,71,College,Male,72
16,61,81,College,Male,60
14,70,88,College,Female,64
23,81,88,Postgraduate,Male,69
27,61,86,High School,Female,70
24,71,55,College,Male,67
26,81,71,High School,Female,67
15,83,91,College,Male,64
11,97,83,High School,Male,68
29,86,84,High School,Female,72
18,77,61,High School,Female,65
18,97,66,College,Male,70
28,91,98,Postgraduate,Male,75
23,68,92,High School,Male,65
23,65,58,College,Female,63
33,87,77,High School,Male,71
16,82,75,College,Female,66
26,92,72,High School,Female,69
20,90,74,Postgraduate,Female,68
22,85,82,Postgraduate,Male,71
29,99,98,Postgraduate,Male,77
23,81,94,College,Female,70
23,65,94,College,Female,66
26,93,85,College,Female,73
18,70,51,College,Male,62
15,91,72,High School,Female,65
14,98,76,Postgraduate,Male,71
8,88,92,College,Male,66
32,84,96,High School,Female,72
13,78,73,High School,Male,64
19,75,65,High School,Female,63
18,74,67,High School,Male,63
22,85,79,High School,Female,72
25,90,64,High School,Male,71
25,87,96,High School,Female,72
17,68,71,High School,Male,65
19,80,100,High School,Female,67
22,92,55,High School,Female,68
19,79,59,Postgraduate,Male,66
30,81,76,Postgraduate,Male,72
23,91,93,High School,Female,71
24,86,68,College,Female,70
24,76,92,Postgraduate,Female,68
27,96,71,College,Female,72
21,67,93,College,Male,66
12,100,64,High School,Male,69
22,65,74,College,Male,65
16,61,64,High School,Male,62
17,96,61,College,Female,69
24,70,71,High School,Male,65
27,89,67,College,Female,69
20,92,89,High School,Female,69
22,94,87,College,Female,73
30,100,68,Postgraduate,Female,75
21,72,100,College,Male,70
36,88,99,College,Female,74
23,65,96,High School,Male,65
9,76,79,College,Male,63
25,94,71,College,Female,74
22,75,66,Postgraduate,Male,67
28,84,51,Postgraduate,Female,71
24,80,82,College,Female,68
19,86,78,College,Female,69
13,99,81,Postgraduate,Male,71
19,62,79,High School,Female,66
15,83,57,Postgraduate,Male,65
17,95,85,College,Female,66
24,79,68,High School,Male,65
30,63,76,Postgraduate,Female,67
22,82,68,Postgraduate,Male,70
13,73,51,Postgraduate,Male,63
23,66,94,Postgraduate,Male,64
27,94,57,High School,Male,71
16,81,79,College,Female,68
19,97,94,Postgraduate,Male,72
20,92,61,College,Male,71
15,88,71,Postgraduate,Male,64
24,60,69,High School,Male,64
19,77,54,College,Male,66
23,68,71,High School,Female,68
15,96,74,High School,Male,68
17,67,51,High School,Male,65
24,71,74,High School,Male,67
18,81,55,High School,Male,64
30,71,95,College,Male,70
18,68,83,College,Male,65
21,84,53,High School,Female,65
26,64,91,High School,Male,68
11,62,68,High School,Male,61
9,75,61,High School,Male,63
11,89,63,College,Female,65
28,82,80,High School,Female,69
17,77,54,College,Male,64
35,83,53,High School,Female,69
17,75,81,Postgraduate,Male,67
21,97,99,Postgraduate,Male,74
29,62,74,College,Male,66
32,87,71,College,Male,72
32,96,97,College,Male,73
27,92,62,College,Male,73
26,67,62,High School,Male,63
24,72,95,Postgraduate,Male,69
25,89,82,Postgraduate,Male,71
17,63,53,College,Male,63
15,92,84,High School,Female,69
20,89,91,College,Male,72
19,89,64,Postgraduate,Female,68
17,64,69,High School,Female,62
24,89,60,High School,Male,68
26,87,82,Postgraduate,Male,71
21,93,83,High School,Male,67
29,62,53,College,Female,65
13,61,84,Postgraduate,Male,60
19,75,83,High School,Male,68
16,66,52,High School,Male,59
9,82,78,,Female,64
20,97,81,High School,Male,71
19,76,72,College,Female,68
29,94,95,College,Male,70
24,60,66,College,Female,62
14,67,53,College,Male,62
31,61,84,High School,Male,68
27,73,80,High School,Female,68
23,96,99,High School,Female,74
19,64,62,College,Male,61
14,84,70,College,Male,67
18,78,73,High School,Female,65
27,98,93,High School,Female,101
31,65,71,High School,Male,65
29,68,89,College,Male,67
17,61,58,High School,Female,61
13,77,70,High School,Male,64
21,71,58,College,Female,64
9,95,97,College,Male,67
22,84,59,College,Female,69
19,85,71,Postgraduate,Female,69
17,81,54,High School,Female,67
10,64,96,High School,Male,62
23,78,81,High School,Male,66
17,100,98,College,Male,72
13,93,52,College,Female,67
3,96,59,College,Female,66
20,93,69,High School,Male,67
31,64,81,High School,Female,67
30,69,66,Postgraduate,Female,68
17,60,86,High School,Male,63
16,72,58,High School,Male,62
23,64,80,College,Female,65
14,79,70,College,Male,65
22,87,75,College,Female,70
25,95,78,High School,Male,73
27,90,53,Postgraduate,Female,73
19,98,96,High School,Male,68
19,62,89,High School,Male,63
15,60,72,High School,Male,62
15,86,77,Postgraduate,Male,69
19,72,52,Postgraduate,Male,66
22,70,75,Postgraduate,Male,68
25,73,71,College,Female,67
15,71,69,College,Female,65
29,80,91,College,Male,70
18,78,59,High School,Female,64
20,80,59,High School,Male,65
16,87,76,Postgraduate,Female,67
5,75,84,Postgraduate,Female,62
25,70,51,High School,Male,66
24,67,77,College,Female,68
18,74,65,College,Female,64
20,90,88,High School,Male,69
23,90,73,High School,Female,69
11,87,92,High School,Female,67
17,69,70,College,Male,61
25,84,91,Postgraduate,Female,70
12,83,86,College,Female,65
22,79,91,College,Male,66
12,82,91,Postgraduate,Male,66
23,80,74,High School,Male,69
20,83,68,High School,Female,67
10,89,88,Postgraduate,Female,71
27,64,68,High School,Male,68
16,90,54,High School,Female,67
15,65,93,High School,Female,63
21,63,70,College,Female,64
27,99,57,College,Male,73
14,98,82,High School,Male,69
20,62,94,High School,Female,65
23,78,93,Postgraduate,Male,70
24,67,78,High School,Female,67
21,79,54,Postgraduate,Female,67
18,93,85,High School,Male,70
15,98,80,Postgraduate,Female,69
21,85,61,High School,Male,68
14,74,95,College,Male,66
2,84,54,,Male,62
23,72,69,High School,Male,67
25,96,55,High School,Male,71
6,95,96,High School,Female,68
14,82,52,High School,Female,66
24,73,71,High School,Male,64
32,72,93,Postgraduate,Female,71
20,61,63,College,Male,61
16,93,55,College,Male,67
19,78,56,College,Female,65
28,73,70,College,Female,66
16,79,71,High School,Female,68
15,93,86,College,Male,66
17,65,62,High School,Female,63
14,94,85,High School,Female,66
21,96,100,College,Female,73
30,98,93,High School,Male,88
22,76,82,High School,Male,67
18,69,97,College,Female,69
18,75,100,High School,Female,67
11,73,79,High School,Male,64
25,67,64,High School,Male,64
20,84,96,High School,Male,65
19,79,92,High School,Male,68
39,95,54,High School,Male,77
22,61,97,High School,Male,63
15,86,68,College,Male,69
17,91,66,College,Male,69
27,90,67,Postgraduate,Male,70
21,95,66,College,Male,73
11,89,76,Postgraduate,Male,66
26,97,79,High School,Female,71
16,73,71,College,Male,66
31,80,71,High School,Female,71
26,61,87,High School,Male,66
17,60,50,High School,Female,63
28,70,97,High School,Male,70
20,64,86,Postgraduate,Male,66
25,70,85,High School,Male,66
23,67,71,College,Female,66
15,61,98,High School,Male,62
16,96,50,College,Male,69
26,60,54,Postgraduate,Male,63
18,89,90,Postgraduate,Female,68
18,66,87,High School,Male,64
14,96,64,Postgraduate,Male,69
23,96,80,High School,Male,71
32,86,77,High School,Male,71
14,87,76,College,Female,66
20,60,80,College,Male,63
28,99,100,High School,Male,72
20,95,99,College,Female,70
23,96,99,College,Female,71
14,86,77,High School,Male,65
23,74,66,Postgraduate,Female,65
19,96,78,High School,Male,67
26,72,81,High School,Male,68
27,83,66,College,Female,70
36,64,82,High School,Female,70
23,97,81,High School,Male,72
22,66,95,College,Male,65
21,69,62,High School,Male,65
18,82,85,Postgraduate,Male,71
22,91,73,Postgraduate,Male,74
18,85,56,High School,Male,64
21,69,66,High School,Female,64
28,60,53,High School,Female,65
14,90,66,College,Male,67
27,99,53,College,Male,73
28,92,96,College,Male,72
19,78,55,College,Male,65
7,96,91,College,Male,67
16,76,95,High School,Female,66
28,81,73,Postgraduate,Male,70
20,79,53,High School,Female,66
14,78,80,High School,Female,66
17,91,62,Postgraduate,Male,68
25,81,59,College,Male,68
23,73,78,High School,Female,67
19,70,68,College,Female,65
18,62,87,College,Female,64
18,83,80,College,Male,70
14,69,91,College,Male,63
30,66,53,High School,Male,65
18,86,62,Postgraduate,Female,67
27,87,78,High School,Female,71
29,90,94,High School,Female,73
26,80,91,High School,Male,67
17,96,84,College,Female,72
22,97,79,High School,Male,71
20,92,82,Postgraduate,Male,72
15,85,61,High School,Male,68
22,72,80,College,Female,65
13,99,75,College,Female,68
27,71,69,College,Male,67
17,68,94,College,Female,66
21,78,91,High School,Male,64
22,62,54,Postgraduate,Male,65
18,99,99,High School,Male,69
24,84,61,High School,Male,68
17,82,61,Postgraduate,Male,69
25,86,97,High School,Male,70
12,80,72,High School,Female,65
21,61,90,High School,Male,63
32,84,64,College,Female,71
14,89,94,Postgraduate,Male,68
16,77,92,Postgraduate,Female,70
23,90,76,High School,Female,72
21,69,85,College,Female,64
22,69,98,Postgraduate,Male,64
23,66,73,College,Female,66
24,75,75,College,Male,69
27,94,86,High School,Female,71
22,93,69,High School,Male,69
19,75,98,Postgraduate,Male,67
24,84,52,High School,Male,66
31,89,70,High School,Female,71
19,70,86,High School,Male,63
14,67,71,College,Female,62
27,99,63,High School,Female,73
19,85,71,High School,Female,66
7,99,94,Postgraduate,Male,72
25,74,77,Postgraduate,Female,67
17,88,67,Postgraduate,Male,65
19,69,84,High School,Male,66
22,70,81,Postgraduate,Female,68
21,80,78,High School,Female,69
24,73,70,Postgraduate,Female,68
17,67,54,High School,Male,61
23,71,81,High School,Male,68
18,61,71,College,Male,64
24,88,71,College,Male,67
24,80,62,High School,Male,68
14,64,62,High School,Male,61
27,67,89,Postgraduate,Female,66
17,64,74,Postgraduate,Female,64
25,85,55,High School,Female,67
22,64,52,College,Female,64
31,90,61,High School,Male,72
19,61,74,Postgraduate,Male,62
18,70,81,High School,Female,63
20,96,57,High School,Male,70
18,89,72,College,Male,69
25,63,54,High School,Male,64
10,93,52,Postgraduate,Male,66
14,80,93,High School,Female,67
14,94,83,Postgraduate,Female,71
26,84,89,High School,Female,70
30,87,59,High School,Male,69
19,100,66,,Male,68
19,69,72,College,Female,64
20,85,83,College,Male,70
27,78,77,Postgraduate,Male,69
14,62,78,College,Female,63
21,61,58,High School,Female,60
26,65,74,High School,Female,65
23,86,91,High School,Male,67
21,83,75,College,Male,66
26,82,60,Postgraduate,Female,68
4,61,71,Postgraduate,Male,58
24,79,88,High School,Female,67
16,97,57,,Male,68
9,76,79,High School,Female,62
23,85,98,Postgraduate,Female,69
28,91,69,High School,Male,73
19,91,52,High School,Male,66
26,81,82,Postgraduate,Female,67
30,94,52,High School,Female,71
28,76,60,High School,Male,66
30,96,52,College,Female,74
24,70,59,High School,Male,67
20,71,93,Postgraduate,Male,68
10,62,87,High School,Male,61
19,92,67,High School,Female,69
15,77,95,High School,Male,65
33,69,83,Postgraduate,Male,71
19,69,72,High School,Female,61
21,96,53,College,Male,70
23,93,87,High School,Male,70
20,82,69,College,Male,69
30,85,65,High School,Female,70
16,79,64,College,Male,67
21,76,50,Postgraduate,Female,63
16,97,87,High School,Female,70
12,65,57,High School,Female,61
16,77,76,Postgraduate,Female,64
20,74,51,College,Male,65
17,80,81,College,Male,65
16,78,68,Postgraduate,Female,66
12,81,82,High School,Female,66
20,66,54,Postgraduate,Male,63
11,81,63,Postgraduate,Male,66
25,70,56,High School,Male,64
20,67,82,High School,Male,65
11,63,55,Postgraduate,Male,62
18,91,81,High School,Male,71
15,77,57,College,Male,63
22,85,97,College,Male,70
28,89,71,College,Male,70
9,87,56,College,Female,65
21,79,52,High School,Female,66
19,76,66,College,Female,66
24,75,95,College,Male,68
21,86,57,High School,Male,68
15,80,90,High School,Female,69
18,94,71,College,Female,71
15,95,90,Postgraduate,Male,69
26,67,94,College,Male,68
20,65,100,High School,Male,67
31,85,53,High School,Male,72
20,72,90,High School,Male,68
16,61,53,High School,Female,60
11,96,66,High School,Male,68
9,69,82,High School,Female,65
10,97,72,Postgraduate,Female,67
22,89,78,High School,Female,70
23,91,98,High School,Female,70
11,68,91,College,Female,61
25,69,68,College,Male,68
17,81,80,Postgraduate,Female,67
21,67,52,High School,Female,62
30,72,73,High School,Male,66
25,73,80,High School,Female,69
18,66,86,College,Female,66
15,68,95,College,Female,64
7,92,64,Postgraduate,Male,66
16,67,95,High School,Male,63
19,61,83,High School,Male,62
14,85,54,Postgraduate,Male,65
19,99,69,High School,Male,68
20,73,74,High School,Male,65
19,65,68,College,Female,63
16,83,56,High School,Male,68
21,96,78,High School,Male,72
23,91,57,High School,Male,69
13,85,96,Postgraduate,Male,66
28,73,93,College,Male,68
19,82,74,High School,Male,64
20,64,53,High School,Male,61
24,87,78,Postgraduate,Male,67
21,89,80,Postgraduate,Male,68
26,99,94,High School,Male,74
22,70,53,High School,Female,67
16,61,85,High School,Male,64
22,82,78,High School,Male,69
13,88,59,High School,Female,63
21,92,56,High School,Female,67
20,68,85,College,Male,65
19,70,67,Postgraduate,Female,67
19,81,100,Postgraduate,Female,68
9,73,95,Postgraduate,Male,62
17,94,78,College,Female,70
21,79,82,High School,Female,67
21,92,58,High School,Female,89
14,83,95,High School,Female,65
28,91,73,High School,Female,69
15,73,76,High School,Female,64
26,93,94,High School,Female,74
23,71,50,High School,Female,64
16,82,75,Postgraduate,Female,64
31,69,81,College,Male,67
13,79,58,College,Male,63
26,73,53,High School,Female,68
26,71,77,Postgraduate,Male,66
16,99,77,High School,Female,68
28,66,67,Postgraduate,Female,68
18,91,94,High School,Female,69
22,99,65,Postgraduate,Female,71
22,61,76,College,Female,65
19,88,59,High School,Male,67
25,70,51,College,Female,65
25,62,71,High School,Male,65
10,76,76,Postgraduate,Male,80
28,97,88,High School,Male,74
10,60,72,High School,Male,59
26,84,64,High School,Male,69
27,80,80,High School,Male,66
13,95,69,Postgraduate,Female,66
18,63,62,High School,Female,65
13,87,96,College,Male,67
19,87,77,High School,Male,69
18,87,60,High School,Female,68
25,98,84,Postgraduate,Female,73
28,93,90,High School,Female,71
28,62,88,Postgraduate,Male,67
17,79,80,College,Female,67
19,76,76,Postgraduate,Male,66
10,72,89,College,Female,63
15,78,85,High School,Male,65
26,75,79,College,Male,67
30,77,83,College,Male,69
13,99,58,High School,Male,67
16,64,51,College,Male,66
20,97,97,High School,Female,74
22,79,97,College,Female,69
15,85,89,College,Female,66
23,93,69,Postgraduate,Male,69
17,74,58,College,Male,63
20,77,68,College,Female,65
23,76,86,College,Male,64
20,75,67,High School,Male,64
17,97,90,High School,Male,69
19,93,84,High School,Female,73
19,64,81,High School,Male,62
18,64,97,College,Male,62
18,77,95,Postgraduate,Female,68
30,64,86,Postgraduate,Female,66
23,85,60,College,Female,68
18,66,97,High School,Male,66
24,81,61,Postgraduate,Male,69
18,60,69,Postgraduate,Female,62
27,73,91,College,Female,68
22,87,60,College,Male,67
19,79,82,High School,Male,65
23,99,73,College,Male,69
11,95,81,High School,Male,67
13,74,98,Postgraduate,Female,64
13,62,90,Postgraduate,Female,62
21,94,65,High School,Male,71
30,96,53,High School,Male,72
33,93,98,High School,Female,74
24,65,79,Postgraduate,Male,66
23,100,59,High School,Female,72
9,70,81,Postgraduate,Female,65
17,89,52,College,Female,67
15,96,59,High School,Male,70
16,69,82,High School,Male,62
19,96,70,High School,Male,66
17,72,66,College,Male,65
8,99,83,Postgraduate,Male,70
24,71,93,College,Female,69
14,98,84,High School,Female,70
21,62,73,College,Female,66
32,88,83,Postgraduate,Male,73
14,81,85,Postgraduate,Female,69
5,79,89,College,Female,66
18,69,65,High School,Male,65
27,88,56,Postgraduate,Female,70
32,68,84,Postgraduate,Male,70
13,82,56,Postgraduate,Male,67
23,70,73,Postgraduate,Male,68
17,98,62,College,Female,68
19,61,67,College,Female,61
36,68,74,High School,Male,70
11,70,95,College,Male,65
22,77,84,High School,Male,66
23,69,59,Postgraduate,Male,67
27,80,94,High School,Male,69
21,95,75,College,Male,69
22,88,60,High School,Male,67
18,83,76,High School,Female,66
22,64,60,High School,Male,63
18,88,68,High School,Female,67
24,67,90,College,Male,64
18,91,83,High School,Male,68
22,70,74,,Male,65
20,77,61,High School,Male,65
27,74,64,High School,Male,65
20,94,99,College,Female,70
9,65,67,High School,Female,62
28,83,81,High School,Male,68
15,66,75,College,Male,62
16,88,51,College,Female,68
16,96,97,College,Male,72
28,77,54,Postgraduate,Female,70
7,80,83,High School,Female,62
39,97,91,High School,Female,79
26,81,87,Postgraduate,Male,73
21,80,90,College,Male,68
20,83,87,High School,Male,68
22,88,72,High School,Female,69
23,64,95,College,Female,63
24,93,96,Postgraduate,Female,74
23,77,72,College,Female,69
21,63,74,High School,Female,61
19,91,74,Postgraduate,Female,69
19,75,64,High School,Female,64
19,64,56,Postgraduate,Female,63
27,85,63,College,Male,68
24,95,92,High School,Male,72
2,96,77,High School,Female,65
24,98,93,College,Male,69
21,95,87,High School,Male,70
20,60,67,Postgraduate,Female,63
18,75,59,High School,Female,62
27,93,78,Postgraduate,Female,72
26,75,97,High School,Male,69
15,84,92,High School,Female,66
22,84,88,Postgraduate,Male,71
14,75,88,College,Female,62
12,96,76,High School,Male,68
16,80,58,High School,Female,63
25,79,64,College,Female,66
26,100,79,College,Male,75
23,80,66,College,Female,69
24,67,89,High School,Female,68
23,81,69,High School,Male,69
16,93,56,High School,Male,67
23,91,89,Postgraduate,Male,73
25,92,85,College,Male,71
25,88,63,High School,Female,71
27,70,99,High School,Female,68
24,94,70,High School,Male,70
22,96,84,High School,Male,71
26,68,96,High School,Male,69
20,65,58,High School,Male,63
15,99,94,Postgraduate,Male,71
19,95,85,College,Male,69
16,96,58,Postgraduate,Male,71
16,95,83,High School,Female,68
19,82,94,High School,Female,68
15,86,90,Postgraduate,Male,66
18,82,88,College,Female,67
9,62,58,College,Female,59
21,90,60,College,Female,66
20,80,77,High School,Male,64
15,86,79,High School,Female,64
24,80,97,High School,Female,69
26,80,73,High School,Male,69
10,67,65,High School,Male,61
15,71,60,High School,Female,62
15,66,53,College,Female,61
14,68,53,College,Female,63
25,99,79,College,Female,71
19,66,59,Postgraduate,Female,65
18,71,93,College,Male,68
8,84,80,High School,Male,67
24,84,93,High School,Female,70
13,66,71,High School,Male,64
20,92,80,College,Male,71
22,91,76,College,Female,71
28,69,99,High School,Female,67
12,72,90,Postgraduate,Male,63
2,98,80,High School,Male,66
21,93,80,High School,Male,70
31,88,62,High School,Male,70
27,63,87,High School,Female,67
21,77,99,Postgraduate,Male,69
17,82,56,High School,Female,66
25,67,82,Postgraduate,Female,67
14,78,76,College,Female,65
23,84,93,Postgraduate,Male,72
23,73,50,College,Male,68
26,91,57,College,Male,72
37,94,52,Postgraduate,Male,76
22,73,58,College,Female,65
17,94,85,High School,Male,68
20,64,57,College,Female,65
9,94,81,High School,Male,66
16,66,93,High School,Male,63
18,63,52,Postgraduate,Female,63
17,86,51,Postgraduate,Male,66
21,79,99,High School,Male,69
15,96,84,Postgraduate,Male,72
27,75,57,High School,Male,66
20,71,65,High School,Female,64
20,80,99,High School,Male,67
18,78,61,High School,Male,67
21,74,88,College,Male,66
25,88,62,High School,Female,68
15,90,70,High School,Male,65
16,94,94,High School,Male,71
18,99,51,Postgraduate,Male,71
12,71,65,High School,Male,62
15,89,74,College,Male,69
17,76,81,High School,Male,65
25,87,51,Postgraduate,Male,70
22,79,71,College,Male,66
21,100,67,High School,Male,70
25,89,51,Postgraduate,Female,70
19,98,68,High School,Female,69
22,93,97,High School,Male,71
19,96,64,High School,Male,69
22,93,79,Postgraduate,Female,73
17,78,65,High School,Female,65
5,70,55,High School,Male,62
19,75,64,Postgraduate,Female,67
29,61,74,Postgraduate,Male,65
26,81,65,High School,Male,65
26,80,81,College,Female,70
27,81,97,College,Female,70
21,99,53,Postgraduate,Female,71
21,96,86,College,Male,71
16,66,50,High School,Male,62
18,75,50,Postgraduate,Female,65
24,77,57,College,Male,84
27,74,74,College,Male,68
19,92,52,High School,Male,70
17,81,86,Postgraduate,Male,68
20,83,51,Postgraduate,Male,67
24,94,75,High School,Female,69
11,92,84,High School,Female,68
6,65,62,High School,Male,59
17,89,79,College,Female,67
13,77,63,High School,Male,63
17,72,61,High School,Female,65
19,62,91,College,Male,63
17,79,67,High School,Female,64
29,74,91,College,Female,72
22,70,61,College,Male,63
22,88,68,High School,Male,66
24,91,55,College,Female,67
13,70,75,Postgraduate,Male,66
26,62,69,College,Female,66
20,94,50,Postgraduate,Female,68
24,60,73,Postgraduate,Male,66
14,97,54,College,Female,68
11,85,92,High School,Female,65
25,73,75,College,Female,67
22,70,85,High School,Male,64
15,60,91,College,Male,59
15,69,53,High School,Male,60
27,66,67,College,Female,65
13,84,51,High School,Female,64
30,67,52,High School,Female,66
15,81,52,Postgraduate,Male,65
24,84,74,High School,Male,69
18,72,73,High School,Female,66
24,61,53,College,Female,65
17,61,63,College,Female,62
19,61,62,High School,Female,60
20,90,65,College,Female,68
14,73,82,High School,Female,64
24,92,85,College,Female,73
17,77,67,College,Male,64
19,78,89,,Female,69
14,81,71,Postgraduate,Female,63
5,89,76,College,Male,65
19,71,57,High School,Male,65
34,65,62,High School,Male,67
25,82,86,High School,Male,67
20,73,99,High School,Male,66
18,78,85,Postgraduate,Male,68
20,86,53,High School,Male,65
23,80,57,Postgraduate,Male,66
13,85,72,College,Female,66
27,82,87,High School,Male,69
24,90,58,Postgraduate,Male,70
24,88,88,Postgraduate,Male,71
23,81,78,High School,Male,70
20,87,89,High School,Male,68
24,95,78,Postgraduate,Female,73
24,77,80,High School,Female,68
18,77,62,College,Male,66
17,91,86,Postgraduate,Female,67
21,83,92,High School,Male,66
29,63,94,Postgraduate,Female,69
13,96,51,Postgraduate,Female,67
11,61,81,High School,Male,61
21,90,99,College,Female,70
20,90,79,High School,Female,70
21,98,59,College,Female,70
21,62,94,College,Female,64
19,84,63,College,Female,65
29,77,52,College,Female,70
10,73,72,College,Female,62
15,64,55,College,Female,64
19,83,56,College,Female,67
10,79,73,High School,Female,63
19,64,81,High School,Male,62
30,84,95,College,Male,72
20,90,85,College,Male,69
21,91,92,High School,Male,72
12,96,71,College,Male,68
16,76,66,Postgraduate,Female,64
18,98,80,College,Female,72
18,95,85,College,Female,73
28,72,78,College,Male,67
23,66,63,College,Female,64
13,77,68,High School,Female,65
21,76,72,High School,Female,67
23,83,51,College,Male,68
27,83,94,High School,Male,72
29,90,76,High School,Female,71
14,80,88,High School,Male,66
15,64,59,High School,Female,59
12,94,78,High School,Female,68
19,72,96,High School,Female,64
23,99,61,High School,Female,70
26,65,67,High School,Female,65
20,98,69,College,Female,72
18,64,69,College,Male,66
21,69,80,College,Male,68
15,62,70,College,Male,62
33,88,84,High School,Male,70
10,94,74,College,Male,70
21,77,58,College,Male,64
32,97,97,College,Female,76
20,84,62,College,Male,67
19,85,78,College,Male,69
18,94,53,High School,Female,68
19,72,96,Postgraduate,Female,67
28,74,96,High School,Female,69
7,96,68,High School,Female,67
29,96,56,High School,Male,73
11,99,88,College,Male,71
18,96,63,Postgraduate,Male,70
17,65,85,,Male,65
24,93,96,Postgraduate,Male,73
10,76,80,Postgraduate,Female,65
23,100,93,Postgraduate,Male,73
32,79,61,College,Male,70
12,82,96,College,Male,66
21,81,61,High School,Female,66
16,73,61,High School,Male,64
23,63,94,Postgraduate,Male,68
20,96,78,High School,Male,70
16,92,90,High School,Male,72
23,66,90,High School,Male,66
31,91,82,High School,Male,74
19,85,59,College,Male,67
24,76,85,Postgraduate,Female,71
12,70,53,High School,Male,60
14,94,60,College,Female,68
23,88,82,College,Male,69
29,82,95,College,Male,74
22,84,89,High School,Male,71
18,64,67,College,Male,63
20,79,91,College,Male,66
12,68,98,High School,Male,65
24,68,67,High School,Female,60
25,86,59,High School,Female,69
17,96,60,College,Female,69
17,76,70,Postgraduate,Male,67
22,68,53,High School,Female,65
17,86,74,College,Male,70
20,95,87,Postgraduate,Female,71
33,90,77,Postgraduate,Male,73
19,95,99,Postgraduate,Male,70
18,81,73,High School,Female,67
16,90,51,High School,Female,67
24,66,74,College,Male,65
19,74,96,College,Male,69
16,76,55,Postgraduate,Male,65
28,80,61,College,Female,68
29,97,86,College,Female,74
16,95,65,College,Female,68
9,65,88,College,Male,61
26,67,71,Postgraduate,Male,67
16,74,90,High School,Female,66
25,72,78,High School,Male,69
8,85,54,High School,Male,62
25,96,69,High School,Male,71
13,98,67,Postgraduate,Female,71
24,86,91,College,Female,72
20,94,81,High School,Female,69
14,81,89,College,Female,67
18,68,69,High School,Female,63
24,81,85,College,Male,68
21,82,53,Postgraduate,Male,69
24,90,52,College,Female,65
32,69,64,Postgraduate,Female,70
11,75,89,College,Male,65
30,75,77,High School,Male,67
21,98,70,College,Male,72
15,78,95,High School,Male,69
12,90,75,Postgraduate,Male,69
19,90,81,College,Female,71
26,71,99,High School,Male,67
19,83,76,Postgraduate,Female,65
29,96,89,High School,Female,70
11,79,71,College,Female,63
20,98,52,College,Male,71
12,69,92,College,Female,64
22,63,97,High School,Male,69
25,96,72,High School,Male,69
17,94,75,Postgraduate,Male,70
4,100,71,High School,Female,64
21,87,100,High School,Male,70
23,97,95,Postgraduate,Female,74
22,93,52,College,Female,69
27,94,89,College,Female,73
14,83,80,College,Female,66
24,75,51,High School,Male,67
27,97,72,College,Female,76
9,77,57,High School,Male,61
22,82,94,High School,Female,68
17,78,51,High School,Male,63
20,83,94,High School,Male,67
22,79,97,High School,Male,66
17,62,54,College,Male,62
16,95,86,High School,Male,69
20,78,77,High School,Male,67
13,84,98,College,Female,66
13,66,90,High School,Male,63
24,60,85,Postgraduate,Male,64
13,70,96,Postgraduate,Male,64
24,88,58,High School,Male,67
23,64,69,High School,Male,66
10,96,92,High School,Female,68
16,69,55,High School,Male,62
27,68,97,College,Male,68
14,67,87,High School,Male,63
17,61,72,High School,Male,62
23,91,67,College,Male,72
25,95,57,High School,Female,69
18,85,55,High School,Male,67
16,68,71,High School,Male,65
29,71,92,High School,Female,69
30,79,77,High School,Male,72
26,98,73,High School,Female,70
21,70,66,College,Male,91
15,89,58,High School,Male,65
15,78,100,High School,Female,62
23,72,51,College,Male,65
23,78,66,College,Female,67
28,63,88,High School,Male,67
24,92,76,High School,Female,72
11,70,66,High School,Female,60
26,89,100,High School,Female,69
14,63,81,High School,Female,61
18,98,65,Postgraduate,Female,70
22,68,92,High School,Male,68
32,95,58,High School,Male,75
39,92,73,Postgraduate,Male,75
24,99,92,High School,Male,72
19,79,99,College,Female,66
23,89,69,High School,Male,71
25,75,57,College,Male,70
18,67,78,High School,Female,63
31,78,97,High School,Male,72
21,67,83,High School,Male,65
23,99,80,High School,Male,71
24,64,65,College,Female,65
23,84,80,College,Female,69
25,85,94,High School,Male,71
16,82,69,College,Male,68
17,86,62,High School,Female,66
13,65,74,High School,Male,60
23,82,69,High School,Female,68
25,71,73,High School,Female,67
23,98,55,High School,Male,71
30,90,67,High School,Male,74
20,99,91,High School,Male,70
24,62,70,College,Female,63
13,71,98,College,Male,64
18,68,85,High School,Male,66
24,60,68,Postgraduate,Female,64
25,70,63,College,Male,69
18,87,84,Postgraduate,Male,71
20,69,65,High School,Female,64
11,80,96,High School,Male,65
18,96,56,College,Female,69
25,88,51,High School,Female,68
23,76,61,High School,Male,68
23,75,80,High School,Female,68
20,78,92,High School,Male,65
20,67,59,College,Female,65
16,85,79,College,Male,66
24,75,57,Postgraduate,Male,66
23,94,78,High School,Male,71
23,90,51,High School,Male,68
17,84,78,College,Female,65
7,75,76,College,Female,63
27,68,52,Postgraduate,Female,66
17,91,84,College,Male,71
15,79,79,College,Male,65
24,69,81,High School,Female,68
18,68,76,Postgraduate,Male,66
26,67,86,High School,Female,64
24,91,76,College,Female,70
24,69,96,College,Male,70
12,81,97,High School,Female,66
27,78,86,High School,Female,70
22,83,96,College,Female,71
18,95,96,High School,Male,70
21,95,63,Postgraduate,Male,70
9,78,100,High School,Male,66
22,61,63,Postgraduate,Male,64
14,77,51,College,Male,66
12,84,98,High School,Female,68
11,82,61,High School,Female,61
27,86,79,College,Male,72
16,66,99,High School,Male,66
29,86,52,College,Female,68
17,67,63,College,Male,61
10,90,80,High School,Female,67
13,74,88,College,Female,66
27,88,90,Postgraduate,Female,74
19,62,94,Postgraduate,Female,66
17,76,58,Postgraduate,Female,67
21,88,69,College,Male,71
23,69,86,College,Male,66
27,92,86,High School,Male,71
29,85,65,Postgraduate,Male,72
18,84,65,High School,Female,66
12,74,66,High School,Male,62
18,79,95,High School,Female,66
22,84,95,High School,Male,69
14,79,51,,Male,64
14,88,66,High School,Female,69
22,77,70,Postgraduate,Male,69
20,68,99,College,Female,64
20,69,97,College,Female,68
15,60,81,High School,Male,63
19,72,52,High School,Male,64
14,90,60,Postgraduate,Male,69
25,92,72,High School,Female,71
26,68,98,College,Female,67
9,98,55,High School,Male,67
14,80,90,College,Female,66
11,97,60,High School,Male,67
16,88,75,Postgraduate,Female,68
19,89,88,High School,Female,69
11,63,85,High School,Female,62
14,69,89,High School,Female,66
14,60,91,Postgraduate,Male,63
21,89,65,College,Female,67
20,74,68,High School,Male,68
16,91,91,High School,Female,66
21,74,52,High School,Male,66
17,93,76,High School,Female,67
18,65,96,High School,Female,66
30,67,94,College,Female,69
28,74,90,Postgraduate,Male,72
12,76,51,High School,Female,60
25,74,94,High School,Female,68
25,91,96,High School,Female,72
13,64,83,High School,Male,64
25,74,65,High School,Male,65
29,93,74,High School,Male,76
13,63,88,High School,Male,59
14,98,91,High School,Male,67
26,99,67,High School,Male,73
22,64,66,College,Male,64
23,72,87,High School,Male,67
22,75,84,College,Male,69
22,91,76,College,Female,69
12,84,71,College,Male,67
26,86,83,High School,Male,72
27,90,52,College,Male,86
19,65,54,High School,Female,62
20,93,79,Postgraduate,Female,69
11,88,61,Postgraduate,Male,68
23,83,89,High School,Male,99
23,96,89,College,Female,70
20,88,85,High School,Male,68
27,68,95,High School,Male,67
18,77,57,Postgraduate,Male,66
23,80,63,High School,Male,66
14,62,63,College,Female,62
20,98,89,College,Male,72
19,65,76,Postgraduate,Female,64
21,88,63,High School,Female,68
18,80,57,Postgraduate,Female,66
19,61,95,College,Male,68
25,97,85,Postgraduate,Male,75
17,94,76,College,Male,67
10,81,98,College,Male,65
30,69,92,High School,Female,68
28,65,59,High School,Male,67
12,75,75,College,Female,63
24,70,74,High School,Male,67
17,80,92,Postgraduate,Female,67
22,99,57,College,Female,73
22,83,73,High School,Male,67
19,96,82,Postgraduate,Male,71
15,86,97,High School,Male,67
16,79,95,College,Male,68
15,94,77,College,Male,68
15,79,80,High School,Male,66
20,95,93,High School,Male,68
16,72,87,High School,Female,63
24,65,94,Postgraduate,Male,68
29,94,95,High School,Male,74
17,83,92,,Male,65
21,96,50,Postgraduate,Male,69
23,98,66,High School,Male,70
23,62,70,College,Female,65
20,80,84,College,Male,68
24,75,65,College,Male,65
23,85,66,College,Male,68
13,92,70,High School,Male,68
25,71,98,Postgraduate,Male,66
25,82,72,College,Female,70
15,88,57,High School,Male,66
20,65,50,High School,Male,64
24,93,62,College,Female,70
19,84,97,High School,Male,68
26,98,98,College,Male,74
34,74,76,College,Female,71
15,64,82,High School,Male,61
12,80,90,High School,Female,64
22,63,53,Postgraduate,Male,64
24,99,69,High School,Male,73
19,62,82,College,Male,62
29,90,95,High School,Male,71
12,81,86,Postgraduate,Male,68
24,75,68,Postgraduate,Male,67
16,63,95,College,Female,63
30,85,83,College,Female,71
32,83,92,High School,Male,72
15,71,69,Postgraduate,Female,66
17,96,50,High School,Female,67
25,72,58,College,Female,66
18,78,96,College,Male,68
20,82,52,College,Female,64
20,64,80,High School,Male,65
8,97,70,High School,Male,66
20,75,71,College,Male,69
16,63,70,College,Female,64
17,75,53,College,Female,65
29,84,56,Postgraduate,Female,72
12,81,53,College,Male,65
25,88,53,College,Female,70
18,62,54,Postgraduate,Male,64
18,71,85,High School,Male,62
25,93,56,High School,Male,69
22,63,63,Postgraduate,Male,62
23,94,83,High School,Female,69
26,64,56,High School,Male,66
18,93,96,High School,Female,71
16,74,74,High School,Male,66
13,84,98,High School,Male,64
15,66,60,High School,Female,63
38,63,52,College,Male,69
27,69,80,High School,Female,68
12,65,66,High School,Female,63
12,72,79,College,Male,64
23,81,74,Postgraduate,Female,66
23,84,73,High School,Male,71
23,92,93,High School,Female,72
18,86,60,College,Male,88
19,84,75,College,Male,66
22,76,71,High School,Male,65
21,79,84,High School,Male,66
7,77,53,College,Female,62
19,94,76,High School,Female,68
15,69,74,Postgraduate,Female,65
21,60,99,High School,Male,62
38,86,88,High School,Female,74
22,68,58,Postgraduate,Male,64
18,96,75,,Male,72
26,94,89,High School,Female,70
23,63,76,High School,Male,65
23,64,68,High School,Female,66
24,80,69,College,Male,67
32,84,68,High School,Male,73
13,71,51,College,Female,65
23,89,87,College,Female,74
14,84,81,College,Female,66
23,73,63,High School,Male,67
14,61,82,High School,Female,58
17,90,65,Postgraduate,Male,71
18,69,62,High School,Male,63
26,93,87,College,Female,73
26,77,90,High School,Female,68
13,83,81,College,Female,66
20,95,89,High School,Male,68
16,95,68,High School,Female,66
12,75,54,High School,Female,62
19,68,80,High School,Male,78
18,91,63,College,Male,68
35,77,89,College,Female,77
23,68,68,College,Male,65
12,96,84,Postgraduate,Female,73
17,68,78,College,Male,64
26,61,91,College,Female,67
33,61,92,High School,Female,69
10,85,53,High School,Male,60
9,86,65,College,Female,66
31,72,94,High School,Male,70
22,73,70,College,Male,66
15,74,76,High School,Male,64
23,87,59,College,Male,70
4,62,78,High School,Female,58
20,97,63,College,Female,69
22,69,91,High School,Male,64
26,100,60,High School,Male,72
14,67,68,High School,Male,60
21,91,55,High School,Female,70
14,69,79,Postgraduate,Female,62
22,63,97,High School,Female,66
15,95,59,High School,Female,66
18,94,51,College,Male,65
14,76,71,High School,Male,64
24,88,87,High School,Female,72
25,82,99,High School,Female,71
19,94,53,High School,Female,68
20,73,89,High School,Female,68
11,81,68,Postgraduate,Female,64
18,79,58,High School,Female,65
20,74,60,High School,Female,64
36,96,96,College,Female,75
13,67,90,High School,Male,61
29,66,66,Postgraduate,Male,68
26,83,97,College,Male,70
22,86,55,Postgraduate,Female,71
31,68,66,High School,Male,66
22,76,83,College,Male,66
22,98,100,High School,Male,70
20,70,73,High School,Female,62
27,87,91,High School,Male,72
27,90,96,High School,Male,72
16,78,50,College,Male,63
12,98,64,College,Female,69
19,89,55,Postgraduate,Male,68
15,78,89,High School,Male,67
20,83,78,College,Female,71
27,88,55,High School,Male,67
17,84,71,High School,Male,62
20,95,76,High School,Female,69
20,74,85,High School,Male,67
25,72,89,Postgraduate,Female,71
7,69,54,High School,Male,87
16,62,74,High School,Male,62
21,62,58,College,Female,64
27,95,88,High School,Female,74
17,87,83,College,Male,69
9,86,86,High School,Male,65
24,85,54,College,Female,66
16,94,76,Postgraduate,Female,70
13,79,92,High School,Male,68
16,95,86,College,Female,70
19,74,93,High School,Male,68
16,97,60,High School,Male,69
7,88,64,Postgraduate,Male,66
25,70,72,College,Male,65
28,83,76,College,Male,71
24,81,63,High School,Male,66
13,66,69,High School,Male,61
19,84,84,Postgraduate,Male,69
20,73,82,College,Male,65
24,62,56,College,Male,63
24,98,99,Postgraduate,Female,73
16,86,78,Postgraduate,Male,68
20,95,74,High School,Female,70
23,87,98,College,Male,72
29,74,57,High School,Male,68
24,81,77,High School,Male,68
25,87,90,High School,Female,71
21,98,70,High School,Male,68
28,70,87,Postgraduate,Male,70
22,95,95,High School,Female,70
15,97,63,High School,Female,69
28,87,62,High School,Female,73
24,97,68,College,Male,72
17,76,71,Postgraduate,Male,67
17,98,56,High School,Female,69
22,88,62,College,Male,68
23,62,94,Postgraduate,Female,64
21,96,78,High School,Female,71
22,79,63,High School,Female,68
30,78,97,High School,Male,70
26,83,89,High School,Male,72
21,66,68,High School,Female,65
26,79,88,College,Male,70
14,93,80,Postgraduate,Male,69
22,61,84,Postgraduate,Male,64
31,71,66,High School,Male,67
19,60,60,College,Male,65
15,77,63,High School,Female,62
16,89,54,College,Male,68
13,92,74,College,Male,68
15,98,70,High School,Male,68
18,84,50,Postgraduate,Male,68
12,70,93,High School,Female,62
20,97,84,High School,Female,72
25,91,72,College,Male,69
15,83,98,High School,Female,68
29,88,97,College,Male,71
23,97,55,High School,Female,69
26,88,81,High School,Male,71
16,75,91,High School,Male,65
25,89,59,High School,Male,68
13,62,56,High School,Female,60
25,75,63,High School,Male,68
21,76,64,High School,Female,66
23,67,98,High School,Male,66
13,61,89,High School,Female,62
15,65,53,College,Male,61
24,86,89,Postgraduate,Female,69
14,92,58,High School,Male,69
23,100,68,Postgraduate,Male,74
12,74,66,High School,Female,62
25,84,64,College,Female,67
13,97,65,High School,Female,69
23,67,88,High School,Male,66
24,89,63,College,Male,72
16,90,90,High School,Male,69
23,64,55,High School,Male,65
22,94,80,Postgraduate,Male,72
17,93,93,High School,Male,69
14,61,54,High School,Female,60
8,64,82,Postgraduate,Female,61
22,62,76,High School,Male,63
11,73,67,Postgraduate,Male,63
21,80,55,Postgraduate,Male,68
18,81,84,College,Female,68
24,71,65,High School,Male,65
18,96,67,High School,Female,71
18,75,86,High School,Male,64
24,62,97,Postgraduate,Male,65
22,72,67,College,Female,67
22,81,87,High School,Female,67
23,76,98,College,Male,67
11,71,55,College,Female,87
25,65,76,High School,Female,67
24,93,51,High School,Male,72
14,100,91,High School,Female,69
19,73,64,College,Female,65
20,75,67,High School,Female,66
19,85,84,Postgraduate,Male,70
22,89,89,High School,Male,71
29,76,70,College,Female,67
26,96,83,High School,Male,72
12,82,98,High School,Male,63
24,78,94,High School,Female,67
28,86,85,High School,Male,72
22,98,97,Postgraduate,Female,72
27,92,94,College,Female,70
32,62,86,High School,Female,67
26,73,96,High School,Female,68
21,79,91,High School,Male,67
26,73,75,College,Male,70
21,88,75,Postgraduate,Female,67
20,93,50,College,Male,71
18,89,52,Postgraduate,Female,69
29,100,87,College,Female,74
15,71,78,High School,Male,63
29,95,88,High School,Female,72
23,91,97,College,Male,71
12,74,73,High School,Male,64
22,89,54,High School,Female,69
7,64,81,Postgraduate,Female,62
24,92,55,College,Male,69
25,81,81,High School,Male,68
16,72,76,High School,Male,67
21,86,86,Postgraduate,Male,71
32,86,68,High School,Male,70
17,68,57,High School,Male,63
14,61,62,College,Female,60
29,77,84,College,Female,69
32,83,74,College,Male,71
20,95,77,High School,Male,69
26,97,66,College,Female,73
28,81,92,College,Female,73
16,90,100,High School,Female,68
17,78,66,College,Male,67
27,90,86,College,Male,74
30,68,59,College,Male,68
23,75,87,College,Female,69
15,85,72,College,Male,69
32,61,80,College,Female,68
17,89,62,High School,Male,66
18,93,93,Postgraduate,Male,69
22,76,59,College,Female,66
29,78,96,College,Male,72
25,94,53,,Female,69
22,91,64,High School,Male,68
23,72,78,High School,Male,66
20,73,93,High School,Male,65
23,87,79,Postgraduate,Male,71
5,83,61,High School,Male,61
18,66,93,College,Female,63
21,72,80,High School,Female,66
13,96,62,Postgraduate,Male,69
22,88,78,High School,Male,71
19,99,84,High School,Female,73
31,91,84,High School,Male,72
29,98,86,High School,Male,73
17,69,95,High School,Male,65
19,91,91,High School,Female,71
20,61,80,High School,Male,65
17,87,52,College,Male,67
21,79,87,Postgraduate,Male,69
15,74,99,College,Male,63
13,94,65,Postgraduate,Male,68
24,94,80,High School,Female,70
24,61,88,High School,Female,64
15,84,82,High School,Male,64
25,75,96,College,Male,68
16,77,74,College,Female,65
22,93,77,High School,Female,70
25,72,52,Postgraduate,Male,66
20,98,95,High School,Female,70
23,67,63,High School,Male,66
17,87,99,Postgraduate,Male,69
19,87,60,High School,Male,69
19,70,63,College,Female,64
16,73,74,High School,Male,64
19,93,83,High School,Female,69
11,90,72,High School,Female,67
17,73,68,College,Female,63
18,81,77,College,Male,67
18,62,98,College,Male,65
19,68,98,High School,Female,64
20,79,66,College,Female,68
23,63,84,High School,Female,64
25,94,86,College,Male,70
16,89,83,Postgraduate,Male,70
13,98,56,College,Female,67
14,88,77,College,Male,69
17,98,88,High School,Male,70
18,82,60,College,Male,69
15,84,67,College,Male,65
12,99,60,High School,Male,66
17,86,94,High School,Male,70
21,61,93,High School,Male,63
24,89,58,High School,Female,69
17,96,88,Postgraduate,Male,74
18,92,68,High School,Male,70
14,83,84,High School,Female,66
20,87,75,Postgraduate,Male,68
15,100,74,High School,Male,67
23,64,94,High School,Female,66
9,87,82,College,Female,65
18,71,62,College,Male,66
22,86,56,High School,Male,69
21,84,97,High School,Female,67
36,66,58,College,Male,69
22,68,87,Postgraduate,Female,66
14,85,75,High School,Female,64
19,65,57,High School,Female,61
9,71,89,High School,Male,61
20,93,95,College,Male,70
15,73,56,Postgraduate,Female,65
25,80,53,College,Male,67
17,98,92,College,Male,69
19,69,75,High School,Female,63
16,76,84,High School,Male,66
30,84,72,High School,Male,73
18,90,71,High School,Female,68
31,96,65,High School,Male,74
25,97,78,High School,Male,70
23,91,58,High School,Male,68
22,69,86,High School,Female,67
22,61,77,Postgraduate,Male,65
8,75,92,High School,Male,66
18,66,96,High School,Female,64
25,88,95,High School,Female,72
20,86,80,College,Male,70
12,62,66,College,Female,60
20,93,68,High School,Male,68
30,70,83,Postgraduate,Female,71
27,77,86,High School,Male,68
20,87,58,Postgraduate,Male,67
26,77,100,High School,Female,70
18,78,55,High School,Male,65
10,63,80,College,Male,60
14,76,77,College,Male,65
29,91,80,High School,Female,70
18,97,77,Postgraduate,Male,69
19,77,53,High School,Male,64
18,77,100,High School,Male,67
31,88,99,Postgraduate,Male,73
30,98,76,College,Male,74
33,71,60,High School,Male,67
19,78,59,High School,Male,66
22,92,53,High School,Male,69
11,84,81,High School,Female,64
29,64,74,Postgraduate,Female,69
13,85,71,High School,Female,66
21,67,76,High School,Male,65
13,80,94,High School,Female,67
16,81,54,Postgraduate,Male,67
15,95,77,High School,Female,68
16,78,85,High School,Male,65
17,71,99,Postgraduate,Male,66
17,69,87,College,Male,65
25,95,77,Postgraduate,Male,71
13,67,88,College,Female,63
21,77,100,College,Female,70
27,67,94,College,Female,70
17,91,54,College,Female,67
16,79,79,High School,Male,68
19,74,89,High School,Male,63
27,74,84,College,Female,70
21,94,71,Postgraduate,Male,69
17,82,66,High School,Female,66
23,89,81,Postgraduate,Male,70
13,96,71,High School,Male,68
24,96,70,High School,Female,70
22,73,92,Postgraduate,Male,67
18,98,66,Postgraduate,Male,69
15,61,82,Postgraduate,Male,64
15,75,94,High School,Female,62
23,96,81,Postgraduate,Male,71
27,71,75,High School,Male,69
16,71,52,High School,Male,62
23,72,84,High School,Male,66
7,84,100,High School,Male,64
16,78,90,Postgraduate,Male,66
20,89,82,College,Female,72
15,96,73,College,Female,71
14,87,61,High School,Male,65
16,68,85,College,Female,65
22,97,59,High School,Male,70
19,71,94,High School,Male,68
7,66,68,College,Male,57
7,64,70,High School,Male,59
16,83,61,College,Male,64
23,65,74,College,Male,67
4,66,84,Postgraduate,Female,60
17,72,65,Postgraduate,Male,67
17,71,85,College,Female,65
28,84,81,College,Male,71
18,93,69,College,Male,67
22,90,66,Postgraduate,Male,69
21,70,93,College,Male,68
7,70,51,High School,Female,59
25,99,86,College,Female,75
21,60,71,High School,Male,59
23,95,86,High School,Female,71
44,68,75,High School,Female,71
7,98,54,High School,Female,66
30,74,99,High School,Male,69
18,78,54,College,Female,65
22,88,58,College,Male,68
20,84,71,High School,Female,68
17,73,97,High School,Male,67
17,82,65,High School,Male,68
22,89,78,,Male,68
11,62,76,High School,Male,88
25,60,67,College,Female,66
18,78,85,College,Male,67
13,65,75,High School,Male,63
17,87,79,High School,Female,68
28,69,61,High School,Male,65
17,77,96,College,Male,67
22,68,56,Postgraduate,Male,67
16,82,85,High School,Male,67
25,65,94,High School,Male,64
24,61,54,,Male,61
31,62,51,College,Female,65
19,98,67,High School,Female,70
24,66,89,College,Male,67
21,88,86,High School,Male,68
28,63,91,High School,Male,65
16,64,70,High School,Female,63
24,80,100,Postgraduate,Male,72
19,79,68,College,Female,68
20,98,90,,Male,73
21,98,68,College,Female,71
22,91,61,Postgraduate,Male,70
19,84,67,Postgraduate,Female,68
21,78,60,High School,Male,68
29,74,56,Postgraduate,Female,68
26,98,68,Postgraduate,Male,71
25,84,57,College,Male,70
17,83,75,High School,Male,67
15,69,52,College,Female,61
26,62,72,College,Female,64
25,98,98,Postgraduate,Male,72
29,73,68,High School,Male,67
16,78,57,College,Male,65
19,65,65,College,Female,64
10,93,90,High School,Female,66
18,61,66,High School,Female,62
26,93,69,High School,Male,70
17,66,89,High School,Female,64
24,95,63,High School,Female,70
19,89,74,High School,Female,66
22,67,53,High School,Male,62
13,83,59,High School,Female,63
21,73,60,College,Male,66
2,67,73,College,Male,58
19,94,91,High School,Male,70
10,76,68,College,Male,63
27,76,69,,Male,70
25,67,65,High School,Male,65
23,75,66,High School,Male,67
29,95,70,Postgraduate,Female,73
14,75,95,College,Male,82
30,98,51,High School,Male,71
26,98,81,Postgraduate,Male,73
19,66,94,High School,Female,65
27,67,71,High School,Female,67
13,95,83,College,Male,67
15,76,79,Postgraduate,Female,69
16,60,67,High School,Male,61
17,71,57,High School,Female,64
14,84,61,College,Male,64
27,92,53,College,Male,68
18,65,88,College,Male,62
22,64,77,High School,Male,66
17,97,89,College,Male,70
9,90,65,High School,Female,67
22,84,90,College,Female,70
9,91,65,High School,Male,65
20,77,56,College,Male,65
12,90,77,Postgraduate,Male,70
32,75,97,College,Male,72
25,70,71,College,Female,65
21,89,76,High School,Male,71
28,77,73,College,Female,71
15,99,73,Postgraduate,Male,72
23,74,61,Postgraduate,Male,64
21,97,71,College,Male,72
22,97,75,Postgraduate,Male,71
28,70,87,High School,Male,66
24,92,57,College,Female,71
22,77,79,High School,Male,67
10,97,83,Postgraduate,Male,69
14,78,69,College,Female,67
19,90,77,Postgraduate,Male,71
21,79,86,High School,Female,66
13,69,73,High School,Male,62
34,68,67,High School,Male,67
29,77,91,Postgraduate,Female,70
24,90,99,College,Female,72
20,84,61,High School,Male,69
19,88,94,High School,Male,70
14,71,77,High School,Female,64
20,79,72,High School,Male,65
22,62,95,High School,Male,66
13,93,96,High School,Female,68
22,100,64,College,Female,72
19,76,68,High School,Female,65
9,60,93,High School,Female,60
15,67,75,Postgraduate,Female,63
18,86,64,High School,Female,66
31,84,98,Postgraduate,Female,73
23,92,61,College,Male,71
12,70,81,High School,Male,59
23,91,71,High School,Female,70
11,88,73,College,Female,63
26,73,55,Postgraduate,Male,67
17,82,63,College,Male,65
19,66,58,College,Female,64
28,78,87,Postgraduate,Male,71
12,95,85,College,Male,70
12,77,90,High School,Female,63
16,94,85,High School,Female,68
26,84,56,College,Female,67
11,68,99,Postgraduate,Female,66
3,83,59,High School,Male,63
17,80,68,College,Female,65
23,76,85,High School,Male,66
27,65,57,Postgraduate,Female,65
17,77,59,High School,Male,65
18,63,94,High School,Male,63
27,64,67,High School,Male,65
9,77,83,High School,Male,62
18,72,93,College,Female,66
21,97,99,Postgraduate,Female,71
23,75,61,High School,Female,64
17,90,56,College,Female,67
20,81,87,High School,Male,68
5,88,59,College,Female,63
16,70,79,College,Female,64
23,98,77,Postgraduate,Female,74
14,81,78,Postgraduate,Male,68
20,93,82,High School,Female,68
23,75,93,Postgraduate,Female,69
18,64,64,High School,Male,61
21,87,78,High School,Female,69
14,60,67,High School,Female,61
19,79,66,High School,Male,67
24,68,51,High School,Female,63
21,85,80,College,Female,68
16,99,99,College,Female,68
21,79,88,High School,Male,67
24,93,62,College,Female,69
8,80,86,High School,Male,64
27,80,65,Postgraduate,Male,67
18,97,88,High School,Female,70
23,96,93,High School,Female,72
27,91,67,High School,Female,71
12,72,50,College,Male,62
16,82,65,Postgraduate,Male,67
18,69,60,College,Female,64
15,78,81,High School,Male,64
30,79,65,Postgraduate,Female,70
15,93,52,College,Female,68
17,96,77,Postgraduate,Female,70
21,77,94,High School,Male,65
13,61,73,High School,Female,59
18,94,69,High School,Female,69
22,67,59,Postgraduate,Male,67
18,85,69,High School,Male,68
19,61,67,College,Male,62
17,76,100,High School,Male,65
11,99,52,College,Female,69
22,64,62,Postgraduate,Female,65
31,77,53,High School,Female,68
20,72,93,High School,Male,68
21,96,71,High School,Female,71
24,95,90,High School,Male,71
12,70,85,Postgraduate,Female,66
30,63,96,Postgraduate,Female,71
21,85,51,College,Female,66
30,73,60,High School,Female,66
16,87,85,High School,Female,69
31,61,79,High School,Female,65
25,65,85,Postgraduate,Female,66
23,87,79,High School,Male,67
21,68,79,Postgraduate,Female,66
19,94,97,High School,Female,69
27,62,96,High School,Male,66
21,69,52,Postgraduate,Male,64
8,100,71,Postgraduate,Female,70
13,77,76,College,Male,62
19,88,68,High School,Male,67
22,67,52,College,Female,60
20,84,74,Postgraduate,Female,66
27,89,99,High School,Female,72
8,73,54,High School,Male,63
21,93,91,Postgraduate,Male,69
9,84,60,College,Male,66
25,76,79,College,Male,69
19,82,69,College,Male,68
23,83,67,High School,Female,66
15,67,94,Postgraduate,Male,63
28,76,99,High School,Male,70
26,74,69,Postgraduate,Male,68
24,76,82,College,Male,68
19,90,78,High School,Male,67
23,79,54,High School,Male,67
16,98,52,College,Female,69
25,72,89,High School,Male,68
30,77,70,High School,Male,67
26,91,65,High School,Male,70
16,82,99,Postgraduate,Male,70
22,82,54,College,Male,66
12,62,63,High School,Male,61
23,76,93,College,Male,68
23,71,71,Postgraduate,Female,64
9,100,79,Postgraduate,Male,66
13,72,52,High School,Male,65
18,95,96,Postgraduate,Male,73
18,87,57,High School,Male,66
13,74,61,High School,Male,65
22,82,58,College,Male,68
22,94,75,High School,Male,69
19,95,91,College,Male,72
15,66,63,High School,Male,63
26,74,57,High School,Male,65
30,73,70,College,Male,69
17,62,99,High School,Female,62
16,84,51,Postgraduate,Female,66
23,94,75,Postgraduate,Female,69
18,75,83,Postgraduate,Female,67
19,90,90,College,Female,94
24,85,87,High School,Female,71
9,75,54,High School,Female,61
28,66,73,College,Male,68
20,88,54,High School,Male,66
18,94,81,High School,Female,71
19,87,54,High School,Female,66
20,61,52,Postgraduate,Male,60
10,69,65,High School,Female,60
29,63,97,High School,Male,66
20,83,85,College,Male,67
23,90,50,High School,Male,67
26,64,64,High School,Male,64
14,94,51,College,Male,66
23,82,65,High School,Female,68
18,88,84,Postgraduate,Female,70
25,99,88,College,Female,75
7,63,90,High School,Male,86
19,96,95,College,Female,73
16,65,68,High School,Male,61
23,76,93,High School,Male,68
23,94,86,College,Female,70
16,96,77,High School,Male,71
16,80,98,Postgraduate,Male,71
19,84,97,College,Male,68
15,88,95,High School,Female,70
25,93,60,College,Male,70
18,65,60,High School,Female,62
3,92,95,Postgraduate,Female,67
18,79,70,College,Female,68
14,78,90,Postgraduate,Female,68
10,77,84,High School,Male,64
13,80,88,Postgraduate,Male,68
21,98,51,High School,Male,69
28,82,71,High School,Male,70
22,98,93,High School,Female,73
16,67,74,Postgraduate,Male,66
23,89,85,Postgraduate,Male,68
17,92,88,High School,Female,68
16,87,56,Postgraduate,Female,65
13,84,58,Postgraduate,Female,66
9,83,86,College,Female,62
18,94,53,High School,Female,67
21,93,67,Postgraduate,Female,73
19,65,96,Postgraduate,Male,65
18,94,79,High School,Female,70
14,77,96,Postgraduate,Male,68
24,70,65,High School,Male,67
12,95,82,High School,Male,66
25,77,64,College,Female,65
14,92,56,High School,Female,66
15,71,100,High School,Male,66
11,60,59,College,Male,60
17,80,59,College,Female,66
26,64,92,College,Female,68
23,90,90,High School,Male,72
26,71,99,College,Male,68
23,78,54,Postgraduate,Female,67
13,63,55,Postgraduate,Male,62
18,71,72,College,Female,66
15,91,80,Postgraduate,Male,69
28,66,52,High School,Male,64
13,86,58,High School,Male,63
25,97,85,,Male,74
25,87,83,College,Male,72
31,92,54,College,Male,71
18,64,97,High School,Female,64
24,70,63,High School,Male,65
34,96,94,High School,Female,75
16,89,96,College,Male,69
11,86,75,Postgraduate,Female,65
9,87,71,College,Male,60
24,77,64,High School,Male,69
9,62,90,College,Male,65
18,91,60,High School,Male,67
23,87,81,High School,Female,70
21,79,78,College,Female,66
23,96,62,High School,Female,69
21,73,99,Postgraduate,Male,69
28,72,92,High School,Female,68
14,95,51,College,Female,70
16,92,71,High School,Female,66
15,81,68,High School,Female,65
25,65,94,College,Male,65
25,69,63,High School,Male,65
23,86,100,Postgraduate,Male,69
27,75,60,Postgraduate,Female,69
13,93,62,High School,Male,65
30,98,83,High School,Female,76
29,92,58,College,Male,72
24,75,94,High School,Male,67
31,92,55,High School,Male,74
10,74,99,College,Male,66
17,67,94,High School,Female,66
16,61,92,High School,Male,66
24,75,70,College,Female,71
14,96,76,High School,Male,66
25,70,73,Postgraduate,Male,65
28,68,99,High School,Female,69
24,99,52,High School,Male,69
22,61,69,,Female,63
14,91,98,High School,Female,68
15,73,68,,Female,64
27,61,70,College,Male,64
25,97,82,College,Male,73
20,66,95,High School,Female,66
17,82,65,High School,Female,67
8,71,97,High School,Female,63
14,63,64,High School,Male,61
31,62,91,High School,Male,71
12,65,64,College,Female,61
21,63,54,College,Female,62
26,90,91,High School,Male,74
12,79,73,High School,Male,65
21,74,70,High School,Female,64
26,77,71,Postgraduate,Male,66
20,97,81,High School,Male,72
37,96,63,High School,Male,76
10,89,62,Postgraduate,Male,67
26,95,74,High School,Female,71
19,73,52,High School,Male,65
25,75,82,Postgraduate,Male,68
23,85,91,High School,Male,68
16,85,86,High School,Male,67
21,79,73,High School,Female,64
9,76,78,Postgraduate,Male,60
24,99,51,,Male,70
22,93,96,College,Male,73
24,77,78,High School,Male,69
26,89,66,College,Male,70
22,71,65,College,Male,64
21,64,83,High School,Female,64
15,74,79,College,Male,65
16,76,59,College,Female,62
27,61,70,High School,Male,64
29,93,84,College,Male,72
19,74,65,High School,Male,64
20,83,75,High School,Female,67
15,63,63,College,Male,64
27,67,54,High School,Male,61
24,96,69,High School,Male,72
32,84,87,High School,Male,70
15,98,61,High School,Female,70
18,100,88,College,Male,71
21,75,83,College,Female,68
24,72,75,College,Female,68
19,94,99,High School,Male,70
15,100,94,College,Male,73
25,85,78,High School,Female,69
24,92,78,High School,Male,71
15,91,64,High School,Male,64
28,74,96,High School,Female,68
27,83,95,High School,Female,69
21,93,87,High School,Female,70
20,88,56,,Female,67
23,61,85,High School,Male,66
15,73,63,Postgraduate,Male,65
20,66,59,College,Male,66
7,69,88,Postgraduate,Female,61
25,96,98,High School,Female,71
11,61,55,High School,Male,60
29,69,58,College,Male,66
18,72,61,College,Male,61
19,85,98,High School,Female,68
16,81,85,College,Male,68
18,69,84,High School,Male,65
29,67,75,High School,Female,65
5,69,77,College,Female,60
28,80,65,College,Male,67
22,71,58,College,Female,65
13,98,89,High School,Male,70
14,79,74,High School,Male,64
30,62,63,High School,Male,68
14,89,82,College,Female,69
13,73,60,College,Female,65
27,86,74,High School,Male,71
22,71,60,High School,Female,65
14,83,88,High School,Male,65
21,91,66,College,Female,68
14,97,72,High School,Female,66
27,70,88,High School,Male,65
26,73,83,College,Male,71
23,79,70,Postgraduate,Female,68
22,97,54,College,Male,70
31,96,96,College,Female,74
20,64,50,High School,Male,62
13,65,87,High School,Female,61
23,80,97,High School,Male,70
33,64,65,College,Male,65
14,74,54,High School,Male,62
18,66,62,High School,Female,65
22,85,66,College,Male,68
20,98,73,High School,Male,70
14,100,76,Postgraduate,Female,68
27,75,86,Postgraduate,Female,69
34,84,95,Postgraduate,Male,73
21,94,73,College,Female,71
15,65,87,High School,Female,63
11,88,56,College,Male,66
22,76,66,Postgraduate,Male,67
27,68,56,,Female,64
23,76,85,High School,Female,66
20,63,95,College,Male,69
16,88,94,College,Male,72
13,70,66,High School,Male,63
25,72,62,High School,Female,67
25,65,64,College,Male,64
11,95,64,High School,Male,68
30,80,54,High School,Female,71
23,83,57,High School,Female,67
28,83,61,Postgraduate,Male,67
12,76,50,College,Male,64
12,68,52,College,Male,63
19,90,85,College,Male,72
23,65,81,High School,Female,63
31,64,97,High School,Female,67
24,88,70,Postgraduate,Male,68
19,68,72,College,Male,64
14,72,53,Postgraduate,Male,65
27,79,58,Postgraduate,Female,68
14,78,85,High School,Male,66
30,88,62,College,Female,73
18,85,89,High School,Female,68
30,86,85,Postgraduate,Male,72
24,89,87,High School,Female,70
19,72,85,College,Female,66
17,73,85,College,Female,66
18,78,77,College,Female,66
23,72,84,High School,Male,65
20,99,76,College,Male,71
16,93,60,High School,Female,66
19,67,61,College,Female,63
20,60,70,Postgraduate,Female,63
7,62,51,College,Male,58
23,70,94,,Female,68
14,65,63,High School,Male,61
13,81,53,High School,Male,65
10,94,71,High School,Male,67
9,89,91,Postgraduate,Male,67
12,69,70,High School,Male,62
16,76,63,High School,Female,86
32,80,77,College,Male,71
17,92,79,Postgraduate,Male,70
21,94,88,College,Male,71
22,96,90,College,Male,71
21,80,85,College,Female,70
20,88,50,High School,Male,67
13,64,50,High School,Male,60
29,83,99,College,Female,73
31,70,63,High School,Female,67
10,77,64,College,Female,62
14,85,87,College,Female,67
18,70,79,College,Female,65
14,62,73,High School,Male,61
23,60,56,High School,Female,61
16,61,54,High School,Female,60
33,60,85,High School,Male,68
27,64,56,College,Female,65
21,70,72,Postgraduate,Female,67
26,69,87,Postgraduate,Male,67
27,99,96,College,Male,74
17,72,94,High School,Female,64
15,65,93,College,Male,64
20,82,68,High School,Male,67
25,94,96,High School,Female,74
21,87,84,College,Male,69
11,72,94,High School,Male,62
15,82,54,College,Female,66
20,89,52,College,Female,69
20,89,71,Postgraduate,Male,68
32,87,91,High School,Female,74
12,95,70,High School,Male,68
23,95,94,High School,Male,73
29,83,62,College,Male,70
34,77,52,High School,Female,69
18,86,88,College,Male,68
23,93,81,College,Male,71
23,60,72,College,Female,64
21,100,92,Postgraduate,Male,71
19,67,91,High School,Female,65
23,79,66,Postgraduate,Male,68
5,95,92,College,Female,67
24,69,67,Postgraduate,Male,67
21,79,81,High School,Male,67
19,65,60,Postgraduate,Male,63
32,76,63,High School,Female,68
16,67,72,Postgraduate,Female,66
18,75,66,High School,Male,67
32,75,56,College,Female,68
15,100,74,Postgraduate,Male,72
17,100,76,Postgraduate,Female,70
19,65,58,High School,Female,62
25,89,59,College,Female,69
21,62,51,High School,Female,61
12,61,52,High School,Female,58
17,64,68,High School,Male,63
16,99,57,College,Female,71
20,98,96,College,Female,70
23,68,60,High School,Female,64
23,66,53,College,Male,63
9,70,70,College,Male,63
26,81,60,Postgraduate,Female,71
22,83,53,Postgraduate,Female,65
28,69,88,High School,Male,68
23,90,78,High School,Male,70
27,72,53,High School,Female,68
23,97,73,High School,Male,69
28,86,52,College,Male,70
23,77,68,High School,Male,67
19,92,68,High School,Female,69
34,93,91,,Female,73
25,72,87,Postgraduate,Male,68
23,74,95,College,Female,67
12,97,57,College,Female,67
12,67,77,College,Male,64
22,62,51,High School,Male,63
21,78,91,Postgraduate,Female,67
16,92,68,High School,Male,70
21,91,53,Postgraduate,Female,71
30,97,66,College,Male,74
24,81,64,High School,Male,70
13,64,88,College,Female,59
19,84,56,High School,Male,64
15,91,78,High School,Female,67
18,64,90,High School,Male,63
18,67,87,College,Male,66
17,60,97,College,Male,62
12,84,50,High School,Male,65
19,95,68,College,Male,73
17,87,68,High School,Male,70
2,99,52,High School,Male,62
32,63,91,High School,Female,68
27,96,84,College,Male,74
18,93,76,High School,Female,96
20,73,70,High School,Male,66
13,99,95,Postgraduate,Male,69
30,72,63,Postgraduate,Female,70
31,96,67,College,Male,73
21,95,98,High School,Male,69
26,90,53,High School,Male,71
21,83,89,College,Female,65
12,65,86,Postgraduate,Female,62
18,81,95,High School,Male,69
21,74,55,College,Male,65
17,92,99,College,Female,68
19,90,51,Postgraduate,Male,65
19,96,67,High School,Male,72
20,61,54,Postgraduate,Male,67
20,92,53,College,Male,68
14,98,98,High School,Male,68
16,92,86,College,Female,66
12,65,75,High School,Male,62
26,63,55,High School,Male,65
7,61,76,High School,Female,60
27,85,66,High School,Male,70
28,85,64,High School,Male,68
18,99,81,Postgraduate,Male,72
4,76,90,High School,Female,63
18,73,72,High School,Male,63
20,85,75,College,Male,67
14,93,83,Postgraduate,Female,68
17,97,56,High School,Female,69
29,92,91,High School,Female,75
24,77,92,High School,Male,67
14,85,77,High School,Male,69
10,94,59,Postgraduate,Male,65
18,80,75,High School,Male,65
19,69,55,College,Female,63
23,67,88,High School,Male,65
17,60,66,High School,Female,58
23,89,66,High School,Male,70
32,64,97,College,Male,66
25,70,71,College,Female,63
20,72,89,High School,Male,62
19,82,82,College,Female,69
18,76,66,High School,Female,66
27,87,56,High School,Male,68
16,62,90,Postgraduate,Male,62
20,65,88,High School,Male,64
20,80,58,College,Female,65
17,73,62,College,Male,64
12,72,88,High School,Female,65
22,63,99,High School,Male,65
20,96,92,College,Female,70
23,88,84,Postgraduate,Female,71
17,65,96,College,Male,65
27,63,64,Postgraduate,Male,67
15,99,50,High School,Male,68
30,87,66,High School,Male,73
10,77,99,High School,Male,64
23,88,94,High School,Male,71
23,90,53,High School,Female,70
15,91,75,High School,Female,68
23,79,54,College,Female,68
28,77,89,High School,Male,68
7,60,69,College,Female,59
23,97,96,College,Male,74
5,84,53,Postgraduate,Male,62
14,68,87,High School,Male,64
30,97,70,Postgraduate,Male,76
17,97,63,High School,Male,70
13,100,76,Postgraduate,Male,69
19,95,74,,Female,69
32,100,67,High School,Male,74
9,70,82,High School,Female,62
14,94,83,Postgraduate,Male,70
29,93,54,High School,Male,71
31,69,80,College,Male,68
19,64,86,Postgraduate,Female,66
13,99,54,High School,Male,67
33,72,83,High School,Male,71
30,95,90,High School,Male,74
24,60,92,College,Male,65
15,61,52,High School,Female,60
20,79,85,College,Male,69
19,70,90,High School,Male,65
22,88,70,High School,Female,69
29,83,77,High School,Male,70
25,63,63,Postgraduate,Female,65
14,67,66,High School,Female,57
28,76,75,High School,Female,68
22,67,58,Postgraduate,Male,67
24,92,69,High School,Female,70
29,77,65,High School,Male,68
13,64,62,College,Female,62
20,79,74,High School,Male,67
17,64,92,Postgraduate,Male,66
11,65,62,College,Female,60
22,70,83,College,Male,65
35,94,63,College,Female,75
9,97,57,High School,Female,67
20,93,97,Postgraduate,Male,71
24,73,82,High School,Male,63
21,71,55,Postgraduate,Male,67
19,82,82,Postgraduate,Female,68
12,89,59,High School,Male,65
21,100,94,College,Female,72
15,65,62,High School,Female,61
7,62,90,College,Female,60
27,88,60,High School,Female,72
26,93,78,Postgraduate,Female,72
20,94,96,College,Male,70
21,87,65,College,Male,67
26,98,54,Postgraduate,Male,71
21,80,78,Postgraduate,Female,66
25,97,59,High School,Female,72
18,99,86,High School,Female,70
28,94,80,High School,Female,71
22,72,67,College,Male,64
21,68,85,College,Male,66
12,82,62,High School,Male,64
22,78,96,High School,Male,67
15,95,67,High School,Female,67
16,64,88,High School,Male,64
15,70,63,High School,Female,61
14,90,86,High School,Female,99
33,64,52,High School,Male,67
28,73,65,Postgraduate,Male,72
32,75,55,High School,Male,66
13,85,73,Postgraduate,Male,68
20,66,72,College,Female,64
12,94,68,High School,Male,69
16,78,99,High School,Female,65
14,97,62,Postgraduate,Female,66
27,79,90,High School,Male,73
18,71,72,High School,Female,63
26,66,67,High School,Female,66
24,60,60,Postgraduate,Female,65
34,81,82,High School,Male,71
11,64,67,College,Male,58
28,76,91,High School,Male,68
27,84,98,High School,Male,69
14,71,61,Postgraduate,Female,63
26,67,56,College,Female,66
22,91,66,College,Female,69
19,98,73,College,Male,69
15,64,65,High School,Male,63
16,66,99,College,Female,65
32,98,89,College,Male,76
20,62,98,Postgraduate,Male,67
25,99,69,Postgraduate,Male,70
15,60,65,College,Male,60
15,95,70,High School,Female,68
26,72,76,Postgraduate,Male,68
12,98,87,Postgraduate,Female,70
18,73,94,Postgraduate,Female,68
20,86,73,High School,Male,69
21,63,64,High School,Female,62
19,70,66,College,Male,64
22,91,85,High School,Female,71
24,81,78,High School,Male,68
24,97,74,High School,Female,72
14,77,60,Postgraduate,Male,64
18,95,94,High School,Female,73
27,78,89,Postgraduate,Female,69
25,99,57,Postgraduate,Male,70
12,98,68,High School,Female,69
22,73,77,High School,Male,64
8,95,73,College,Male,66
20,94,70,High School,Female,69
31,68,86,High School,Female,68
14,85,53,High School,Male,65
15,63,74,High School,Male,62
25,93,63,Postgraduate,Female,75
11,67,54,High School,Female,60
16,63,73,College,Male,63
24,76,59,College,Male,66
16,83,63,Postgraduate,Female,67
19,94,75,College,Female,68
24,99,99,High School,Female,72
23,78,84,College,Male,66
22,62,64,Postgraduate,Female,63
18,90,69,College,Female,71
22,83,70,College,Male,67
19,78,58,Postgraduate,Male,66
23,72,58,College,Female,66
17,80,57,College,Male,68
19,74,76,College,Female,66
14,90,84,Postgraduate,Female,68
20,82,80,College,Female,68
15,95,99,High School,Female,68
13,82,56,Postgraduate,Male,66
22,70,99,High School,Male,66
21,94,73,Postgraduate,Female,70
25,82,61,High School,Male,68
17,68,97,High School,Male,65
22,85,73,College,Male,70
23,74,67,High School,Male,66
23,94,61,Postgraduate,Female,68
15,78,63,College,Male,64
21,89,99,High School,Male,69
22,64,65,Postgraduate,Female,65
20,76,99,Postgraduate,Female,69
7,99,67,High School,Female,66
21,92,62,High School,Female,68
33,66,59,Postgraduate,Female,70
18,71,71,High School,Female,65
16,73,62,High School,Female,65
22,86,85,Postgraduate,Female,68
22,90,62,College,Male,67
27,90,92,High School,Female,72
12,80,92,Postgraduate,Male,70
24,92,64,College,Male,72
24,77,88,College,Male,71
19,65,93,College,Male,64
22,83,80,High School,Female,69
26,98,68,High School,Female,73
25,92,72,Postgraduate,Female,70
13,83,89,Postgraduate,Female,68
25,86,65,High School,Male,71
20,97,67,Postgraduate,Female,71
20,77,58,High School,Male,66
20,73,70,High School,Female,68
19,99,54,Postgraduate,Male,70
27,95,66,High School,Male,72
19,73,69,Postgraduate,Female,66
13,79,63,High School,Female,65
18,77,55,High School,Female,66
21,66,76,High School,Female,65
27,98,93,High School,Male,72
24,76,67,College,Female,68
15,95,62,College,Female,68
35,68,64,High School,Male,67
22,82,93,High School,Male,68
28,61,76,High School,Male,67
19,91,57,High School,Female,69
23,83,85,High School,Male,65
25,85,58,College,Male,70
27,62,53,High School,Male,64
26,68,63,High School,Male,66
25,63,58,College,Female,64
18,72,80,High School,Female,66
17,85,74,High School,Male,67
22,83,86,High School,Male,68
26,84,76,High School,Male,71
19,82,71,College,Female,67
26,71,76,Postgraduate,Male,69
29,70,72,College,Male,67
15,65,52,High School,Female,61
15,94,84,High School,Male,68
19,85,98,High School,Female,67
22,67,71,College,Male,64
17,67,71,High School,Female,63
28,95,52,College,Male,72
23,90,95,High School,Male,69
20,86,96,High School,Male,66
11,76,91,College,Female,64
12,70,55,High School,Female,61
22,99,95,High School,Male,71
7,92,51,High School,Female,63
26,72,72,High School,Female,65
19,94,75,College,Female,71
39,90,92,High School,Female,78
34,72,88,Postgraduate,Male,73
19,77,90,College,Female,65
19,67,93,Postgraduate,Male,66
26,64,74,High School,Male,66
30,89,89,Postgraduate,Male,74
10,71,53,High School,Female,62
9,93,72,College,Female,66
16,100,52,High School,Female,71
23,63,96,High School,Female,67
23,79,98,College,Female,69
26,92,54,High School,Male,72
13,92,77,Postgraduate,Male,72
6,90,66,High School,Male,65
25,74,67,Postgraduate,Male,71
15,78,73,College,Male,64
8,84,56,High School,Male,61
21,99,59,College,Female,69
25,73,79,High School,Female,65
19,97,51,College,Female,69
17,71,80,High School,Female,64
19,100,66,Postgraduate,Male,69
18,87,92,High School,Female,68
12,79,80,College,Male,63
16,85,85,High School,Male,66
23,71,56,,Female,65
22,71,63,High School,Male,66
21,65,100,Postgraduate,Male,67
14,65,72,High School,Male,62
19,74,68,High School,Female,66
7,91,94,Postgraduate,Female,68
21,84,52,High School,Male,68
29,64,77,High School,Female,63
11,94,61,College,Male,66
16,84,68,,Male,65
22,98,60,High School,Male,72
28,87,52,Postgraduate,Female,70
17,67,71,High School,Male,63
16,79,89,High School,Male,65
8,86,98,College,Male,65
21,61,81,Postgraduate,Male,66
32,61,69,High School,Female,68
22,65,88,College,Male,64
20,70,75,College,Male,66
22,77,68,High School,Male,68
20,79,59,High School,Male,64
15,66,90,College,Female,62
25,87,75,High School,Male,67
21,84,98,High School,Male,67
20,72,90,Postgraduate,Male,65
14,61,71,High School,Male,59
28,63,87,High School,Female,66
24,76,73,High School,Female,68
17,66,54,High School,Female,63
26,75,76,College,Male,68
17,85,93,College,Female,68
15,82,93,High School,Female,66
15,69,79,High School,Female,63
9,74,69,,Female,61
23,85,51,College,Female,68
9,94,66,College,Male,66
13,90,99,College,Male,69
8,82,86,Postgraduate,Female,64
19,74,86,Postgraduate,Male,68
19,75,88,High School,Female,66
18,95,81,High School,Female,68
14,62,79,High School,Female,62
13,100,73,Postgraduate,Male,68
23,87,72,College,Male,69
17,87,94,High School,Male,70
22,62,70,College,Female,65
15,84,92,College,Female,68
21,79,92,Postgraduate,Female,67
28,64,89,College,Male,64
24,71,52,College,Female,63
18,96,57,High School,Female,67
22,82,66,High School,Male,66
19,77,92,High School,Female,67
20,63,94,High School,Female,63
18,89,52,High School,Female,69
19,88,66,High School,Female,70
21,85,93,High School,Male,70
14,80,62,Postgraduate,Male,65
14,77,99,Postgraduate,Female,64
12,84,74,College,Female,67
10,69,97,High School,Female,61
13,98,71,College,Female,70
21,84,66,College,Male,68
15,72,68,High School,Female,64
23,78,94,High School,Male,68
20,92,67,High School,Male,68
8,66,83,College,Male,63
24,72,73,College,Female,65
25,87,97,High School,Female,69
14,73,58,College,Male,63
23,92,71,College,Male,69
15,65,56,High School,Female,61
21,91,79,College,Female,69
12,63,70,College,Female,62
9,61,53,Postgraduate,Male,58
18,96,92,High School,Male,71
19,83,69,Postgraduate,Male,69
18,74,75,Postgraduate,Male,68
13,69,70,College,Male,61
18,85,74,College,Male,67
22,80,51,Postgraduate,Male,68
20,100,91,High School,Male,72
21,99,67,College,Female,71
16,85,86,High School,Male,67
27,78,53,Postgraduate,Male,68
13,80,76,High School,Female,64
23,87,95,High School,Female,73
27,64,70,High School,Female,65
23,73,60,Postgraduate,Female,67
19,63,55,College,Female,63
17,63,93,Postgraduate,Female,63
26,68,62,Postgraduate,Female,69
11,79,99,High School,Female,68
14,91,62,College,Male,68
18,79,74,High School,Male,69
27,73,73,High School,Female,73
22,63,53,High School,Male,66
14,82,77,College,Female,68
18,71,84,Postgraduate,Male,65
16,85,87,High School,Male,67
16,99,76,College,Female,70
26,64,91,High School,Male,66
12,68,88,Postgraduate,Female,64
30,79,60,High School,Female,69
25,99,70,College,Female,71
27,91,57,Postgraduate,Male,68
17,96,57,College,Female,68
19,73,86,College,Female,66
11,100,77,Postgraduate,Female,70
17,64,80,Postgraduate,Female,65
23,62,87,High School,Female,63
28,94,64,High School,Female,70
13,97,70,Postgraduate,Female,67
18,64,80,High School,Male,63
19,65,55,Postgraduate,Male,64
12,61,92,High School,Male,60
24,64,67,High School,Male,62
16,68,83,High School,Female,65
19,99,100,Postgraduate,Male,69
17,87,74,College,Female,68
15,91,61,High School,Male,66
20,91,61,Postgraduate,Male,72
19,81,53,High School,Male,68
18,92,88,High School,Male,69
16,84,65,High School,Male,65
22,73,59,High School,Male,65
30,82,86,High School,Female,70
21,81,65,College,Male,67
26,93,80,College,Male,73
12,99,71,College,Female,70
21,76,67,High School,Male,66
13,91,74,Postgraduate,Male,68
11,64,66,College,Male,61
16,91,94,Postgraduate,Male,70
27,75,54,Postgraduate,Female,66
26,62,52,College,Male,67
21,75,70,Postgraduate,Female,69
11,84,59,High School,Female,64
19,65,87,College,Male,65
22,97,68,College,Female,75
21,63,63,High School,Male,63
9,97,68,College,Male,69
15,88,61,High School,Male,68
20,73,65,College,Male,66
23,76,78,High School,Female,66
7,90,93,College,Male,66
19,84,69,College,Female,68
21,87,66,High School,Female,65
25,76,89,College,Male,70
24,80,51,High School,Female,68
23,100,65,High School,Female,70
15,69,73,High School,Male,61
9,77,80,High School,Male,61
18,72,58,High School,Male,64
26,91,72,College,Male,71
28,91,78,High School,Male,72
24,72,76,High School,Male,66
23,63,79,High School,Female,63
22,60,83,College,Female,62
17,77,69,,Male,65
19,76,53,High School,Male,66
30,100,53,High School,Male,72
14,79,93,College,Male,68
30,70,84,Postgraduate,Male,70
18,96,88,High School,Female,70
28,80,96,High School,Male,73
12,84,88,High School,Male,67
24,64,85,Postgraduate,Male,65
16,75,83,College,Female,65
12,98,63,High School,Female,65
21,84,98,College,Male,70
26,74,77,High School,Male,66
15,85,61,College,Male,65
11,96,60,High School,Male,68
19,71,91,High School,Female,66
19,80,63,College,Female,65
23,98,52,High School,Female,71
26,67,71,High School,Male,65
20,89,91,College,Male,70
31,85,71,College,Female,69
21,87,90,High School,Male,71
18,74,91,High School,Female,67
10,73,93,,Male,64
18,87,79,College,Male,82
18,69,85,College,Female,66
26,77,63,High School,Male,66
23,68,55,High School,Male,65
13,60,77,High School,Male,61
21,99,51,Postgraduate,Female,72
24,77,73,High School,Male,70
29,99,55,High School,Male,71
25,66,55,High School,Female,84
25,83,94,College,Male,72
20,68,82,Postgraduate,Female,67
22,92,82,Postgraduate,Male,72
27,91,70,High School,Female,70
12,65,71,High School,Male,62
18,96,65,College,Female,71
15,68,72,High School,Female,62
22,85,79,High School,Female,68
27,99,59,High School,Male,74
16,95,63,High School,Male,68
6,98,75,Postgraduate,Female,64
18,74,69,High School,Male,65
25,64,91,College,Male,66
23,68,91,College,Female,68
23,80,67,High School,Male,67
18,92,73,High School,Female,67
12,66,99,High School,Male,63
23,86,91,College,Female,71
15,73,61,Postgraduate,Male,63
33,74,64,High School,Male,66
23,86,54,High School,Female,67
17,79,84,High School,Male,66
16,92,66,Postgraduate,Female,70
19,66,77,College,Female,64
19,92,88,Postgraduate,Male,71
27,63,92,College,Female,68
21,68,66,High School,Male,64
16,86,62,High School,Female,66
31,94,92,High School,Male,72
20,70,69,Postgraduate,Female,66
25,73,91,,Female,70
16,81,57,High School,Male,66
22,68,96,Postgraduate,Female,68
22,92,74,College,Male,70
9,91,59,College,Male,64
32,66,77,College,Male,71
28,79,94,College,Male,72
18,91,69,High School,Male,71
13,73,59,Postgraduate,Male,63
22,85,79,College,Male,68
21,62,92,High School,Male,63
22,84,56,High School,Male,66
21,66,52,High School,Female,63
23,93,53,College,Female,72
29,74,62,Postgraduate,Male,70
23,71,50,College,Female,65
14,94,71,College,Female,67
28,62,85,High School,Female,66
30,76,86,Postgraduate,Male,69
39,75,82,College,Male,73
13,71,65,Postgraduate,Female,66
21,96,87,High School,Female,70
8,90,79,College,Male,68
23,63,93,High School,Male,65
17,89,74,Postgraduate,Female,67
32,81,59,High School,Female,71
15,96,82,High School,Female,70
10,73,58,High School,Male,61
17,83,98,High School,Male,69
8,80,85,Postgraduate,Male,63
25,80,88,College,Male,67
8,78,84,College,Male,65
20,68,55,High School,Female,63
8,90,73,Postgraduate,Male,67
18,78,83,Postgraduate,Female,66
30,98,61,Postgraduate,Male,72
22,70,84,High School,Male,68
15,87,91,High School,Male,67
20,98,64,Postgraduate,Male,72
20,87,60,High School,Female,66
23,95,94,High School,Male,73
12,93,50,Postgraduate,Male,71
24,74,63,High School,Male,65
4,84,70,High School,Male,65
16,66,84,High School,Female,65
17,81,100,College,Male,68
24,69,69,College,Female,70
20,90,97,High School,Female,68
12,81,68,High School,Male,62
14,76,85,College,Male,66
21,71,58,College,Female,65
20,100,73,College,Female,71
17,63,94,High School,Male,61
17,62,66,High School,Male,63
24,69,55,High School,Male,67
17,99,76,Postgraduate,Male,70
19,99,72,Postgraduate,Male,73
33,86,61,High School,Male,72
11,95,95,Postgraduate,Male,69
9,69,80,College,Male,61
25,99,67,,Male,71
16,66,100,High School,Female,64
18,64,57,High School,Male,61
15,64,92,College,Female,63
18,83,62,High School,Male,65
30,91,62,Postgraduate,Female,73
25,75,75,Postgraduate,Male,68
25,99,83,College,Female,72
12,77,85,College,Male,62
13,66,51,Postgraduate,Male,63
3,79,64,Postgraduate,Female,58
15,87,83,High School,Male,68
26,93,94,High School,Female,74
23,78,83,High School,Male,68
19,84,63,High School,Male,67
20,71,75,High School,Male,65
16,86,82,High School,Female,63
21,99,57,Postgraduate,Male,71
25,62,77,College,Female,62
10,95,74,High School,Male,66
22,82,67,Postgraduate,Female,65
26,70,81,High School,Male,66
18,98,82,College,Male,71
24,79,99,High School,Male,68
37,73,71,High School,Male,72
19,67,77,Postgraduate,Male,66
22,70,58,Postgraduate,Male,66
16,93,77,High School,Male,67
21,85,52,Postgraduate,Male,71
23,97,57,Postgraduate,Male,72
21,69,59,Postgraduate,Male,64
14,65,82,High School,Male,60
21,60,78,High School,Female,64
29,80,90,College,Female,70
23,100,73,College,Male,72
26,88,74,High School,Female,68
19,72,58,High School,Female,62
24,95,87,High School,Male,68
22,91,50,Postgraduate,Male,72
14,61,71,Postgraduate,Female,60
22,93,59,Postgraduate,Female,72
14,72,89,High School,Female,65
16,66,84,High School,Female,63
21,69,85,Postgraduate,Male,66
22,79,57,High School,Male,65
13,77,83,Postgraduate,Male,65
26,72,85,High School,Male,67
23,67,50,College,Male,65
16,90,66,High School,Male,67
11,100,54,Postgraduate,Male,66
19,91,84,High School,Male,71
17,72,61,Postgraduate,Male,64
21,70,63,High School,Male,61
18,69,54,High School,Male,65
8,65,74,High School,Male,61
18,82,52,High School,Female,64
18,84,92,College,Female,69
24,88,51,High School,Male,71
16,87,53,College,Male,70
30,72,82,College,Female,70
9,73,96,High School,Male,62
28,87,95,Postgraduate,Female,73
19,74,54,College,Male,66
25,69,64,Postgraduate,Female,66
20,75,76,College,Female,66
27,71,51,College,Female,66
18,64,76,High School,Male,65
13,93,72,Postgraduate,Female,67
29,94,79,College,Female,76
19,69,96,High School,Female,66
21,63,64,High School,Male,63
27,90,82,College,Female,71
14,68,71,College,Male,63
24,76,72,College,Male,67
16,63,82,High School,Male,63
19,69,98,High School,Male,66
20,92,93,College,Female,72
11,92,82,Postgraduate,Female,70
15,68,73,College,Male,62
28,73,71,College,Female,69
25,65,89,High School,Female,66
20,63,61,High School,Male,64
21,100,79,High School,Female,70
18,86,75,High School,Male,67
28,82,82,Postgraduate,Male,71
19,91,59,Postgraduate,Male,69
21,94,85,College,Male,70
27,92,81,College,Male,70
15,61,59,Postgraduate,Female,61
29,67,72,High School,Female,65
11,86,84,High School,Male,67
30,75,95,Postgraduate,Male,70
18,99,56,High School,Male,67
19,87,50,Postgraduate,Male,68
9,98,58,College,Male,69
17,68,99,Postgraduate,Male,65
14,95,88,High School,Male,68
16,73,81,Postgraduate,Male,67
19,100,57,High School,Male,70
26,66,71,High School,Female,68
21,81,86,College,Male,69
22,92,95,Postgraduate,Male,70
13,77,69,College,Male,67
15,79,100,College,Female,70
31,99,57,Postgraduate,Female,74
16,77,69,High School,Female,63
30,84,94,High School,Female,72
19,62,82,Postgraduate,Male,62
20,94,91,Postgraduate,Female,71
26,86,95,High School,Male,68
28,76,75,High School,Male,72
19,61,62,Postgraduate,Female,64
18,84,85,High School,Male,64
20,61,78,High School,Female,63
22,60,89,College,Male,66
25,85,76,College,Female,71
20,68,91,College,Male,70
24,68,95,High School,Male,67
30,86,87,College,Female,73
22,62,87,High School,Female,64
22,73,79,Postgraduate,Female,65
11,66,74,High School,Female,62
4,83,99,College,Female,64
22,86,82,College,Male,67
19,89,92,Postgraduate,Male,74
17,70,75,College,Male,63
21,64,78,High School,Male,64
20,63,83,Postgraduate,Female,64
27,77,86,College,Male,70
21,98,72,High School,Female,71
16,69,68,College,Male,63
26,70,62,College,Female,66
19,64,71,High School,Male,65
23,84,61,College,Male,70
17,87,71,College,Female,65
16,86,94,High School,Male,68
21,94,99,High School,Male,72
20,79,79,High School,Male,67
23,65,57,High School,Male,65
18,72,71,Postgraduate,Male,66
9,86,80,College,Female,67
17,85,69,Postgraduate,Male,65
25,81,60,High School,Male,68
18,87,61,High School,Male,68
19,85,74,College,Female,69
26,95,61,Postgraduate,Female,71
16,83,62,Postgraduate,Male,64
11,91,94,,Male,65
19,70,89,High School,Male,64
17,87,53,Postgraduate,Female,67
14,96,66,College,Female,70
19,75,77,High School,Female,66
23,91,53,High School,Male,70
20,89,84,High School,Male,70
22,62,69,College,Male,64
31,83,70,College,Male,71
18,65,63,High School,Male,63
22,99,67,College,Male,72
17,92,93,College,Female,72
15,64,89,High School,Male,61
16,65,97,High School,Female,63
17,84,85,College,Male,67
22,74,79,High School,Female,67
34,61,63,High School,Female,65
16,82,83,High School,Female,64
18,76,95,Postgraduate,Female,69
20,64,53,College,Female,65
22,92,72,Postgraduate,Male,71
22,97,57,High School,Male,70
28,90,91,College,Female,98
5,93,81,College,Female,65
6,69,94,Postgraduate,Female,63
17,71,53,High School,Male,61
27,68,95,College,Male,67
11,91,53,Postgraduate,Female,64
2,98,64,High School,Female,65
23,89,58,Postgraduate,Male,73
21,95,57,High School,Male,69
13,86,59,High School,Male,67
14,76,74,College,Male,63
14,77,89,College,Male,67
21,63,95,High School,Male,66
16,61,78,College,Female,64
23,88,58,High School,Male,68
3,78,54,High School,Male,61
15,82,75,College,Female,66
13,82,88,High School,Female,65
18,71,81,College,Female,65
17,79,79,Postgraduate,Male,67
25,79,52,Postgraduate,Female,68
9,76,71,College,Male,63
20,93,78,College,Female,70
23,78,80,High School,Female,68
31,84,50,High School,Male,69
17,96,60,College,Male,67
22,95,97,High School,Male,69
9,96,75,High School,Female,65
6,71,85,High School,Male,61
25,61,65,College,Female,65
20,70,79,Postgraduate,Male,67
27,71,68,High School,Male,66
12,96,65,Postgraduate,Female,69
23,86,71,College,Female,71
31,63,73,High School,Female,68
23,65,67,High School,Male,65
22,66,63,Postgraduate,Male,64
20,85,81,College,Male,68
11,89,69,High School,Male,64
28,94,60,High School,Male,71
16,98,88,Postgraduate,Female,70
23,68,86,Postgraduate,Male,68
11,72,94,High School,Male,63
13,70,78,High School,Male,61
29,74,64,College,Male,66
18,97,93,College,Female,75
29,83,64,High School,Male,71
20,90,83,College,Male,69
9,80,60,High School,Male,62
25,61,81,High School,Female,65
16,63,92,College,Female,61
24,82,77,High School,Female,69
20,89,74,Postgraduate,Male,66
11,69,100,High School,Male,64
21,89,51,High School,Female,69
33,92,67,High School,Female,78
23,76,96,High School,Female,68
20,90,82,High School,Female,70
26,76,77,High School,Male,68
21,87,82,Postgraduate,Female,68
21,91,66,College,Female,69
13,100,54,College,Female,68
21,74,64,College,Male,80
26,76,67,High School,Male,67
15,67,74,Postgraduate,Male,64
29,68,70,Postgraduate,Male,64
19,88,76,High School,Male,68
15,97,60,High School,Female,67
26,76,59,Postgraduate,Male,65
18,67,68,High School,Male,66
25,71,74,Postgraduate,Male,67
18,78,67,College,Male,64
20,72,79,Postgraduate,Female,66
23,69,66,College,Male,63
22,89,59,High School,Male,71
8,60,93,Postgraduate,Female,62
13,82,60,College,Female,64
26,92,98,Postgraduate,Male,72
19,71,99,High School,Female,65
17,84,85,College,Female,67
12,87,75,College,Female,65
14,86,90,High School,Male,63
8,78,94,High School,Female,65
19,74,85,Postgraduate,Male,67
16,93,55,High School,Male,67
14,90,50,College,Male,65
20,73,60,High School,Male,64
22,64,59,High School,Female,64
33,63,59,High School,Male,69
11,64,75,High School,Male,60
27,83,76,High School,Male,70
26,62,86,High School,Male,66
15,73,60,College,Female,66
21,90,55,College,Female,68
17,72,83,,Female,62
21,91,74,Postgraduate,Female,70
29,90,83,High School,Female,72
24,70,69,High School,Female,64
23,89,88,Postgraduate,Male,71
17,90,84,High School,Female,67
11,76,83,High School,Female,64
19,68,51,High School,Female,64
27,81,93,College,Female,72
11,97,69,High School,Female,66
14,86,57,College,Female,68
21,67,88,Postgraduate,Female,95
14,87,74,College,Male,64
15,77,52,College,Male,64
17,84,89,High School,Male,68
12,89,72,College,Male,67
14,81,88,Postgraduate,Female,67
24,93,88,High School,Female,71
12,89,55,High School,Female,63
10,85,81,High School,Female,66
16,66,68,Postgraduate,Male,65
24,93,77,High School,Female,68
19,97,54,High School,Male,68
17,65,79,High School,Male,62
20,80,89,Postgraduate,Male,67
10,70,99,High School,Female,65
23,90,66,High School,Female,71
22,89,58,College,Female,71
18,66,68,High School,Male,61
26,95,51,High School,Male,70
13,67,70,High School,Male,60
27,92,96,Postgraduate,Male,70
21,78,60,College,Female,67
18,73,74,Postgraduate,Male,66
20,66,79,High School,Female,63
19,67,59,Postgraduate,Female,65
27,86,67,Postgraduate,Female,75
14,82,96,High School,Male,66
15,65,65,College,Female,61
26,65,82,Postgraduate,Male,65
16,63,57,Postgraduate,Male,61
25,90,83,College,Male,73
30,88,64,College,Female,73
18,62,62,College,Male,63
24,82,56,Postgraduate,Male,67
13,63,52,High School,Male,62
25,96,98,College,Male,71
21,96,71,High School,Male,70
23,88,89,High School,Female,70
16,97,96,High School,Female,69
10,92,60,College,Female,66
23,93,93,High School,Female,72
8,83,85,High School,Female,63
18,72,79,High School,Male,65
26,69,90,College,Female,71
21,73,56,High School,Male,66
32,85,63,High School,Male,69
26,67,57,College,Female,62
16,70,95,High School,Female,66
20,79,55,High School,Female,66
20,69,99,High School,Female,64
11,84,55,,Male,63
14,97,83,High School,Female,68
17,90,83,High School,Male,68
8,87,97,High School,Male,67
20,83,66,College,Female,67
19,80,67,Postgraduate,Female,68
10,67,92,Postgraduate,Male,65
22,96,99,College,Male,74
24,70,52,Postgraduate,Male,85
21,64,82,College,Male,64
18,90,62,High School,Female,67
24,67,86,College,Female,68
24,75,89,College,Female,67
22,61,88,High School,Female,65
15,65,72,Postgraduate,Male,63
22,67,58,Postgraduate,Male,64
27,62,79,College,Male,62
16,86,89,Postgraduate,Female,68
33,93,96,Postgraduate,Female,75
17,75,73,High School,Female,63
20,95,62,College,Male,68
16,69,56,Postgraduate,Male,63
21,73,90,College,Female,68
10,66,77,High School,Male,62
17,85,84,College,Female,67
13,77,58,High School,Male,66
21,85,50,High School,Male,65
26,90,98,Postgraduate,Female,69
24,82,91,High School,Male,70
6,85,70,Postgraduate,Female,64
32,97,73,College,Female,75
22,72,96,College,Male,66
15,74,60,High School,Female,62
21,89,90,Postgraduate,Male,70
21,84,51,High School,Male,68
16,67,94,Postgraduate,Female,66
21,75,79,High School,Male,65
16,79,74,Postgraduate,Male,68
18,77,85,Postgraduate,Female,68
16,67,53,High School,Male,62
11,97,60,College,Female,66
21,90,70,Postgraduate,Female,68
24,79,81,High School,Male,69
23,87,57,High School,Male,67
25,96,69,Postgraduate,Male,74
22,65,63,High School,Male,61
17,70,82,High School,Female,64
25,82,96,High School,Female,69
12,92,58,College,Male,66
15,61,59,High School,Female,61
14,99,80,College,Female,71
26,78,73,College,Female,71
26,74,86,College,Female,69
23,72,64,Postgraduate,Female,66
26,67,77,High School,Male,64
15,92,69,Postgraduate,Male,68
22,98,64,High School,Female,71
19,77,86,High School,Male,66
25,98,90,Postgraduate,Male,94
19,93,66,High School,Female,68
18,79,81,College,Female,66
23,87,59,High School,Male,70
25,77,90,High School,Male,68
16,82,64,Postgraduate,Male,65
20,62,59,High School,Male,64
14,88,97,College,Male,69
5,62,71,College,Male,59
21,93,82,College,Male,70
24,93,90,College,Male,72
22,69,84,College,Male,64
8,73,78,High School,Male,63
18,79,69,College,Male,67
7,84,96,High School,Male,62
28,71,57,Postgraduate,Female,69
13,84,94,High School,Male,66
28,72,85,High School,Female,66
26,62,79,College,Female,63
15,60,66,High School,Male,62
13,64,57,High School,Female,58
22,92,72,College,Male,67
15,98,89,College,Male,68
21,77,87,College,Male,67
17,81,82,College,Male,67
9,66,100,College,Male,62
7,82,99,Postgraduate,Male,66
21,66,70,High School,Female,65
17,84,60,College,Female,67
17,97,73,College,Male,69
24,68,92,High School,Male,67
27,91,73,College,Male,69
18,61,67,High School,Male,62
18,75,87,Postgraduate,Female,67
23,64,83,High School,Male,63
12,74,98,College,Male,65
21,67,77,College,Female,66
23,75,98,College,Female,71
24,77,65,Postgraduate,Male,70
8,72,93,High School,Male,68
15,86,68,High School,Male,67
15,97,90,High School,Male,71
21,76,96,High School,Male,65
23,68,81,Postgraduate,Male,64
29,71,86,College,Female,69
17,94,98,High School,Male,68
17,83,69,College,Male,67
27,78,76,Postgraduate,Male,71
22,66,95,High School,Male,64
28,78,84,College,Female,69
22,71,94,High School,Male,68
13,98,81,Postgraduate,Male,69
12,95,87,High School,Male,67
11,63,51,College,Male,58
24,81,67,High School,Male,66
27,69,89,High School,Male,69
31,76,70,College,Male,70
25,95,68,High School,Male,70
27,81,98,High School,Male,70
17,73,78,Postgraduate,Female,66
13,68,60,College,Female,61
25,92,74,High School,Female,71
23,85,76,College,Female,69
21,79,99,Postgraduate,Male,69
22,69,86,High School,Female,65
22,73,76,College,Male,69
28,98,72,College,Male,74
28,81,96,High School,Male,71
23,76,82,College,Male,68
25,81,68,College,Female,69
23,91,73,High School,Male,68
17,74,64,High School,Male,63
25,67,98,High School,Male,68
12,83,85,College,Male,67
26,87,70,College,Male,71
13,89,59,Postgraduate,Male,66
22,95,59,High School,Male,69
15,75,74,College,Female,68
23,63,73,College,Male,63
20,98,71,College,Male,69
10,77,93,College,Female,66
23,85,99,College,Female,71
17,87,68,Postgraduate,Male,68
25,82,65,High School,Male,69
20,68,89,High School,Female,65
22,90,72,College,Male,68
14,92,61,College,Male,67
16,82,59,High School,Male,65
17,80,64,Postgraduate,Female,65
25,65,50,College,Female,64
30,63,97,High School,Female,69
15,74,72,High School,Male,64
26,72,54,College,Male,66
7,98,58,College,Male,65
13,91,66,High School,Female,69
14,86,78,High School,Female,66
12,81,85,High School,Male,64
10,67,65,High School,Female,61
22,99,98,College,Male,72
19,75,88,Postgraduate,Male,67
22,64,91,College,Female,63
24,80,66,College,Male,69
22,95,69,Postgraduate,Male,70
24,95,77,High School,Male,71
20,60,73,Postgraduate,Female,60
13,95,63,Postgraduate,Female,70
26,71,100,College,Female,69
16,62,92,High School,Female,63
14,94,62,Postgraduate,Male,69
19,95,95,College,Male,71
15,84,79,High School,Female,68
17,83,51,High School,Male,64
22,93,67,College,Female,68
22,91,51,High School,Female,69
15,96,54,College,Female,65
17,82,59,College,Male,68
26,99,74,College,Male,74
23,100,69,Postgraduate,Female,72
32,65,57,High School,Female,67
27,94,70,High School,Female,73
27,80,65,College,Male,68
12,76,71,High School,Male,61
25,85,59,High School,Female,70
20,62,80,College,Female,62
17,80,52,Postgraduate,Female,67
21,95,69,Postgraduate,Male,69
26,69,95,Postgraduate,Female,93
23,77,71,High School,Male,68
15,98,72,College,Female,69
24,77,53,College,Male,68
16,74,80,High School,Male,64
21,78,97,High School,Female,69
18,81,65,Postgraduate,Male,66
19,85,70,High School,Male,68
25,92,79,College,Male,72
14,78,55,High School,Female,63
32,93,98,High School,Male,73
9,81,73,Postgraduate,Male,65
16,74,56,High School,Female,65
22,86,67,College,Male,68
24,89,69,College,Male,70
19,82,67,Postgraduate,Male,65
20,62,85,College,Female,66
22,67,67,College,Male,66
19,71,66,,Female,65
28,71,66,College,Male,69
25,87,89,High School,Female,69
25,61,65,High School,Female,64
14,90,51,High School,Female,66
20,71,68,High School,Male,63
18,72,64,Postgraduate,Female,68
14,81,95,High School,Male,68
22,69,74,College,Female,65
17,95,62,High School,Male,69
24,63,99,Postgraduate,Female,66
14,78,62,College,Male,63
30,94,88,College,Female,72
15,85,82,High School,Male,67
21,72,73,High School,Male,67
25,77,70,High School,Male,68
17,88,94,High School,Male,71
25,99,74,High School,Male,73
13,96,69,High School,Male,68
29,74,68,High School,Female,69
20,100,64,High School,Male,69
16,60,70,High School,Female,63
18,61,56,High School,Male,62
25,93,53,College,Female,70
16,68,77,Postgraduate,Male,66
16,62,73,High School,Female,62
19,69,59,Postgraduate,Female,64
13,77,55,College,Male,63
31,89,57,College,Female,71
17,85,66,Postgraduate,Male,67
25,70,73,Postgraduate,Male,67
21,80,60,College,Male,67
14,97,88,Postgraduate,Male,71
20,93,60,High School,Male,69
25,73,56,High School,Female,93
19,99,100,High School,Male,72
27,88,72,High School,Female,71
26,62,59,High School,Male,63
26,61,95,Postgraduate,Male,65
17,67,62,College,Female,61
14,89,96,College,Female,66
16,67,56,College,Female,61
21,80,92,High School,Male,67
23,64,59,High School,Female,64
7,97,97,College,Female,69
20,74,79,College,Male,64
21,96,59,College,Male,70
18,98,92,High School,Male,73
28,60,70,High School,Male,63
23,79,87,College,Male,68
28,61,82,College,Female,64
19,96,86,High School,Male,69
26,81,67,College,Female,69
30,63,97,College,Female,67
28,64,78,Postgraduate,Male,69
13,75,54,College,Male,62
18,98,53,High School,Male,66
18,88,87,Postgraduate,Female,68
23,95,92,High School,Female,71
24,75,85,Postgraduate,Male,66
15,62,64,College,Female,62
20,99,61,High School,Male,68
8,61,78,High School,Female,59
29,98,60,High School,Female,70
17,75,69,High School,Male,66
20,60,81,College,Male,65
18,88,64,College,Male,66
27,99,69,Postgraduate,Male,73
3,99,68,High School,Female,65
20,66,73,High School,Male,65
19,67,84,,Female,64
17,83,89,Postgraduate,Male,69
30,85,83,Postgraduate,Female,74
15,90,51,High School,Female,68
25,67,95,Postgraduate,Female,65
22,98,79,High School,Male,72
28,86,96,High School,Male,71
16,94,98,High School,Female,69
16,82,73,College,Male,67
27,77,96,Postgraduate,Male,71
23,99,68,College,Male,68
11,83,63,,Female,63
17,95,54,College,Female,69
22,98,73,College,Female,68
25,87,84,College,Male,73
16,82,99,High School,Male,69
3,60,76,High School,Female,58
23,62,87,High School,Male,65
13,68,95,High School,Male,63
8,67,77,College,Male,59
3,70,58,High School,Male,58
25,72,92,High School,Male,66
21,74,79,High School,Male,67
19,77,88,College,Male,67
28,64,83,High School,Male,67
24,62,53,Postgraduate,Female,65
30,87,58,College,Male,71
12,81,64,High School,Male,66
20,78,64,High School,Female,68
10,85,92,High School,Female,65
19,93,80,College,Male,71
19,77,54,High School,Female,64
24,86,69,Postgraduate,Male,72
20,98,78,High School,Male,69
24,94,63,High School,Male,70
24,77,52,High School,Male,66
33,86,69,College,Female,70
18,67,73,Postgraduate,Male,62
14,82,95,Postgraduate,Male,66
21,99,95,High School,Female,70
15,81,75,Postgraduate,Male,63
29,97,74,High School,Female,73
18,76,82,Postgraduate,Female,70
17,100,63,High School,Male,71
17,83,64,High School,Female,65
24,62,50,Postgraduate,Male,64
19,83,54,High School,Male,66
16,71,59,Postgraduate,Male,82
30,61,82,Postgraduate,Female,68
15,93,61,High School,Female,67
20,71,56,College,Male,68
24,92,81,High School,Male,69
10,72,83,High School,Male,63
23,68,53,High School,Female,66
14,99,89,Postgraduate,Female,68
25,74,80,College,Female,71
14,84,70,College,Female,69
24,84,99,Postgraduate,Female,70
27,82,51,College,Male,70
25,97,77,Postgraduate,Male,73
22,87,58,High School,Female,68
19,76,66,High School,Male,65
17,94,57,High School,Male,72
29,67,83,High School,Female,67
16,82,70,College,Female,68
14,98,99,High School,Male,69
24,85,83,College,Female,70
15,93,96,High School,Female,69
14,86,62,High School,Male,68
11,94,66,High School,Male,65
17,98,68,College,Male,70
20,71,92,College,Male,65
21,67,61,High School,Female,61
26,79,97,High School,Male,69
23,88,52,High School,Male,67
19,69,94,High School,Male,65
19,60,73,High School,Male,63
23,74,76,High School,Male,67
28,99,100,High School,Female,76
21,88,94,College,Male,70
17,76,95,Postgraduate,Female,67
14,68,79,College,Female,66
11,74,98,High School,Male,65
24,67,84,College,Female,65
23,64,91,High School,Female,63
23,96,86,,Male,74
19,100,89,College,Male,72
28,67,82,High School,Female,68
17,62,86,High School,Female,62
26,73,72,College,Male,65
20,78,85,High School,Male,69
16,68,64,High School,Male,61
24,72,82,High School,Male,67
22,68,76,High School,Male,66
22,91,95,High School,Male,70
20,89,84,Postgraduate,Male,72
20,85,80,Postgraduate,Male,69
34,75,66,High School,Male,68
27,96,93,College,Male,74
24,99,53,High School,Male,70
21,67,95,High School,Male,67
26,69,83,High School,Female,68
23,81,59,Postgraduate,Female,69
20,64,95,High School,Male,66
18,77,66,College,Male,66
20,83,58,High School,Male,68
1,81,66,College,Male,60
21,73,98,Postgraduate,Male,69
17,82,88,High School,Male,66
30,98,96,Postgraduate,Female,77
20,68,65,College,Male,63
13,86,54,College,Male,66
20,62,78,High School,Female,64
14,63,74,Postgraduate,Female,63
23,82,86,High School,Male,68
22,64,77,College,Male,65
26,61,70,Postgraduate,Male,65
15,67,50,College,Male,64
20,83,73,College,Male,68
12,88,56,High School,Male,62
24,68,96,High School,Male,67
23,87,96,College,Female,73
23,67,90,High School,Female,69
20,85,58,Postgraduate,Male,65
22,76,57,High School,Male,66
30,86,78,College,Male,73
18,100,86,High School,Male,72
21,98,95,High School,Male,72
13,60,95,High School,Female,61
15,95,58,High School,Female,69
21,63,100,Postgraduate,Female,66
27,98,58,Postgraduate,Female,74
18,71,92,College,Female,64
19,75,79,High School,Female,66
18,64,84,College,Female,64
17,64,80,High School,Male,66
22,89,93,High School,Male,72
11,98,82,Postgraduate,Male,71
28,84,92,High School,Female,70
16,89,58,College,Male,67
24,90,93,Postgraduate,Male,71
12,71,100,College,Male,63
24,62,83,College,Female,64
24,60,99,High School,Male,64
22,74,61,Postgraduate,Female,65
14,70,91,High School,Female,65
21,62,58,College,Female,62
13,67,76,High School,Male,65
18,65,83,High School,Male,64
26,97,83,Postgraduate,Male,74
25,66,84,High School,Male,67
20,82,66,Postgraduate,Male,66
14,84,99,Postgraduate,Female,70
24,82,50,Postgraduate,Male,68
20,64,81,,Female,64
6,73,93,High School,Female,58
25,62,95,College,Male,65
20,76,86,High School,Female,68
27,68,79,Postgraduate,Female,64
13,82,73,High School,Male,66
1,88,72,College,Male,92
22,81,71,High School,Male,69
22,77,85,College,Male,68
10,75,87,High School,Female,63
14,94,76,High School,Male,64
37,69,87,College,Female,68
18,89,76,High School,Male,67
24,90,55,Postgraduate,Male,68
16,77,93,,Male,66
7,72,94,Postgraduate,Male,66
19,79,63,High School,Male,68
18,64,89,High School,Male,64
18,62,76,College,Female,63
19,64,56,High School,Female,62
22,67,70,High School,Male,66
19,80,54,Postgraduate,Male,65
12,94,89,High School,Male,66
23,69,60,High School,Male,66
8,97,58,College,Female,69
8,98,60,Postgraduate,Female,67
24,98,61,High School,Female,75
23,94,84,Postgraduate,Male,73
20,75,82,College,Female,66
12,63,56,College,Male,61
16,83,86,High School,Female,68
18,82,67,College,Male,67
10,94,73,High School,Male,66
16,100,56,High School,Female,69
24,80,85,High School,Male,69
29,74,69,College,Female,67
17,67,82,High School,Female,65
25,60,71,High School,Male,63
9,80,52,Postgraduate,Female,63
24,82,85,High School,Male,66
15,93,78,High School,Male,66
22,80,72,College,Female,69
19,97,60,Postgraduate,Female,72
28,85,81,High School,Male,70
15,94,64,College,Male,68
24,66,71,High School,Male,66
18,94,53,College,Female,67
19,87,89,Postgraduate,Female,68
19,67,55,High School,Male,62
15,68,95,College,Female,64
20,97,93,College,Male,71
20,61,99,College,Male,65
21,79,95,Postgraduate,Female,69
21,73,99,High School,Male,65
25,87,94,High School,Male,71
26,94,56,College,Female,69
14,74,72,College,Male,65
25,77,54,College,Male,66
13,99,77,College,Female,68
24,91,76,High School,Female,72
24,96,96,High School,Female,74
9,78,98,High School,Male,64
21,69,63,High School,Male,64
17,76,79,Postgraduate,Female,63
15,89,73,High School,Male,66
28,64,77,High School,Male,67
16,71,77,College,Male,64
15,62,96,High School,Male,62
20,77,95,High School,Male,66
24,93,56,Postgraduate,Female,71
19,61,67,Postgraduate,Female,63
27,87,88,College,Male,72
23,97,84,High School,Female,71
7,69,82,Postgraduate,Female,61
17,88,100,Postgraduate,Female,71
17,99,67,Postgraduate,Male,69
23,98,76,,Male,74
4,69,99,High School,Male,61
35,64,85,High School,Male,68
23,66,82,High School,Male,67
21,88,58,College,Male,70
27,89,62,High School,Male,69
34,87,69,College,Male,72
25,73,73,High School,Male,66
26,67,75,High School,Male,67
21,83,95,High School,Female,70
19,79,55,Postgraduate,Male,68
17,89,62,College,Female,68
15,78,57,High School,Female,65
16,74,87,College,Female,63
12,72,99,College,Female,62
20,68,95,High School,Female,66
10,71,86,Postgraduate,Male,62
21,64,51,College,Female,61
20,74,67,College,Female,63
21,61,93,,Female,65
17,67,83,High School,Male,64
38,90,60,College,Male,74
28,73,73,Postgraduate,Female,70
13,87,54,,Female,63
21,89,76,High School,Female,68
16,83,95,College,Male,69
14,98,52,,Male,70
12,61,81,College,Male,62
23,90,62,Postgraduate,Male,71
16,98,100,,Male,69
26,94,53,High School,Male,69
26,67,81,College,Male,68
28,73,63,High School,Male,65
15,67,94,High School,Male,65
23,84,56,High School,Female,65
24,88,71,High School,Female,72
17,73,59,High School,Female,63
15,82,90,High School,Male,68
30,88,68,College,Female,72
21,77,59,High School,Male,66
24,94,86,College,Female,71
15,91,91,College,Female,67
13,63,73,Postgraduate,Male,61
17,85,69,High School,Female,70
19,69,82,College,Male,64
14,82,83,High School,Male,64
20,98,83,High School,Female,68
10,95,64,Postgraduate,Male,70
13,76,97,College,Male,65
24,72,61,High School,Female,67
24,69,69,College,Male,65
18,81,64,High School,Female,65
14,65,97,High School,Female,65
14,82,91,High School,Male,66
18,60,91,High School,Male,62
24,73,50,High School,Male,63
26,69,84,High School,Male,63
17,99,62,High School,Male,70
13,89,98,High School,Male,67
22,74,77,High School,Male,66
15,64,78,High School,Male,63
17,81,68,College,Female,66
28,69,77,College,Female,67
25,81,87,Postgraduate,Female,68
21,93,78,High School,Male,67
12,85,82,High School,Male,66
21,85,74,High School,Female,71
26,82,86,Postgraduate,Male,69
18,97,95,Postgraduate,Male,72
28,97,53,College,Female,70
28,81,55,High School,Male,68
30,72,84,High School,Male,68
22,78,69,High School,Female,67
24,67,64,College,Female,62
28,85,59,Postgraduate,Male,67
23,80,79,Postgraduate,Male,69
17,64,67,College,Male,64
17,68,75,College,Female,66
21,79,98,High School,Male,69
12,96,88,College,Female,70
19,83,90,College,Female,69
27,87,56,Postgraduate,Male,72
7,74,66,High School,Female,61
29,83,55,High School,Female,68
27,78,98,High School,Male,68
17,86,84,High School,Female,66
23,62,51,College,Male,65
20,80,74,College,Female,66
27,72,63,College,Female,67
26,73,77,College,Male,68
12,98,59,Postgraduate,Female,67
24,67,53,College,Female,63
19,72,66,Postgraduate,Male,64
20,80,65,College,Male,66
16,95,86,High School,Male,69
30,77,74,Postgraduate,Male,70
26,90,65,High School,Female,72
16,94,79,High School,Female,71
12,72,54,Postgraduate,Male,63
18,76,83,High School,Male,68
23,74,57,College,Male,67
21,93,64,Postgraduate,Male,69
28,62,64,Postgraduate,Male,65
25,72,73,College,Male,69
26,87,98,College,Male,71
22,83,66,High School,Female,67
12,77,64,College,Female,64
19,82,58,College,Female,68
26,68,70,College,Male,67
20,77,59,High School,Female,62
23,80,57,Postgraduate,Female,68
18,96,93,College,Female,72
14,70,53,High School,Male,61
19,95,86,High School,Male,67
22,86,60,Postgraduate,Male,70
16,61,51,High School,Male,59
19,89,90,College,Female,70
14,61,85,High School,Female,60
27,100,67,College,Male,74
18,95,54,College,Male,68
29,72,68,College,Female,67
29,70,59,Postgraduate,Male,67
20,75,97,College,Female,66
14,74,76,High School,Female,63
7,75,98,College,Male,62
11,73,68,College,Female,64
12,85,78,College,Male,68
28,67,60,High School,Female,65
21,94,90,Postgraduate,Female,71
22,92,52,Postgraduate,Female,68
7,79,85,High School,Male,62
13,94,70,High School,Male,68
25,70,79,High School,Male,68
22,61,80,Postgraduate,Male,67
19,85,86,College,Female,67
23,78,60,High School,Male,70
30,83,77,High School,Female,69
19,96,71,Postgraduate,Male,70
20,99,64,High School,Male,69
21,85,75,High School,Female,70
34,91,98,,Male,72
7,63,97,High School,Female,59
24,66,64,High School,Male,64
19,89,94,College,Female,72
23,77,94,Postgraduate,Male,70
16,78,62,High School,Female,63
20,72,80,College,Male,66
24,84,93,High School,Male,72
39,67,76,,Female,71
25,85,68,Postgraduate,Female,71
15,67,83,High School,Male,62
17,63,59,Postgraduate,Male,62
17,73,58,College,Male,64
9,69,92,Postgraduate,Male,65
18,96,52,College,Female,68
24,62,90,College,Male,67
12,67,65,High School,Male,61
26,82,74,High School,Female,68
23,79,77,High School,Male,68
16,62,88,High School,Female,62
19,60,94,High School,Female,62
30,100,90,High School,Male,74
24,86,79,High School,Female,68
20,75,67,College,Male,66
19,79,76,,Male,67
20,71,52,High School,Male,65
17,74,62,High School,Male,66
7,86,68,Postgraduate,Male,67
32,95,66,College,Male,76
21,67,55,High School,Female,66
22,94,53,College,Female,68
20,65,71,College,Female,63
16,69,54,College,Female,65
19,61,64,High School,Male,63
10,66,74,High School,Male,59
34,97,60,High School,Male,74
13,78,54,College,Male,62
14,63,72,High School,Female,59
17,98,72,High School,Male,71
28,95,96,Postgraduate,Male,73
20,90,56,High School,Male,68
13,97,81,High School,Male,68
28,69,66,College,Male,66
24,93,56,College,Male,69
23,88,70,High School,Female,70
24,95,71,High School,Male,74
34,92,68,College,Female,75
33,74,88,College,Male,71
16,91,92,High School,Male,71
30,70,57,College,Female,65
22,73,58,Postgraduate,Male,65
23,64,71,Postgraduate,Male,65
10,97,66,Postgraduate,Female,67
19,72,91,,Male,67
15,81,100,Postgraduate,Male,67
25,76,59,College,Female,71
26,98,88,College,Female,72
8,73,80,College,Male,62
20,91,82,College,Male,70
27,94,63,College,Female,72
19,77,55,College,Male,64
24,75,77,College,Male,66
22,90,81,High School,Male,69
22,97,98,College,Female,71
18,90,84,High School,Male,68
13,69,72,High School,Female,63
13,96,100,High School,Male,71
24,76,69,High School,Male,65
20,83,58,High School,Female,66
19,93,81,College,Female,68
17,68,63,High School,Male,61
18,91,96,Postgraduate,Male,71
26,84,71,High School,Female,70
18,96,57,High School,Female,66
12,67,57,College,Male,61
24,77,82,High School,Male,67
19,93,68,Postgraduate,Female,72
20,61,68,High School,Female,65
30,64,81,College,Female,68
20,100,61,College,Male,70
22,71,57,High School,Male,63
13,99,83,Postgraduate,Female,69
19,67,50,High School,Male,62
24,74,95,Postgraduate,Female,71
11,90,59,High School,Male,64
21,86,72,High School,Male,69
21,83,61,Postgraduate,Male,71
20,81,61,High School,Female,63
26,94,92,High School,Female,72
22,69,79,College,Male,66
29,78,66,High School,Male,69
14,66,63,High School,Male,60
21,84,61,High School,Female,68
21,70,78,College,Male,65
14,73,87,College,Female,67
26,79,63,High School,Male,66
34,61,67,Postgraduate,Male,68
20,64,86,High School,Female,63
23,87,87,College,Male,73
21,77,60,College,Male,66
16,95,69,College,Male,67
9,88,93,Postgraduate,Male,66
16,60,87,High School,Male,60
12,85,58,Postgraduate,Male,67
30,64,69,High School,Female,67
19,91,99,High School,Female,70
18,100,76,High School,Female,69
25,81,86,Postgraduate,Male,68
13,87,55,High School,Female,67
15,69,92,College,Male,63
20,78,80,College,Male,70
26,94,59,High School,Female,71
23,67,69,High School,Female,67
21,71,54,High School,Male,64
20,78,89,College,Female,66
22,88,87,Postgraduate,Male,70
21,75,75,High School,Male,65
14,97,73,College,Male,68
20,64,73,Postgraduate,Female,65
14,75,52,Postgraduate,Male,65
20,88,68,College,Female,69
17,69,56,High School,Female,63
35,86,59,College,Female,70
20,67,98,College,Male,64
12,62,63,High School,Female,62
19,65,74,High School,Female,66
23,97,94,High School,Male,73
30,82,71,Postgraduate,Female,72
16,92,76,Postgraduate,Male,68
11,73,58,College,Male,62
25,84,64,High School,Male,67
12,80,75,High School,Male,62
17,98,68,High School,Male,72
18,90,52,High School,Male,67
20,89,70,High School,Female,68
24,62,91,High School,Female,65
16,82,56,High School,Female,79
18,79,51,High School,Male,66
20,97,56,High School,Female,68
21,70,84,Postgraduate,Male,65
21,71,90,High School,Female,67
23,76,52,College,Male,67
25,70,94,High School,Male,67
22,65,81,College,Female,68
23,94,76,High School,Male,72
11,82,63,High School,Male,65
20,94,69,High School,Female,65
23,93,97,College,Male,70
24,71,96,High School,Male,67
16,82,81,College,Male,68
16,63,79,College,Male,63
17,97,61,High School,Male,68
23,76,98,Postgraduate,Female,69
26,76,88,High School,Male,66
18,72,69,High School,Female,64
25,78,91,High School,Male,69
21,70,61,High School,Male,62
19,75,61,High School,Female,65
19,92,90,High School,Female,70
24,93,78,High School,Female,72
22,72,78,High School,Female,66
34,79,79,High School,Male,70
15,95,56,High School,Male,67
23,62,67,Postgraduate,Female,65
17,96,79,Postgraduate,Male,68
15,69,62,High School,Male,62
20,87,75,Postgraduate,Male,68
21,83,78,High School,Female,69
38,82,97,College,Male,72
19,94,62,High School,Male,65
13,64,72,Postgraduate,Male,63
22,74,99,College,Female,68
8,82,59,College,Male,62
19,92,89,Postgraduate,Male,69
20,69,59,High School,Female,65
25,92,93,High School,Female,74
26,76,74,High School,Female,70
17,68,99,High School,Female,65
19,90,59,College,Male,70
15,64,84,College,Male,59
13,81,85,High School,Male,63
22,63,86,College,Female,64
12,74,55,Postgraduate,Male,63
18,84,64,High School,Female,67
14,82,67,High School,Female,65
23,76,66,College,Male,67
31,77,84,,Male,73
12,69,53,College,Male,64
9,78,87,Postgraduate,Male,65
19,98,76,High School,Male,72
20,94,59,High School,Female,72
21,66,61,College,Male,66
17,61,55,College,Male,62
19,97,73,College,Male,68
22,81,80,College,Female,67
26,82,79,Postgraduate,Female,69
8,91,98,High School,Female,67
18,73,65,College,Female,63
21,79,88,High School,Male,65
14,99,86,College,Male,71
30,87,53,Postgraduate,Male,70
16,66,97,Postgraduate,Male,68
20,65,97,College,Female,65
23,68,70,High School,Male,68
16,91,71,College,Male,69
9,72,91,High School,Female,62
17,61,75,College,Female,62
26,98,90,Postgraduate,Female,72
18,67,52,Postgraduate,Male,64
15,60,63,High School,Female,58
26,69,55,College,Male,66
18,69,73,Postgraduate,Male,64
17,77,93,College,Female,68
21,97,78,Postgraduate,Female,69
25,95,76,High School,Male,71
34,78,68,College,Male,71
25,76,53,High School,Male,67
27,82,88,High School,Male,71
17,70,79,High School,Female,64
14,62,97,High School,Male,62
20,98,72,High School,Female,70
21,67,70,Postgraduate,Female,63
14,68,99,High School,Female,66
19,79,57,High School,Male,65
22,80,63,College,Male,69
22,61,74,High School,Male,63
23,66,76,College,Male,64
22,75,77,High School,Male,66
17,87,61,High School,Female,67
17,69,96,College,Male,66
13,77,85,Postgraduate,Female,65
31,82,63,Postgraduate,Male,72
20,96,65,High School,Female,70
19,73,94,College,Female,67
14,65,69,College,Male,64
38,80,78,College,Female,72
14,90,56,High School,Female,65
17,64,63,High School,Female,62
22,77,71,High School,Female,67
24,61,83,High School,Male,64
26,61,64,Postgraduate,Male,63
31,79,98,College,Male,72
23,72,61,High School,Male,66
14,94,89,Postgraduate,Female,70
18,84,68,Postgraduate,Female,66
22,78,92,High School,Male,70
32,76,96,High School,Female,67
12,80,59,High School,Female,64
27,62,75,,Male,67
21,96,58,College,Male,72
25,100,85,High School,Male,72
19,67,92,Postgraduate,Female,68
15,65,69,Postgraduate,Female,64
25,66,70,High School,Male,66
24,86,60,College,Male,68
26,86,65,High School,Female,66
20,94,66,High School,Female,70
16,90,58,Postgraduate,Female,70
11,78,65,High School,Female,62
25,85,95,College,Male,69
23,88,66,College,Male,69
14,81,64,College,Male,66
17,79,69,Postgraduate,Female,68
17,86,98,Postgraduate,Male,71
11,82,88,Postgraduate,Female,64
15,86,60,College,Male,67
13,85,88,High School,Female,68
18,89,88,,Male,67
16,86,98,Postgraduate,Male,68
10,81,95,High School,Female,69
32,87,55,High School,Male,71
28,78,73,High School,Female,68
15,70,85,College,Male,65
22,60,99,College,Male,63
23,82,54,High School,Female,65
27,84,68,Postgraduate,Female,72
15,99,75,College,Male,67
27,74,71,High School,Female,69
17,76,73,Postgraduate,Male,67
12,68,68,College,Male,64
24,63,99,High School,Female,62
28,91,90,High School,Male,71
36,70,87,,Male,70
13,84,71,College,Male,64
24,88,94,Postgraduate,Male,69
18,79,55,High School,Female,65
25,95,57,College,Female,73
11,78,98,High School,Female,64
12,71,78,Postgraduate,Female,64
15,96,58,Postgraduate,Male,70
20,94,97,College,Male,70
16,67,99,High School,Male,64
24,61,94,College,Female,64
26,64,62,High School,Male,66
24,71,64,College,Male,66
30,99,70,High School,Female,74
22,82,79,College,Female,69
13,75,100,Postgraduate,Male,67
28,96,98,High School,Male,73
16,78,96,Postgraduate,Female,66
25,73,54,High School,Female,67
29,98,88,College,Male,75
23,94,94,High School,Male,73
11,94,67,High School,Female,67
14,80,61,College,Female,65
28,92,87,High School,Female,71
19,67,55,High School,Male,63
20,83,97,High School,Female,68
25,99,58,High School,Male,72
24,72,73,High School,Male,67
22,92,99,College,Female,71
19,80,99,Postgraduate,Male,67
18,62,89,Postgraduate,Female,66
25,91,92,High School,Male,72
23,67,98,College,Female,64
18,85,96,College,Male,68
26,63,81,High School,Female,65
19,98,87,Postgraduate,Male,74
15,72,80,College,Female,65
15,69,75,High School,Female,63
14,65,94,Postgraduate,Male,65
18,98,87,High School,Male,70
27,88,93,High School,Male,71
15,90,55,College,Female,66
21,80,79,College,Male,69
16,79,66,College,Male,67
18,64,76,High School,Male,64
11,82,81,High School,Female,67
19,70,92,High School,Male,67
19,99,52,High School,Male,70
23,92,58,Postgraduate,Female,71
21,77,96,High School,Female,68
13,66,98,High School,Male,65
27,91,53,Postgraduate,Female,70
21,65,67,High School,Female,64
21,68,50,High School,Male,67
20,68,88,High School,Male,63
17,82,84,High School,Female,65
21,91,78,High School,Male,70
23,73,85,College,Male,67
10,63,77,High School,Male,60
17,79,62,High School,Female,64
18,90,88,High School,Female,65
22,69,89,High School,Female,64
27,69,93,College,Male,67
15,98,98,High School,Female,71
17,98,87,High School,Female,69
17,100,53,High School,Male,70
15,92,51,College,Female,69
18,68,87,High School,Male,69
25,68,53,College,Female,64
14,74,66,Postgraduate,Male,63
23,73,57,College,Male,67
10,98,98,College,Female,66
17,92,66,High School,Female,69
18,89,53,College,Male,69
30,67,97,,Male,69
18,96,80,College,Male,72
7,93,52,High School,Female,65
8,67,92,College,Male,63
20,95,58,College,Male,69
24,71,90,College,Male,69
22,63,80,College,Female,64
21,86,59,College,Male,69
27,86,88,Postgraduate,Male,72
17,64,73,College,Male,62
25,73,82,High School,Male,66
10,100,93,High School,Female,65
15,87,63,College,Female,69
9,89,68,High School,Female,65
18,69,100,High School,Male,67
20,63,75,High School,Female,63
21,71,78,High School,Male,66
20,70,64,High School,Male,61
14,69,71,High School,Female,64
19,68,75,Postgraduate,Male,64
11,83,63,College,Male,65
28,73,62,Postgraduate,Female,68
18,93,80,High School,Male,69
17,67,59,High School,Female,61
30,79,78,Postgraduate,Female,72
13,61,85,College,Male,61
13,79,60,College,Male,66
13,62,87,College,Male,60
20,99,68,Postgraduate,Male,69
23,92,100,College,Male,72
24,80,99,High School,Female,69
35,63,90,College,Male,71
7,84,67,College,Male,64
24,90,97,High School,Male,71
17,68,100,High School,Male,64
16,83,73,College,Female,67
16,93,81,Postgraduate,Male,67
15,91,50,High School,Female,66
30,92,52,College,Male,73
25,95,75,High School,Male,73
20,98,80,College,Male,70
28,76,66,College,Male,70
11,83,55,Postgraduate,Female,62
12,92,89,Postgraduate,Male,68
7,88,71,High School,Female,65
16,100,82,High School,Male,73
21,61,83,College,Female,65
21,74,77,College,Male,66
21,71,59,College,Male,64
12,70,81,High School,Male,63
25,69,66,College,Male,62
21,88,91,Postgraduate,Female,70
24,63,60,High School,Male,65
9,90,65,High School,Male,64
22,88,72,Postgraduate,Male,70
13,70,87,High School,Male,62
18,70,86,High School,Female,67
23,85,67,Postgraduate,Female,66
21,90,76,College,Female,74
15,95,62,High School,Male,69
20,94,89,High School,Female,70
11,99,60,College,Female,68
27,83,91,Postgraduate,Male,70
19,96,97,High School,Male,71
27,92,100,Postgraduate,Female,73
17,96,93,High School,Male,69
17,60,61,Postgraduate,Female,61
15,99,71,College,Male,68
25,79,54,Postgraduate,Male,66
16,92,58,High School,Female,67
24,65,52,Postgraduate,Female,64
18,76,82,College,Male,67
8,71,77,High School,Female,61
17,72,96,High School,Male,65
13,65,73,Postgraduate,Female,62
20,92,82,High School,Female,69
13,60,70,College,Female,61
26,73,91,High School,Male,69
19,67,96,College,Male,64
19,84,72,High School,Female,65
24,70,54,High School,Female,64
26,70,58,Postgraduate,Male,68
20,80,86,High School,Female,67
15,86,66,College,Male,68
9,65,89,High School,Male,61
16,67,87,College,Male,69
16,70,85,High School,Male,64
21,99,91,College,Male,74
18,76,88,College,Female,66
24,84,82,High School,Male,68
16,70,50,Postgraduate,Male,65
20,80,76,College,Female,66
27,63,80,High School,Female,66
22,61,98,College,Female,65
20,79,83,College,Male,67
16,76,79,Postgraduate,Female,65
16,65,77,High School,Male,63
15,88,55,High School,Male,67
17,100,71,High School,Male,70
25,76,57,Postgraduate,Male,68
19,85,53,College,Male,66
12,99,66,Postgraduate,Female,67
31,93,82,High School,Male,72
22,79,93,High School,Female,68
12,89,91,High School,Male,66
17,65,65,High School,Male,62
21,80,52,High School,Male,65
30,71,70,High School,Female,67
13,66,66,College,Female,62
26,77,69,High School,Female,66
28,65,78,College,Female,67
16,88,52,High School,Female,68
18,78,69,Postgraduate,Female,66
14,81,78,College,Female,68
19,66,72,High School,Male,62
20,66,83,College,Male,64
24,83,59,High School,Male,68
27,99,58,Postgraduate,Male,71
16,64,65,High School,Male,63
8,71,55,College,Male,62
20,95,62,College,Male,69
22,63,54,High School,Male,62
21,95,70,High School,Female,71
18,81,86,College,Male,69
21,76,64,High School,Male,66
29,72,50,High School,Female,64
22,72,78,Postgraduate,Male,65
18,72,85,High School,Male,68
17,95,70,High School,Male,69
19,89,65,Postgraduate,Male,68
30,87,75,College,Male,71
19,92,55,High School,Male,66
20,70,82,High School,Male,65
17,85,87,,Female,68
27,78,85,College,Male,72
32,91,66,Postgraduate,Female,75
23,72,92,College,Male,67
20,86,97,High School,Male,67
20,95,65,College,Female,70
6,76,63,College,Male,64
24,63,85,High School,Female,65
21,81,85,Postgraduate,Male,68
23,74,76,College,Female,67
16,87,96,College,Male,66
18,98,57,Postgraduate,Male,69
18,79,74,High School,Female,64
26,79,52,Postgraduate,Female,68
18,86,53,High School,Male,68
32,64,53,College,Female,65
23,70,75,High School,Male,65
12,97,79,High School,Male,65
19,87,50,High School,Female,67
16,61,82,High School,Female,63
7,68,74,High School,Female,62
30,87,61,High School,Male,73
24,91,51,High School,Male,72
23,94,58,High School,Female,71
21,72,80,High School,Male,67
12,97,83,College,Male,66
17,82,82,High School,Male,68
25,88,58,Postgraduate,Male,70
14,84,96,Postgraduate,Male,66
5,65,71,College,Male,56
19,99,88,High School,Female,71
19,65,58,Postgraduate,Female,64
21,70,74,Postgraduate,Male,65
24,93,76,High School,Male,70
24,85,89,Postgraduate,Male,70
22,94,81,High School,Male,71
27,81,70,High School,Female,70
11,75,64,College,Female,62
23,97,99,High School,Female,72
24,61,64,High School,Female,62
13,94,56,College,Male,67
11,69,65,College,Male,58
16,94,66,College,Female,69
16,66,56,College,Female,60
25,83,85,College,Male,72
16,96,81,High School,Male,66
15,79,66,College,Female,66
16,90,100,High School,Male,69
27,92,83,College,Female,70
20,89,85,Postgraduate,Female,70
19,97,78,College,Male,70
19,78,78,College,Female,67
28,67,51,High School,Female,67
16,62,89,High School,Female,59
28,70,96,,Male,67
21,66,56,Postgraduate,Male,65
19,82,90,College,Male,68
35,67,77,College,Male,71
14,62,64,College,Male,61
18,61,96,High School,Male,63
13,93,51,High School,Female,67
26,84,64,College,Male,69
30,74,94,High School,Male,70
30,96,74,High School,Male,69
27,63,80,High School,Female,66
19,99,87,High School,Female,70
18,85,57,Postgraduate,Male,67
10,67,61,High School,Female,61
32,87,100,Postgraduate,Male,74
23,91,62,College,Male,70
17,77,77,High School,Female,66
28,94,65,High School,Female,73
14,66,93,High School,Male,62
22,71,98,High School,Female,65
19,64,57,High School,Female,62
24,68,80,Postgraduate,Male,64
20,70,91,High School,Male,63
11,97,91,High School,Male,69
20,63,72,Postgraduate,Male,63
26,77,61,College,Male,67
20,81,69,High School,Female,65
25,96,88,High School,Male,71
14,100,100,Postgraduate,Female,71
20,90,78,Postgraduate,Male,69
16,99,60,Postgraduate,Male,71
24,91,52,High School,Male,68
20,99,97,High School,Male,70
24,88,74,Postgraduate,Male,71
27,63,86,Postgraduate,Female,68
24,76,83,High School,Female,69
22,86,95,College,Male,71
14,74,63,College,Female,63
20,71,72,Postgraduate,Male,66
17,83,96,College,Male,67
18,97,79,High School,Male,71
18,61,54,College,Female,59
14,91,60,High School,Male,67
8,89,62,High School,Male,66
16,99,100,High School,Female,72
21,97,61,Postgraduate,Female,70
12,90,93,High School,Female,68
20,81,54,College,Female,63
31,68,59,Postgraduate,Female,69
26,82,94,High School,Male,67
30,91,95,College,Female,75
22,96,59,High School,Female,67
27,92,61,Postgraduate,Male,74
16,68,77,Postgraduate,Male,66
16,84,53,High School,Male,65
4,73,97,High School,Male,60
27,60,68,High School,Female,63
29,68,74,Postgraduate,Male,69
17,65,55,High School,Male,64
18,94,52,College,Female,68
15,70,73,,Male,63
22,71,56,Postgraduate,Male,65
27,98,82,High School,Female,74
10,75,90,Postgraduate,Male,65
22,60,52,High School,Female,61
18,71,81,High School,Male,66
21,65,91,High School,Male,67
23,64,72,College,Male,66
19,63,98,Postgraduate,Male,69
19,84,56,High School,Female,65
19,68,66,High School,Female,65
26,74,62,High School,Female,66
23,94,100,Postgraduate,Male,73
21,77,65,High School,Female,64
12,97,69,High School,Female,67
18,80,92,College,Male,67
25,76,96,High School,Female,68
20,90,97,College,Male,71
24,63,78,High School,Male,64
31,64,83,High School,Female,67
26,86,67,High School,Female,68
21,79,80,College,Male,67
17,92,65,College,Male,70
5,97,87,High School,Female,64
19,76,65,High School,Female,63
18,84,94,High School,Male,71
22,80,57,Postgraduate,Male,64
19,99,79,High School,Male,70
18,93,76,College,Female,70
9,96,63,High School,Male,67
14,70,51,College,Male,62
23,91,57,High School,Male,69
30,71,98,High School,Female,69
19,68,97,College,Female,62
22,98,56,College,Female,70
26,61,69,High School,Male,66
15,99,73,High School,Male,69
22,66,74,Postgraduate,Female,65
16,93,65,High School,Female,66
25,71,96,High School,Female,69
21,74,95,High School,Female,66
22,69,51,High School,Female,65
15,83,83,Postgraduate,Female,66
24,74,54,,Female,63
33,86,80,Postgraduate,Female,72
14,61,93,High School,Male,62
18,63,82,High School,Male,64
21,64,73,College,Female,61
25,77,98,High School,Male,70
17,93,87,High School,Female,67
3,96,62,High School,Male,66
28,70,69,High School,Male,66
25,83,88,College,Male,68
10,91,51,Postgraduate,Male,67
16,72,53,College,Male,65
29,76,93,College,Male,70
29,81,52,College,Female,69
26,65,84,Postgraduate,Male,68
19,61,66,High School,Male,61
20,66,91,High School,Male,65
19,85,92,College,Female,71
27,63,98,High School,Female,66
15,68,55,High School,Female,62
15,74,71,Postgraduate,Male,61
26,63,79,High School,Male,67
20,68,96,High School,Female,66
28,96,63,High School,Female,71
16,61,54,College,Male,62
20,86,60,Postgraduate,Male,67
14,75,75,High School,Male,64
20,87,84,High School,Male,68
11,84,85,College,Female,67
17,69,54,High School,Male,63
11,94,88,High School,Male,70
24,80,83,High School,Male,67
24,93,70,High School,Female,71
10,76,79,High School,Female,62
28,99,88,High School,Female,75
35,91,63,High School,Male,72
20,99,97,College,Female,73
16,81,57,High School,Male,64
37,79,95,High School,Male,73
12,90,87,Postgraduate,Male,66
20,95,83,High School,Female,69
21,99,54,College,Male,70
28,73,96,Postgraduate,Female,70
22,92,65,High School,Male,71
17,68,87,College,Male,64
14,82,94,Postgraduate,Male,71
18,67,62,High School,Male,63
14,74,96,College,Male,68
20,97,81,College,Male,71
17,66,83,High School,Male,65
11,85,96,High School,Male,66
28,84,76,High School,Male,72
17,65,72,College,Male,65
12,73,82,High School,Male,60
19,83,78,Postgraduate,Male,67
20,67,53,Postgraduate,Male,65
10,92,59,High School,Female,64
22,99,51,High School,Male,72
14,69,55,High School,Male,62
30,67,86,High School,Female,67
23,78,50,Postgraduate,Female,67
18,90,65,College,Female,69
16,71,72,College,Female,65
19,61,97,College,Male,62
24,82,66,Postgraduate,Male,69
20,98,89,College,Female,72
19,76,70,College,Female,63
20,77,55,College,Female,64
16,99,55,College,Female,67
18,88,72,Postgraduate,Male,70
7,89,53,High School,Male,64
26,83,79,High School,Female,69
22,99,75,High School,Female,72
15,88,85,Postgraduate,Female,69
31,96,59,High School,Female,75
21,88,80,Postgraduate,Male,67
14,89,59,College,Male,67
25,72,86,High School,Female,66
22,72,65,High School,Male,64
22,91,81,High School,Male,68
17,72,94,High School,Male,66
23,83,74,Postgraduate,Male,69
18,70,60,College,Male,65
23,93,94,High School,Female,70
9,64,68,High School,Male,57
17,93,87,College,Male,69
30,84,66,Postgraduate,Female,70
15,67,65,College,Male,63
16,82,82,Postgraduate,Female,66
17,71,58,High School,Male,64
13,73,93,Postgraduate,Female,65
7,74,69,High School,Male,64
19,63,51,High School,Male,62
21,99,65,College,Female,71
20,61,89,Postgraduate,Female,64
19,86,93,High School,Male,72
20,75,78,College,Female,64
26,86,65,Postgraduate,Male,71
19,74,76,College,Female,68
17,87,92,College,Male,68
18,89,66,College,Male,68
23,88,69,High School,Male,69
28,65,77,College,Male,67
16,86,94,High School,Male,66
21,71,79,Postgraduate,Male,65
22,61,60,High School,Male,63
14,77,54,High School,Male,62
20,77,55,College,Male,67
11,79,98,High School,Female,65
9,88,91,College,Female,66
22,72,88,High School,Female,66
18,73,75,College,Female,64
21,62,84,High School,Female,67
20,87,56,College,Female,67
14,83,81,High School,Male,61
20,74,91,High School,Male,66
13,88,53,College,Male,66
28,81,65,High School,Male,67
12,79,56,High School,Female,64
19,80,63,High School,Male,64
14,85,89,College,Male,67
23,86,67,College,Female,68
18,72,84,High School,Male,64
17,66,89,College,Male,63
25,66,91,College,Male,68
20,86,94,High School,Female,64
23,95,80,High School,Female,70
14,76,64,College,Male,64
12,67,58,High School,Male,59
21,90,75,High School,Male,71
18,93,55,High School,Male,67
24,95,96,Postgraduate,Female,73
20,84,72,High School,Male,66
21,94,94,College,Male,73
10,61,85,High School,Female,62
31,64,93,High School,Female,69
19,64,94,Postgraduate,Female,66
24,89,53,High School,Male,68
15,63,86,High School,Male,65
22,80,61,College,Male,67
12,79,99,High School,Female,64
23,72,89,High School,Male,67
18,95,50,High School,Female,66
20,67,96,High School,Female,68
24,74,65,College,Male,68
13,91,71,College,Male,64
16,61,81,High School,Female,63
23,87,96,College,Female,72
33,93,96,Postgraduate,Female,75
19,97,78,High School,Male,71
24,95,66,High School,Male,71
19,73,64,College,Female,66
32,83,68,High School,Female,71
10,63,59,Postgraduate,Male,61
21,70,83,High School,Male,65
10,64,76,High School,Female,58
5,73,89,High School,Male,62
22,95,55,College,Female,69
21,74,70,Postgraduate,Male,65
18,82,62,High School,Female,69
19,77,77,College,Female,68
39,78,73,College,Male,70
18,99,72,High School,Female,72
23,72,66,Postgraduate,Female,66
16,85,86,High School,Female,68
22,77,74,College,Male,67
19,62,60,College,Female,61
18,80,77,College,Female,64
31,93,80,High School,Male,74
27,64,51,High School,Female,64
21,63,60,Postgraduate,Male,64
6,66,62,Postgraduate,Male,61
18,91,62,High School,Male,71
36,89,62,College,Male,72
19,83,64,Postgraduate,Female,68
27,79,63,College,Female,69
29,96,94,High School,Male,74
21,91,66,College,Female,70
15,92,67,Postgraduate,Male,69
5,93,63,Postgraduate,Male,64
24,86,98,Postgraduate,Male,71
15,78,77,College,Male,65
21,95,81,High School,Male,71
13,97,87,Postgraduate,Female,71
18,61,67,Postgraduate,Male,66
20,62,98,High School,Male,64
22,98,58,,Male,70
13,71,73,High School,Male,61
27,95,57,High School,Female,71
16,76,90,Postgraduate,Male,65
10,65,55,High School,Female,59
19,63,78,College,Male,63
20,66,55,Postgraduate,Female,64
21,70,73,College,Male,63
28,80,64,Postgraduate,Female,70
19,88,95,High School,Male,70
19,99,53,College,Male,72
13,78,82,College,Female,65
25,81,85,Postgraduate,Female,71
21,81,94,Postgraduate,Male,70
17,82,94,High School,Female,66
9,81,99,High School,Female,64
29,60,63,Postgraduate,Male,64
13,60,64,College,Male,59
16,64,70,High School,Male,65
22,64,77,High School,Male,66
13,88,68,High School,Female,67
11,68,87,High School,Male,62
7,96,50,College,Male,65
24,97,51,Postgraduate,Female,73
17,99,86,College,Male,70
38,98,94,Postgraduate,Female,75
14,71,89,Postgraduate,Female,66
14,80,56,Postgraduate,Female,65
17,67,97,Postgraduate,Female,64
21,92,76,College,Male,70
17,96,87,High School,Male,71
24,94,60,High School,Male,68
14,77,77,College,Male,64
12,90,67,High School,Female,67
9,64,99,High School,Male,65
7,62,74,Postgraduate,Female,62
17,90,88,College,Female,68
18,77,80,College,Male,66
16,100,55,College,Male,69
27,64,77,High School,Male,68
27,94,77,College,Female,71
18,79,86,College,Female,68
9,93,66,College,Male,64
17,93,93,College,Male,66
16,97,81,High School,Male,70
16,72,52,College,Female,60
16,98,85,College,Male,69
16,66,95,College,Male,65
18,63,84,High School,Female,66
16,77,69,High School,Female,64
21,93,80,College,Female,71
22,79,59,College,Male,66
15,93,80,High School,Female,66
28,89,75,High School,Male,68
14,68,51,High School,Male,63
10,98,66,College,Female,66
22,62,60,College,Male,61
15,96,70,College,Male,70
22,72,62,College,Female,68
6,80,92,Postgraduate,Male,65
28,77,85,Postgraduate,Female,69
24,67,87,College,Male,67
11,74,68,High School,Male,62
11,68,50,High School,Female,61
30,68,61,Postgraduate,Female,70
16,67,88,College,Male,65
15,80,80,High School,Female,65
6,92,77,High School,Male,66
18,83,64,High School,Female,66
19,96,54,College,Male,69
24,85,89,High School,Female,70
12,88,52,High School,Male,63
11,87,53,High School,Female,64
23,78,65,College,Female,65
26,88,79,High School,Male,71
11,63,100,High School,Female,61
26,94,55,High School,Male,69
20,91,74,High School,Male,69
27,70,80,High School,Female,66
20,91,91,High School,Male,72
5,61,84,College,Male,60
19,69,90,College,Male,62
26,63,76,High School,Female,66
15,91,72,High School,Male,69
18,90,81,Postgraduate,Male,69
19,93,95,High School,Female,71
3,60,78,Postgraduate,Female,57
30,80,80,Postgraduate,Female,72
15,88,67,High School,Female,66
23,66,80,College,Female,66
19,86,81,College,Male,70
28,63,88,High School,Male,67
22,67,79,College,Female,65
19,79,60,High School,Female,63
15,86,79,College,Female,68
25,66,65,High School,Male,63
9,67,54,College,Male,63
24,68,91,College,Female,68
13,70,53,College,Female,60
28,69,82,High School,Female,67
21,76,99,College,Male,65
24,86,54,College,Male,68
20,78,61,High School,Female,62
9,91,88,Postgraduate,Female,65
15,89,55,High School,Male,66
24,65,92,High School,Male,67
21,62,50,High School,Female,60
27,95,94,Postgraduate,Female,74
22,63,53,High School,Male,62
14,66,96,College,Male,61
15,61,93,High School,Male,63
21,85,77,College,Male,66
6,83,89,Postgraduate,Female,65
30,99,54,Postgraduate,Male,72
23,95,57,High School,Female,70
27,76,68,Postgraduate,Female,71
11,75,77,College,Male,64
27,72,93,College,Male,70
33,66,77,High School,Male,68
12,66,83,High School,Male,61
25,65,84,High School,Male,68
20,65,94,Postgraduate,Female,64
11,70,89,High School,Female,64
23,72,99,Postgraduate,Female,71
25,98,51,College,Female,72
16,83,60,College,Female,66
27,100,97,High School,Female,74
10,75,90,Postgraduate,Male,65
11,78,63,High School,Female,64
21,73,99,College,Male,69
20,67,93,College,Male,62
16,66,53,Postgraduate,Male,62
25,98,91,Postgraduate,Female,72
23,99,89,High School,Female,73
25,62,61,Postgraduate,Female,64
19,66,83,High School,Female,65
24,77,99,High School,Male,70
17,67,84,Postgraduate,Female,66
32,75,91,College,Female,70
15,65,55,High School,Female,63
33,78,86,High School,Male,69
20,71,60,High School,Male,64
12,74,54,Postgraduate,Female,63
28,64,78,Postgraduate,Male,66
21,77,88,College,Female,68
25,99,77,High School,Male,97
27,73,97,High School,Female,67
22,95,85,College,Male,71
16,94,56,College,Female,66
26,98,97,Postgraduate,Male,72
20,92,58,Postgraduate,Female,70
24,86,88,High School,Male,69
7,94,57,Postgraduate,Female,66
23,63,100,Postgraduate,Female,69
16,79,67,College,Male,65
30,100,75,College,Female,75
24,91,73,Postgraduate,Male,70
21,98,55,High School,Male,70
23,91,75,High School,Male,69
14,95,57,College,Female,68
30,88,90,College,Male,73
32,90,98,College,Male,74
22,81,90,College,Female,66
30,97,72,High School,Female,74
17,93,50,High School,Male,67
15,94,52,College,Female,67
20,87,75,College,Female,70
23,72,84,High School,Male,67
18,61,91,College,Female,80
23,97,80,College,Male,70
22,83,99,High School,Female,71
14,72,75,College,Male,64
23,66,80,College,Female,68
25,93,62,High School,Male,68
21,93,67,High School,Female,69
27,93,84,Postgraduate,Male,72
13,86,80,College,Male,65
23,75,68,High School,Male,64
13,72,56,Postgraduate,Female,64
13,60,67,High School,Male,58
16,93,52,High School,Male,69
14,63,79,High School,Male,61
17,85,66,College,Female,68
19,80,69,College,Male,66
25,81,79,College,Female,68
18,97,79,College,Male,70
10,61,79,College,Male,62
27,91,75,High School,Male,71
15,62,74,Postgraduate,Female,61
20,62,91,College,Male,64
23,77,73,College,Male,65
21,63,77,High School,Male,63
27,92,99,High School,Female,74
23,81,59,College,Male,68
15,61,86,High School,Female,65
33,62,74,College,Male,66
21,85,92,High School,Male,69
19,92,70,College,Male,69
26,78,65,College,Female,70
21,82,60,High School,Female,70
22,92,94,High School,Male,71
35,84,86,High School,Female,72
18,69,54,High School,Male,61
18,85,86,High School,Female,68
21,85,52,High School,Male,66
26,89,59,High School,Male,70
11,85,80,College,Female,63
8,99,73,High School,Female,68
16,68,92,College,Male,62
10,98,80,College,Male,69
17,82,98,High School,Male,69
23,87,93,Postgraduate,Female,72
15,64,67,High School,Male,64
11,75,92,College,Female,63
20,91,93,Postgraduate,Male,70
25,88,98,Postgraduate,Male,69
10,62,51,High School,Male,61
25,82,94,High School,Male,70
25,64,53,College,Male,64
26,100,76,Postgraduate,Male,76
27,96,71,College,Female,73
33,61,96,High School,Male,67
18,94,70,College,Female,69
21,97,80,College,Male,72
18,74,85,College,Female,66
20,89,51,Postgraduate,Female,70
29,78,80,Postgraduate,Female,73
12,86,76,Postgraduate,Female,68
15,74,80,Postgraduate,Male,66
28,73,54,High School,Female,67
26,77,53,High School,Female,67
18,66,59,High School,Male,62
25,93,93,College,Male,72
22,74,68,High School,Male,65
29,76,72,High School,Male,69
20,96,70,High School,Male,69
26,80,86,College,Male,69
36,82,63,High School,Male,69
24,98,53,High School,Female,69
20,95,69,High School,Male,70
24,67,86,Postgraduate,Female,67
18,79,96,Postgraduate,Male,69
34,99,53,College,Male,75
21,75,91,High School,Male,66
18,75,53,High School,Male,63
15,68,67,Postgraduate,Male,64
27,65,51,Postgraduate,Female,66
25,90,96,College,Male,72
17,91,85,College,Female,71
23,99,68,High School,Male,70
11,91,69,College,Male,67
21,70,82,High School,Female,65
23,62,54,High School,Male,65
30,99,57,Postgraduate,Male,73
15,74,92,Postgraduate,Male,66
12,72,60,Postgraduate,Male,62
15,96,86,High School,Male,71
12,83,61,High School,Male,66
28,69,54,College,Male,65
29,96,95,High School,Female,75
22,100,95,College,Male,74
27,63,80,High School,Male,65
21,94,73,Postgraduate,Female,71
19,76,78,Postgraduate,Female,65
18,81,70,College,Male,65
18,97,88,High School,Female,67
11,99,88,High School,Male,67
22,70,91,High School,Male,66
20,69,76,High School,Female,67
24,63,90,Postgraduate,Female,66
21,82,58,High School,Male,65
19,61,52,High School,Female,59
15,76,82,High School,Female,69
20,63,55,High School,Male,63
24,76,78,High School,Male,65
13,62,86,High School,Male,61
21,93,70,Postgraduate,Female,68
21,68,52,College,Male,65
16,73,94,College,Female,61
16,95,52,Postgraduate,Male,69
21,90,95,College,Male,72
13,69,53,High School,Female,59
22,63,87,College,Female,63
15,89,96,High School,Male,69
26,76,95,Postgraduate,Male,67
34,91,95,College,Male,70
15,78,94,Postgraduate,Male,67
23,74,76,College,Male,66
16,78,78,High School,Female,68
26,90,81,Postgraduate,Male,71
12,96,95,High School,Male,69
23,62,92,,Male,65
15,81,89,Postgraduate,Female,66
19,61,84,High School,Male,66
14,79,81,High School,Female,67
25,95,96,Postgraduate,Male,74
15,74,60,High School,Male,66
23,97,60,College,Male,72
18,85,99,College,Male,69
19,97,78,High School,Female,68
21,90,74,High School,Male,71
15,64,93,High School,Female,61
21,69,92,High School,Male,65
29,76,59,Postgraduate,Male,71
15,67,59,High School,Male,59
27,80,90,Postgraduate,Female,71
29,79,89,Postgraduate,Female,72
15,98,61,College,Female,71
11,77,92,High School,Male,61
22,91,74,College,Female,67
17,98,73,College,Male,67
31,95,99,High School,Female,74
20,68,76,High School,Female,66
15,80,57,High School,Male,63
13,74,64,High School,Male,63
27,76,67,High School,Female,68
17,74,98,High School,Female,65
20,93,63,High School,Male,66
26,78,72,High School,Female,67
17,81,87,College,Female,67
20,99,64,High School,Male,70
20,62,85,High School,Male,65
24,80,60,High School,Female,68
24,91,62,College,Male,70
19,66,99,College,Male,66
20,84,68,Postgraduate,Male,69
18,70,86,High School,Female,65
11,95,92,Postgraduate,Female,68
22,73,67,High School,Male,65
31,73,68,High School,Female,70
15,84,89,High School,Female,65
15,67,80,College,Male,67
15,71,68,College,Female,64
24,77,87,Postgraduate,Female,68
23,74,93,High School,Female,70
19,81,62,High School,Female,64
14,84,51,High School,Male,67
21,83,64,High School,Male,68
11,86,84,High School,Male,67
21,72,96,College,Female,66
25,65,93,College,Female,66
12,90,61,High School,Male,66
11,94,94,College,Male,67
29,70,91,College,Male,69
16,76,87,College,Female,65
27,80,84,College,Male,68
19,81,90,High School,Female,67
19,86,93,College,Male,69
23,62,91,High School,Male,64
15,89,56,College,Male,67
21,62,86,High School,Female,67
18,79,92,College,Male,67
12,93,59,High School,Female,67
22,78,61,College,Male,68
18,66,89,High School,Male,65
19,99,67,College,Male,70
13,96,70,College,Female,68
30,91,69,High School,Female,72
25,76,61,Postgraduate,Male,67
26,67,97,High School,Female,66
18,98,90,High School,Male,68
10,81,63,,Male,64
32,94,55,High School,Male,75
20,74,69,College,Female,66
16,73,71,Postgraduate,Male,67
23,99,50,High School,Male,71
27,81,94,College,Male,68
20,66,93,High School,Male,65
28,69,93,College,Male,67
26,79,90,College,Male,66
14,62,87,High School,Male,60
16,79,82,Postgraduate,Female,64
26,77,98,Postgraduate,Male,69
4,91,86,College,Male,64
19,74,82,High School,Male,66
11,99,89,College,Male,72
17,67,62,High School,Female,60
18,84,98,High School,Male,69
18,64,51,High School,Female,62
17,89,82,College,Female,70
13,100,54,High School,Female,65
34,93,93,High School,Male,77
31,82,98,High School,Male,71
13,79,70,High School,Female,66
29,93,93,Postgraduate,Female,74
18,97,67,High School,Male,70
21,100,58,High School,Male,69
20,76,64,College,Male,64
16,100,65,College,Female,69
26,66,82,High School,Female,68
21,70,90,High School,Male,63
17,64,60,High School,Male,61
12,71,54,College,Male,61
15,91,61,High School,Male,65
10,94,65,High School,Female,65
20,91,64,High School,Female,69
13,85,61,High School,Female,69
18,81,73,High School,Male,65
28,88,93,Postgraduate,Female,72
27,76,55,High School,Female,69
20,94,93,College,Female,71
19,87,75,High School,Female,67
31,88,83,High School,Male,72
23,81,91,High School,Female,70
18,95,65,High School,Female,68
11,70,98,Postgraduate,Female,66
22,75,54,High School,Male,68
25,91,76,College,Female,71
16,80,63,,Male,63
22,96,70,College,Male,70
18,74,72,College,Male,65
19,75,96,High School,Female,70
5,96,72,High School,Male,65
19,79,85,High School,Male,68
26,81,98,High School,Female,69
16,73,75,High School,Female,66
20,71,70,High School,Female,62
15,86,99,High School,Male,70
22,65,91,College,Female,65
19,95,97,Postgraduate,Male,71
14,91,70,Postgraduate,Male,68
28,68,85,Postgraduate,Male,65
26,88,62,High School,Female,70
16,84,93,High School,Male,69
23,67,97,College,Male,66
23,71,63,,Male,66
24,76,55,High School,Male,67
10,88,60,High School,Female,63
26,86,82,High School,Female,70
17,81,64,High School,Male,65
18,91,82,High School,Male,70
36,90,68,High School,Male,74
22,85,96,,Female,69
18,91,73,College,Male,68
7,73,75,College,Male,64
28,95,67,High School,Male,73
12,85,54,College,Male,66
14,93,75,High School,Male,65
18,82,89,College,Male,66
28,69,98,High School,Male,67
25,82,54,High School,Male,67
19,75,90,Postgraduate,Female,66
22,88,63,Postgraduate,Male,69
16,79,91,Postgraduate,Male,69
21,93,67,College,Female,68
20,87,56,College,Female,64
26,87,81,High School,Male,70
26,69,95,Postgraduate,Female,67
23,99,59,High School,Male,68
18,94,51,College,Female,67
24,92,94,Postgraduate,Female,73
19,73,85,High School,Male,65
14,81,90,Postgraduate,Male,69
18,65,53,Postgraduate,Male,63
21,82,95,High School,Female,68
25,66,71,High School,Female,64
19,82,95,Postgraduate,Female,68
13,86,53,High School,Male,66
20,76,94,High School,Male,65
21,80,84,Postgraduate,Female,69
21,95,78,High School,Male,69
26,64,53,College,Male,64
26,92,84,Postgraduate,Male,74
16,67,80,High School,Female,64
16,61,86,High School,Female,63
14,67,86,College,Female,64
24,91,72,High School,Male,71
29,76,60,High School,Female,68
18,95,96,College,Female,72
19,81,96,Postgraduate,Male,67
29,61,61,High School,Male,64
23,89,82,College,Male,70
23,64,60,College,Female,65
13,92,93,College,Male,69
24,67,55,College,Male,65
14,74,100,College,Male,66
13,90,81,High School,Female,67
18,98,51,College,Male,68
16,75,94,High School,Male,65
19,93,84,College,Male,68
11,68,85,College,Male,63
26,92,64,High School,Male,71
27,86,67,College,Male,71
8,68,96,Postgraduate,Female,65
26,72,82,Postgraduate,Female,65
15,65,51,High School,Female,61
25,75,66,High School,Male,68
20,68,80,College,Female,65
20,86,57,High School,Male,66
19,100,55,High School,Male,69
27,60,53,High School,Female,65
13,82,82,High School,Female,65
24,83,66,Postgraduate,Male,70
27,97,69,High School,Female,70
24,80,53,High School,Female,67
34,82,87,High School,Female,75
17,79,88,High School,Female,65
26,71,91,High School,Female,66
19,62,83,College,Male,67
27,76,89,Postgraduate,Male,67
20,62,79,High School,Female,62
18,82,75,College,Male,66
28,72,63,,Male,66
17,81,53,High School,Male,64
12,65,65,High School,Male,60
17,97,84,Postgraduate,Female,70
24,96,96,College,Female,72
28,68,63,College,Male,67
21,74,83,High School,Female,67
28,85,74,Postgraduate,Female,72
12,64,81,High School,Male,63
17,74,50,High School,Female,60
18,70,56,High School,Male,65
19,97,61,Postgraduate,Male,72
21,94,95,High School,Male,70
24,83,52,College,Female,71
17,81,78,College,Male,66
21,97,96,College,Female,72
20,97,83,Postgraduate,Female,73
14,99,74,College,Male,71
19,65,69,College,Male,64
19,66,81,College,Male,66
19,87,74,College,Male,69
20,82,85,Postgraduate,Female,66
20,61,81,High School,Male,63
17,62,78,High School,Male,62
28,96,98,High School,Male,98
13,95,92,College,Female,71
16,74,80,Postgraduate,Female,66
37,96,77,High School,Female,75
14,84,86,High School,Female,68
12,92,90,High School,Male,69
24,77,65,High School,Male,68
8,65,83,High School,Female,60
19,77,57,High School,Female,64
33,78,72,High School,Male,71
11,82,97,College,Male,69
8,64,66,College,Male,60
11,100,58,College,Female,70
25,70,57,High School,Male,66
27,68,70,Postgraduate,Male,68
17,81,61,College,Female,67
24,81,71,College,Male,70
28,78,86,College,Male,69
31,91,94,High School,Male,75
19,81,56,High School,Male,65
6,84,88,Postgraduate,Male,65
15,89,55,Postgraduate,Male,66
17,61,69,High School,Male,64
18,83,100,High School,Female,66
19,95,53,High School,Female,70
27,61,51,College,Male,63
28,76,67,College,Male,66
19,97,98,College,Female,71
27,74,51,High School,Male,68
22,78,61,High School,Male,68
20,99,80,Postgraduate,Male,71
25,68,62,College,Female,63
20,63,53,High School,Male,60
32,94,53,High School,Female,73
11,95,78,High School,Female,68
17,79,78,High School,Female,70
19,81,85,High School,Male,66
23,93,57,Postgraduate,Female,72
28,90,75,High School,Male,70
20,71,80,High School,Male,68
11,61,61,Postgraduate,Male,60
25,79,77,High School,Male,68
25,94,85,College,Female,74
8,96,100,High School,Male,68
20,98,80,College,Male,72
10,95,93,High School,Male,69
16,83,92,Postgraduate,Female,98
15,78,97,Postgraduate,Male,68
25,91,86,High School,Female,70
21,90,61,Postgraduate,Female,69
12,82,65,High School,Female,64
25,63,89,High School,Male,65
11,97,76,High School,Female,69
22,78,63,High School,Male,67
15,75,83,High School,Female,65
18,85,95,College,Female,70
23,87,68,College,Male,68
23,68,80,High School,Female,65
28,93,79,Postgraduate,Male,74
20,72,56,High School,Male,65
22,67,55,High School,Male,65
17,76,94,High School,Female,68
21,89,97,Postgraduate,Female,68
23,99,95,High School,Female,74
19,92,70,,Female,71
9,98,64,High School,Male,67
22,66,97,High School,Female,64
22,63,94,High School,Male,61
16,82,91,High School,Female,66
12,72,67,High School,Female,61
29,93,82,High School,Male,73
23,87,88,High School,Male,70
19,99,79,Postgraduate,Male,70
13,70,80,College,Female,63
15,79,88,Postgraduate,Male,69
28,80,88,High School,Male,72
21,70,62,,Female,66
17,84,70,High School,Male,68
23,78,89,High School,Male,67
15,78,63,Postgraduate,Female,65
29,75,96,High School,Male,68
28,61,92,College,Female,68
17,81,95,High School,Male,69
16,73,65,College,Male,66
4,60,55,Postgraduate,Male,58
11,72,55,College,Male,60
12,71,78,College,Female,67
21,76,65,High School,Female,65
18,65,63,High School,Male,62
12,80,61,High School,Male,65
18,88,78,College,Male,69
23,85,77,College,Male,70
23,92,71,High School,Male,70
9,78,57,High School,Female,63
19,81,96,Postgraduate,Male,69
12,92,71,High School,Male,64
25,77,56,Postgraduate,Male,69
25,88,52,High School,Male,70
15,77,58,College,Female,64
15,77,65,Postgraduate,Male,65
17,90,82,College,Male,70
6,67,99,College,Male,60
22,74,64,High School,Female,68
18,69,89,High School,Male,61
26,74,96,High School,Female,68
13,69,70,High School,Male,61
16,83,63,High School,Female,64
11,92,75,High School,Female,66
14,91,95,High School,Male,70
13,75,51,High School,Female,65
26,100,74,High School,Female,74
16,84,88,High School,Male,66
21,76,80,College,Male,65
18,93,75,College,Female,69
12,89,78,Postgraduate,Female,69
19,90,81,High School,Female,69
24,68,84,High School,Female,66
13,79,68,High School,Female,63
25,94,76,High School,Female,69
15,80,64,High School,Male,65
17,87,99,High School,Male,67
23,84,59,Postgraduate,Female,66
16,94,58,College,Male,67
20,71,63,College,Male,65
18,83,96,Postgraduate,Female,69
21,65,83,High School,Male,65
6,88,73,College,Male,67
9,89,96,High School,Male,66
24,62,95,College,Female,64
26,87,70,High School,Female,70
15,77,78,High School,Male,65
19,65,95,College,Male,65
22,77,66,College,Male,64
24,68,70,College,Male,64
8,77,90,High School,Male,61
15,75,85,High School,Male,65
18,90,52,High School,Male,68
24,91,56,College,Male,70
35,84,92,High School,Male,74
19,61,51,High School,Female,60
12,97,96,Postgraduate,Female,71
22,87,64,High School,Female,70
28,61,80,Postgraduate,Female,67
21,93,78,High School,Male,68
15,68,70,High School,Female,64
26,83,52,High School,Male,67
24,79,60,Postgraduate,Female,65
14,77,81,College,Female,66
22,96,72,College,Female,72
26,77,71,High School,Female,69
27,63,55,Postgraduate,Female,65
20,98,67,High School,Female,71
18,97,76,High School,Male,72
27,87,54,High School,Female,70
13,79,53,College,Male,63
23,64,75,,Female,66
12,92,78,College,Male,67
26,63,63,Postgraduate,Male,67
18,63,66,College,Female,62
28,81,90,High School,Male,72
23,66,93,High School,Female,69
13,60,66,College,Male,61
29,77,68,High School,Female,67
29,65,92,High School,Female,66
25,66,99,College,Female,68
15,63,66,College,Male,62
18,68,89,College,Male,63
21,89,74,High School,Female,70
16,92,63,College,Male,68
30,78,84,College,Male,71
21,80,73,High School,Female,65
4,61,63,High School,Male,59
22,63,55,High School,Male,64
18,70,93,College,Male,67
20,82,94,High School,Male,68
18,90,54,High School,Female,95
25,84,83,High School,Male,70
27,76,58,College,Female,68
22,65,82,College,Male,65
18,91,95,Postgraduate,Male,70
20,75,63,Postgraduate,Male,67
20,89,67,College,Male,69
15,81,90,Postgraduate,Female,68
23,90,87,High School,Female,72
23,96,70,High School,Male,71
29,97,92,High School,Female,75
28,81,96,High School,Male,70
16,80,73,College,Male,66
25,71,52,High School,Male,67
14,97,75,College,Female,70
24,78,87,High School,Male,71
17,65,61,High School,Female,64
14,77,55,High School,Male,65
22,65,64,High School,Male,64
4,80,51,High School,Male,62
9,82,86,College,Female,64
19,74,57,High School,Female,66
20,63,86,College,Male,64
18,98,62,High School,Female,71
11,91,100,Postgraduate,Male,68
15,94,77,College,Female,70
22,75,52,College,Female,66
23,90,89,College,Female,71
20,79,71,College,Female,68
27,68,80,High School,Male,66
22,65,98,High School,Female,66
16,74,76,College,Male,65
18,66,90,Postgraduate,Male,64
12,100,65,High School,Male,67
19,62,86,College,Male,65
27,78,55,Postgraduate,Male,69
24,78,95,College,Male,69
28,72,60,Postgraduate,Male,69
18,83,65,College,Male,68
28,66,98,High School,Female,67
19,91,58,College,Male,68
29,73,63,Postgraduate,Female,65
20,84,79,College,Male,69
24,89,99,Postgraduate,Male,73
29,96,85,Postgraduate,Male,76
19,93,56,College,Male,69
21,84,87,Postgraduate,Female,69
28,76,71,High School,Female,68
19,80,100,High School,Male,70
12,91,81,High School,Male,64
33,95,77,High School,Female,73
17,64,78,High School,Male,64
21,75,82,High School,Male,65
27,91,87,High School,Female,69
16,77,54,Postgraduate,Male,62
14,73,57,High School,Female,64
22,76,65,High School,Female,64
9,84,74,High School,Male,67
18,100,66,College,Male,69
21,80,61,High School,Male,67
18,68,96,High School,Male,65
11,67,52,College,Female,63
30,62,97,College,Female,66
21,82,95,High School,Male,70
29,82,84,High School,Male,70
18,68,52,College,Male,67
15,88,61,Postgraduate,Male,65
22,90,99,College,Female,70
19,70,95,College,Female,66
13,74,98,High School,Male,66
29,100,100,High School,Male,72
16,75,53,College,Female,64
9,90,79,High School,Male,70
28,78,92,Postgraduate,Female,71
17,92,66,High School,Male,66
16,91,72,Postgraduate,Female,70
9,87,64,High School,Female,64
30,94,52,Postgraduate,Female,70
12,98,54,High School,Female,67
20,83,51,High School,Female,65
25,69,76,High School,Female,68
23,76,81,High School,Female,69
20,90,65,Postgraduate,Female,68
10,86,91,High School,Female,68
15,67,94,Postgraduate,Male,64
